Outlet_Type,Item_MRP,Outlet_Identifier,Outlet_Size,Outlet_Location_Type,Item_Visibility,Item_Frequency,Item_Type,Item_Identifier_Type,Outlet_Status,Calorie_Count_per_givenwt
1,0.4707092935866807,9,1,2,0.035205866,1,6,1,0,6.175
1,0.4578765639075415,7,0,1,0.047473135,1,9,2,1,0.0
1,-0.4826253363993878,8,0,2,0.076121831,0,10,1,0,25.168
1,-1.6035529217191273,7,0,1,0.029845243,1,6,1,1,5.41125
1,0.21837491375831886,8,0,2,0.137227848,1,13,1,0,61.0375
0,1.331937989621029,4,0,2,0.099780431,1,6,1,0,11.18
0,0.47066772232183424,4,0,2,0.014008751,1,4,1,0,8.096000000000002
1,0.779973921727457,2,0,1,0.13283066,1,6,1,1,7.897500000000001
1,-1.612599468507636,8,0,2,0.031338558,0,11,2,0,0.0
3,1.4245076030652677,5,1,0,0.056596985,1,13,1,0,65.55
0,0.4430228311989437,0,0,0,0.100262068,0,0,1,0,28.0
2,-1.2650860789185199,3,1,0,0.079952983,0,10,1,1,11.18975
1,-1.7004139688113609,1,2,0,0.107940533,1,9,2,0,0.0
1,-1.5812515370238074,9,1,2,0.15233365333333335,0,14,0,0,3.1161000000000003
1,1.850872088699293,8,0,2,0.029445361,1,9,2,0,0.0
1,1.7721041351840767,1,2,0,0.14048631,0,7,0,0,39.375
3,-0.5699345859457483,5,1,0,0.013529884,1,6,1,0,10.465000000000002
2,-0.9749666171343365,3,1,0,0.041098734,1,6,1,1,11.505
1,1.4282106434262054,2,0,1,0.114246019,0,8,2,1,0.0
1,-0.7178771241654613,8,0,2,0.047266211,1,13,1,0,81.9375
1,1.8955580006196258,7,0,1,0.063993068,0,1,1,1,36.25
1,0.25409742141983593,1,2,0,0.024342380666666667,1,9,2,0,0.0
1,-1.352353757200034,2,0,1,0.026832182,1,3,1,1,9.88
1,0.7820364960217621,7,0,1,0.032652796,0,8,2,1,0.0
1,0.31683485565233954,8,0,2,0.034874689,1,9,2,0,0.0
1,-0.0344647168274075,1,2,0,0.055793586,1,9,2,0,0.0
3,-0.6752953578042798,5,1,0,0.134418705,1,9,2,0,0.0
1,-1.4641516795305582,7,0,1,0.098083231,1,3,1,1,6.800000000000001
1,1.4367935107221959,1,2,0,0.063121982,1,5,1,0,5.0
1,0.5063486587185048,6,0,1,0.122204371,1,6,1,1,10.790000000000001
2,-0.5145200899054276,3,1,0,0.043133816,1,6,1,1,9.49
0,-1.62593744894414,0,0,0,0.075836522,1,4,0,0,8.786000000000001
1,0.8182226831757967,6,0,1,0.019476708,0,8,2,1,0.0
1,0.8896261272339839,6,0,1,0.121227447,1,13,1,1,99.03750000000001
1,-0.8461276740063701,1,2,0,0.099188598,1,5,1,0,8.0
3,-0.3676296244652901,5,1,0,0.045900448,1,13,1,0,54.625
1,-1.672727506423624,1,2,0,0.1300536815,0,0,1,0,17.22
1,-0.47782865199402796,2,0,1,0.11521312,1,3,1,1,12.56
1,-0.30060075658479113,8,0,2,0.055226755,1,3,1,0,6.248
1,-0.4804380483105438,9,1,2,0.046960237,0,0,1,0,11.732000000000001
2,-0.19784938104277539,3,1,0,0.028980533,0,8,2,1,0.0
2,-1.4539699174327811,3,1,0,0.086184647,1,5,1,1,7.75
1,1.752370575540426,2,0,1,0.072383777,0,7,0,1,20.987499999999997
1,0.05339135474116445,8,0,2,0.162980276,0,7,0,0,19.625
1,-0.932931672795366,8,0,2,0.020715913,0,1,1,0,32.875
1,1.3383335688281757,2,0,1,0.053887301,1,6,1,1,6.565
1,-1.3182717156051502,8,0,2,0.160663021,1,9,2,0,0.0
1,0.5856634342559321,7,0,1,0.014115626,1,5,1,1,5.9
1,-1.4236324874636817,6,0,1,0.099113429,1,13,1,1,69.5875
1,0.051750888674530995,2,0,1,0.039231652,1,13,1,1,85.5
1,1.582085081360547,6,0,1,0.022936488,0,0,1,1,28.349999999999998
1,0.7538447828766601,7,0,1,0.06867619025,1,6,1,1,6.695
0,0.5047913351815647,0,0,0,0.0708009757993644,0,12,1,0,10.944600000000001
1,0.2737894097986398,1,2,0,0.149890395,1,5,1,0,3.9125
0,0.6729311125374462,0,0,0,0.0708009757993644,0,14,0,0,4.2177
0,0.002815114371049611,0,0,0,0.15643727,0,0,1,0,20.79
1,-0.6076780966367235,9,1,2,0.031097948,1,6,1,0,8.125
0,-0.8482733908303679,4,0,2,0.2004264,0,0,1,0,7.594999999999999
3,-1.6765136893142545,5,1,0,0.124041511,1,5,1,0,7.925
1,1.853523056280655,8,0,2,0.02734361,1,13,1,0,45.6
1,0.48981288867842754,2,0,1,0.123346085,0,7,0,1,11.525
1,0.05974536268346412,1,2,0,0.014218971333333335,1,9,2,0,0.0
0,1.7215278948139618,0,0,0,0.058168807,1,4,1,0,8.165000000000001
2,0.41853415841477976,3,1,0,0.08630486,1,13,1,1,42.75
3,-0.6678061345527113,5,1,0,0.053269987799999995,0,0,1,0,8.61
1,0.832107485634512,1,2,0,0.112316501,1,6,1,0,13.325000000000001
0,0.6761289021410193,4,0,2,0.0708009757993644,0,15,1,0,15.93
2,1.2637739064312619,3,1,0,0.026950104,0,0,1,1,21.0
1,-0.9350773896193638,9,1,2,0.037457098,1,3,1,0,4.14
1,0.061891079507462116,7,0,1,0.066311153,1,5,1,1,7.575
0,-0.1339351602361568,0,0,0,0.059834024,1,6,1,0,7.0817499999999995
1,-1.3199121816717834,9,1,2,0.076855207,1,4,0,0,2.8198
1,-1.1123052850286006,9,1,2,0.0781195325,0,7,0,0,27.0
3,1.6624103584127035,5,1,0,0.08279545,1,5,1,0,2.5775
2,-0.7013413541253841,3,1,0,0.039381633,1,13,1,1,83.60000000000001
1,-1.468906792671072,1,2,0,0.017141985,1,4,1,0,3.6501
2,0.5761116367100589,3,1,0,0.010033871,1,9,2,1,0.0
1,-0.2723259009099965,6,0,1,0.032435437,0,14,0,1,4.2126
1,-0.48897934434168794,2,0,1,0.031599715,1,9,2,1,0.0
1,0.3142254593358235,9,1,2,0.108879177,1,13,1,0,98.5625
1,-0.022220380435325315,7,0,1,0.014901061399999999,1,9,2,1,0.0
2,-1.5886991890105295,3,1,0,0.042113173,1,13,1,1,48.42625
3,0.485604597560125,5,1,0,0.104786172,1,13,1,0,74.1
0,-1.7377353712746646,0,0,0,0.0708009757993644,1,9,2,0,0.0
1,-1.4226219859489526,8,0,2,0.174049032,1,4,1,0,5.359
1,0.8709446403699092,6,0,1,0.098765906,1,5,1,1,6.55
1,-1.6152920073538444,2,0,1,0.067676056,1,9,2,1,0.0
1,0.4461790495376703,1,2,0,0.060495243,1,4,1,0,7.705
2,-0.7828018464868091,3,1,0,0.041948307500000004,1,13,1,1,31.70625
1,0.22746303181167446,2,0,1,0.03362713,0,10,1,1,13.299000000000001
2,-0.8254251841128369,3,1,0,0.07808307133333332,1,3,1,1,13.0
1,0.1194097211069341,7,0,1,0.053397989,1,3,1,1,5.32
0,0.7123150892950544,0,0,0,0.049163321,0,1,1,0,14.850000000000001
1,-0.5842830678969816,9,1,2,0.104245198,1,3,1,0,16.0
1,0.5856218629910858,7,0,1,0.044281996,1,6,1,1,8.515
3,1.8706056483429434,5,1,0,0.067373081,0,1,1,0,14.2375
1,1.2739140972641925,1,2,0,0.087646694,1,13,1,0,74.1
1,0.2965960452513242,2,0,1,0.010096684,1,13,1,1,83.60000000000001
1,1.2291450428141668,7,0,1,0.13341564,1,3,1,1,8.8
1,1.2818670000082792,1,2,0,0.018789455,1,6,1,0,13.1625
0,-1.631744634864229,4,0,2,0.080697998,1,5,1,0,3.3175
1,1.417101522343392,7,0,1,0.036957777,0,10,1,1,14.864849999999999
1,1.3313495963339717,6,0,1,0.042552205,1,6,1,1,4.78725
1,-1.612599468507636,7,0,1,0.039723999,1,13,1,1,89.53750000000001
0,-1.1006077706587298,4,0,2,0.058444176,0,14,0,0,8.262
3,-0.02062148563353878,5,1,0,0.036109413,1,6,1,0,6.24
1,-0.18186043302490912,9,1,2,0.019965179,1,5,1,0,7.55
1,-0.7503602709585584,9,1,2,0.121442754,1,13,1,0,95.95
1,-0.3319486880686197,8,0,2,0.127727102,1,4,1,0,4.919700000000001
1,-0.39800862569923606,8,0,2,0.163941937,1,9,2,0,0.0
1,-1.4310801394504038,6,0,1,0.035001282,1,13,1,1,53.9125
1,0.4765580507716163,7,0,1,0.136008489,1,6,1,1,11.05
1,-0.4910834899008392,8,0,2,0.084966021,1,13,1,0,33.4875
1,0.572872275841639,2,0,1,0.070843019,0,7,0,1,24.2375
1,0.6830297321055304,6,0,1,0.066608487,1,6,1,1,4.407
3,0.3551667596303722,5,1,0,0.006665667,1,9,2,0,0.0
0,-1.500296295419747,0,0,0,0.134393836,1,9,2,0,0.0
1,-0.4693289272277303,9,1,2,0.055514919,1,9,2,0,0.0
0,0.26789908134885815,4,0,2,0.054670967,0,12,1,0,21.2058
1,-0.4591471651299532,2,0,1,0.022190488,1,4,1,1,7.682
1,-1.2847364960324774,7,0,1,0.076891526,1,4,0,1,2.8198
1,-1.62114076453878,8,0,2,0.035943717,0,14,0,0,7.2165
1,-1.0478858134646174,1,2,0,0.09261307,1,4,0,0,9.522
1,1.6656081480162763,8,0,2,0.083198341,1,5,1,0,2.5775
1,0.8741424299734822,6,0,1,0.096379585,0,14,0,1,7.8285
1,1.730574441602471,6,0,1,0.015087112,0,10,1,1,14.014000000000001
1,-1.6807635516974035,6,0,1,0.06375108,1,9,2,1,0.0
1,0.12260751071050717,9,1,2,0.053372768,1,3,1,0,5.32
3,-1.6621236360981748,5,1,0,0.04586701,1,5,1,0,3.3175
0,0.31418388807097747,0,0,0,0.083406302,1,9,2,0,0.0
3,0.574512741908272,5,1,0,0.029023048,1,3,1,0,7.756
1,0.3194858232337016,9,1,2,0.041837331,0,0,1,0,7.363999999999999
0,1.7614171223289345,0,0,0,0.030815427,1,5,1,0,6.075
0,-0.3357348709592505,4,0,2,0.072762086,1,6,1,0,8.19
0,1.3478853663740489,0,0,0,0.132596101,1,5,1,0,9.125
1,-0.5241134587161472,2,0,1,0.07051345459990613,1,5,1,1,3.9525
2,-0.174412781038187,3,1,0,0.061434045,1,9,2,1,0.0
1,0.0017214703266276079,2,0,1,0.058676973,1,4,1,1,3.2545
1,0.1523981186573957,1,2,0,0.057373797,0,10,1,0,16.874
1,-0.24573308256668144,1,2,0,0.173973652,0,0,1,0,12.739999999999998
1,1.2823722507656439,2,0,1,0.05587277,0,1,1,1,17.625
1,1.5400501370215762,9,1,2,0.019064377,1,13,1,0,72.2
1,0.41369590274457324,8,0,2,0.080640478,1,9,2,0,0.0
1,0.37864493089980705,6,0,1,0.120474481,1,9,2,1,0.0
1,0.8549972636168893,9,1,2,0.071958197,1,4,1,0,3.9444999999999997
2,1.8934538550604747,3,1,0,0.036057562,1,6,1,1,10.53
1,0.7240541749297716,1,2,0,0.10002967225,1,9,2,0,0.0
1,-0.7892389969588021,8,0,2,0.043238822,0,0,1,0,10.85
1,-1.3762540366971403,6,0,1,0.1575039298,1,4,1,1,2.4495
3,0.45682449112796597,5,1,0,0.13956116,0,12,1,0,10.944600000000001
1,-0.46608956635931054,2,0,1,0.081562686,0,0,1,1,21.84
3,1.0726612085633096,5,1,0,0.015385857,1,5,1,0,6.075
0,-0.6305678746191009,0,0,0,0.02596634275,0,10,1,0,16.874
1,0.7991190880840504,2,0,1,0.076474728,1,5,1,1,6.325
2,-1.32942240795281,3,1,0,0.118661426,0,11,2,1,0.0
1,-1.5642105162263655,1,2,0,0.058346234,1,13,1,0,71.25
0,-0.5187699522885765,4,0,2,0.028382853,0,8,2,0,0.0
1,-0.7535164892972852,2,0,1,0.023585598,1,6,1,1,13.39
1,0.8826837260046263,9,1,2,0.011934645,1,9,2,0,0.0
1,-1.2139214452613478,8,0,2,0.010630949,0,10,1,0,8.8231
3,0.5840229681892992,5,1,0,0.043978369,1,6,1,0,8.515
1,-1.0883218630018012,2,0,1,0.009463757,0,0,1,1,17.22
1,-0.7594068177470671,1,2,0,0.115233813,1,5,1,0,4.5325
3,0.9316610715729546,5,1,0,0.05336162,1,3,1,0,4.324000000000001
1,-0.7780051620814492,1,2,0,0.074177667,1,9,2,0,0.0
1,-0.4368042091697868,8,0,2,0.070780558,0,14,0,0,2.3409
0,-0.1696160966328274,0,0,0,0.10303626683333333,1,6,1,0,3.9715000000000003
1,-1.6620820648333283,9,1,2,0.026643448,0,10,1,0,19.5195
1,0.1289615186528073,2,0,1,0.008326735,1,4,1,1,5.1290000000000004
1,0.09593154983749924,9,1,2,0.146527359,0,12,1,0,35.394000000000005
1,0.9108754391497283,8,0,2,0.020697723,0,1,1,0,31.25
1,0.7788387064181885,7,0,1,0.030556922,0,8,2,1,0.0
0,0.7565373217228687,0,0,0,0.117026714,0,0,1,0,23.38
2,-0.025418170038898385,3,1,0,0.08152738,0,11,2,1,0.0
1,-0.9962575003149272,8,0,2,0.028982682,1,6,1,0,4.394
1,0.05444342752073998,1,2,0,0.159587755,1,6,1,0,8.775
1,0.3722493516926605,2,0,1,0.121178848,1,9,2,1,0.0
2,0.344562889304923,3,1,0,0.083698962,1,9,2,1,0.0
1,-0.6928416293590864,2,0,1,0.034668802,0,8,2,1,0.0
1,0.9002715688242796,8,0,2,0.090562192,1,9,2,0,0.0
1,1.4245076030652677,1,2,0,0.056825065,1,13,1,0,65.55
1,-0.6183651094918654,9,1,2,0.021362955,1,6,1,0,13.552500000000002
1,-0.7609641412840074,6,0,1,0.102704495,1,3,1,1,16.2
1,0.1369975639265869,9,1,2,0.025169703,0,8,2,0,0.0
1,-0.7104294721787392,6,0,1,0.016650191,1,5,1,1,8.1
1,0.23810847340196964,6,0,1,0.086764795,1,13,1,1,50.80125
1,0.17638154068419507,2,0,1,0.015858893,1,13,1,1,88.35000000000001
0,-0.4256950880869733,4,0,2,0.018275994,1,3,1,0,5.140000000000001
1,-1.284231245275113,8,0,2,0.038454076,1,4,1,0,3.1832000000000003
1,1.1722563657665988,2,0,1,0.153011599,1,5,1,1,3.735
1,0.2354575058206076,9,1,2,0.033489979,0,10,1,0,13.299000000000001
0,0.7975201932822639,0,0,0,0.127283051,1,5,1,0,6.325
0,-0.8455808519841591,4,0,2,0.113669629,1,3,1,0,15.76
2,0.18538651620785726,3,1,0,0.02492239,0,14,0,1,9.1035
1,-1.3007254440503437,2,0,1,0.01903743,1,6,1,1,10.205
0,-1.32942240795281,4,0,2,0.014470060000000002,1,13,1,0,64.8375
1,-0.7769946605667202,9,1,2,0.054637635,0,10,1,0,16.159
2,1.7790049651485877,3,1,0,0.018485511,1,5,1,1,6.075
1,-1.57586645933139,2,0,1,0.044472637,1,5,1,1,8.1
2,-0.3085952305937243,3,1,0,0.055451725,1,3,1,1,6.248
0,-0.5523051718612491,4,0,2,0.051643608,1,13,1,0,24.58125
1,0.3333290544275703,2,0,1,0.041851756,0,14,0,1,8.976
1,0.036855584701086734,6,0,1,0.0515529634,1,4,1,1,8.51
2,0.19657877982036392,3,1,0,0.003606726,0,7,0,1,14.7
0,0.9364577559783143,4,0,2,0.093883945,1,3,1,0,4.324000000000001
1,-0.6598948030734711,6,0,1,0.024521191,0,1,1,1,16.375
1,-0.7396732581034166,8,0,2,0.123115764,1,13,1,0,29.948749999999997
1,-0.3074600152844558,6,0,1,0.008644894,1,9,2,1,0.0
1,-1.500296295419747,8,0,2,0.097313129,1,5,1,0,9.5
1,0.1077122067370629,1,2,0,0.038978526,1,13,1,0,85.5
1,-0.3122566996898156,2,0,1,0.036344721,1,6,1,1,13.325000000000001
1,-0.5305506091881401,2,0,1,0.069514712,1,13,1,1,35.55375
1,-0.23134302935060172,8,0,2,0.047801883,1,5,1,0,8.05
1,-0.9339837455749419,7,0,1,0.076002991,1,13,1,1,55.3375
1,-1.4471106587331164,2,0,1,0.056394771,0,12,1,1,25.704
1,0.16089784342369334,7,0,1,0.027114238,0,14,0,1,4.3452
1,-0.8258888636053551,1,2,0,0.12332588,1,13,1,0,31.6825
1,0.1465493614724601,2,0,1,0.174450933,0,10,1,1,12.92005
0,-1.5093428422082555,0,0,0,0.02316823,0,14,0,0,4.998
1,-0.5682941198791153,1,2,0,0.162107603,1,13,1,0,51.5375
2,0.8118686752334966,3,1,0,0.136984147,1,13,1,1,32.7275
1,0.6021992042960095,8,0,2,0.024651269,1,9,2,0,0.0
2,1.1796624464884744,3,1,0,0.026192765,1,13,1,1,46.550000000000004
3,-1.2628987908296758,5,1,0,0.098663652,1,4,1,0,7.176
1,0.4967968611726316,7,0,1,0.031598706,0,0,1,1,17.639999999999997
2,-0.6784931474078532,3,1,0,0.031573246,1,3,1,1,10.920000000000002
1,-0.4474912220249287,9,1,2,0.052493162,1,5,1,0,8.35
3,0.6277399498597489,5,1,0,0.04016342,1,13,1,0,27.47875
1,-0.717835552900615,7,0,1,0.01806055,0,8,2,1,0.0
3,-0.5703982654382665,5,1,0,0.086837543,1,5,1,0,3.3824999999999994
2,-1.6333435296660157,3,1,0,0.012689327,0,8,2,1,0.0
1,1.477776382281591,2,0,1,0.102407778,1,3,1,1,3.692
1,1.3984200354793173,2,0,1,0.085617517,1,13,1,1,50.5875
2,1.909401231813494,3,1,0,0.069902438,0,15,1,1,11.520000000000001
1,-1.6668787492386883,7,0,1,0.075889215,0,8,2,1,0.0
1,0.3695568128464519,9,1,2,0.021757269,0,1,1,0,30.375
1,-0.6683945278397687,1,2,0,0.047059016,0,11,2,0,0.0
2,0.5329830483266663,3,1,0,0.123151947,0,7,0,1,11.525
3,0.7400015516827914,5,1,0,0.025616191,1,13,1,0,35.245
1,-0.5560497834870334,1,2,0,0.023866079,0,14,0,0,4.37325
1,1.0551149370085033,9,1,2,0.010381661,1,9,2,0,0.0
1,-0.6752953578042798,2,0,1,0.184440421,1,6,1,1,5.84025
2,1.0274284746207663,3,1,0,0.123338082,0,15,1,1,6.6915
1,-1.2549043168207428,6,0,1,0.159165324,1,6,1,1,11.2125
0,0.7921766868546928,0,0,0,0.138171603,1,4,1,0,4.968000000000001
0,0.398800598771129,0,0,0,0.020993364,1,9,2,0,0.0
1,-1.0143090226270983,8,0,2,0.092913784,1,4,0,0,9.522
1,0.04169384037129326,8,0,2,0.159720671,1,13,1,0,78.375
1,1.8578144899286502,7,0,1,0.081485126,1,6,1,1,10.887500000000001
2,-0.8131392764559086,3,1,0,0.011419301,1,5,1,1,3.0575
1,0.317423248939397,9,1,2,0.137410256,0,7,0,0,47.125
1,-0.9637743535218302,8,0,2,0.17130175620000002,0,10,1,0,29.1005
1,0.3184337504541261,1,2,0,0.015863075,1,13,1,0,37.73875
1,-1.5055982305824713,1,2,0,0.065576228,1,5,1,0,6.825
1,-1.6557280568910284,7,0,1,0.071992202,0,7,0,1,20.9125
0,1.2110519492371494,4,0,2,0.0708009757993644,1,13,1,0,52.725
1,-0.13713294983973032,2,0,1,0.055671582,0,0,1,1,26.39
1,-1.471010938230223,8,0,2,0.03749705,0,0,1,0,9.52
2,-0.22284330458430407,3,1,0,0.039428167,1,9,2,1,0.0
1,1.5016766617786976,6,0,1,0.011285795,1,9,2,1,0.0
1,1.8258781651577647,1,2,0,0.041789718,1,9,2,0,0.0
1,1.7401678104131906,1,2,0,0.010003987,1,13,1,0,37.54875
1,-0.37246788013549637,2,0,1,0.0931174,0,1,1,1,11.9625
3,-0.39901912721396515,5,1,0,0.008519718,0,8,2,0,0.0
2,0.5830124666745696,3,1,0,0.017979145,0,15,1,1,16.2
1,-0.8881626183453406,1,2,0,0.020698674,0,1,1,0,32.875
0,-0.5789811327342572,4,0,2,0.159394437,0,11,2,0,0.0
1,-0.9621754587200436,2,0,1,0.079376029,1,5,1,1,5.8
0,-0.38782686360145896,0,0,0,0.162462044,0,8,2,0,0.0
1,1.849273193897506,1,2,0,0.0785744454,1,6,1,0,5.232500000000001
2,0.8507058299688938,3,1,0,0.024503972,1,6,1,1,9.1975
3,0.3323185529128413,5,1,0,0.091042211,1,9,2,0,0.0
0,-0.49482810152662354,0,0,0,0.064441812,1,6,1,0,8.0275
1,0.17844411497849968,7,0,1,0.020618957,0,14,0,1,4.4803500000000005
1,-1.6381817853362217,9,1,2,0.134532392,1,3,1,0,6.48
1,-0.17016291865503838,1,2,0,0.048486801,0,0,1,0,7.650999999999999
1,0.032058900295727125,8,0,2,0.038528228,1,13,1,0,79.325
2,0.45846495719459895,3,1,0,0.086281593,1,13,1,1,52.9625
1,-1.523691324159489,6,0,1,0.151925271,0,14,0,1,3.1161000000000003
1,0.8719967131494847,1,2,0,0.0680243,1,6,1,0,10.627500000000001
1,0.15079922385560915,7,0,1,0.07955172099999999,0,0,1,1,8.588999999999999
1,-0.40065959328059836,8,0,2,0.054056927,1,13,1,0,96.66250000000001
1,1.6167139449776415,9,1,2,0.18293775,0,11,2,0,0.0
0,0.7996659101062613,4,0,2,0.019716846,1,3,1,0,6.284000000000001
3,-1.0371988006094757,5,1,0,0.026769592,1,9,2,0,0.0
1,0.6436457553479222,9,1,2,0.175469888,0,8,2,0,0.0
1,-0.31600131131559994,9,1,2,0.005557062,1,5,1,0,3.965
0,-0.695534168205295,0,0,0,0.164724567,0,10,1,0,15.444
1,-0.3814728556591588,8,0,2,0.12152072,1,5,1,0,10.35
3,0.7586830385468667,5,1,0,0.01612717,1,3,1,0,15.76
1,0.15450226421654675,6,0,1,0.046079558,0,8,2,1,0.0
0,0.08743182507120158,0,0,0,0.082551042,1,6,1,0,11.83
1,-1.713205127225654,6,0,1,0.076705948,1,13,1,1,56.050000000000004
2,0.5063902299833513,3,1,0,0.140811559,0,12,1,1,10.944600000000001
0,-0.5667367963421752,0,0,0,0.130657442,0,10,1,0,13.14885
3,-0.3149492385360244,5,1,0,0.05357685,0,0,1,0,20.79
1,-1.428470743133888,6,0,1,0.031261583,1,3,1,1,11.200000000000001
1,-0.8318207633199836,8,0,2,0.064618976,0,15,1,0,11.07
1,-0.838133199997437,2,0,1,0.038167453,1,13,1,1,62.4625
1,-0.14992410825402305,6,0,1,0.033938279,0,11,2,1,0.0
2,0.602157633031163,3,1,0,0.018096488,1,5,1,1,9.875
3,1.1993544348672784,5,1,0,0.068765925,0,1,1,0,39.625
2,-0.32984454250946865,3,1,0,0.036287517,1,6,1,1,13.325000000000001
2,0.3929518415861934,3,1,0,0.030060895,1,13,1,1,84.075
3,-1.3124229584202147,5,1,0,0.111554381,1,13,1,0,49.37625
1,-1.6828676972565546,2,0,1,0.062640143,0,15,1,1,10.935
1,-0.25318073455340334,9,1,2,0.093801337,1,13,1,0,56.050000000000004
1,-0.8541221480153033,1,2,0,0.065153295,1,6,1,0,9.295
1,-1.539680272177355,2,0,1,0.152813518,0,14,0,1,3.1161000000000003
1,0.8220088660664278,8,0,2,0.021860985,1,5,1,0,6.15
1,1.4181535951229676,6,0,1,0.035404052,0,0,1,1,17.71
1,-0.4277992336461246,1,2,0,0.056030907,1,9,2,0,0.0
1,-1.6264426997015047,7,0,1,0.107258822,1,5,1,1,8.625
2,1.7492143572016994,3,1,0,0.093160853,1,9,2,1,0.0
1,0.6388490709425626,9,1,2,0.04710181,0,10,1,0,7.586149999999999
1,-0.8839543272270383,9,1,2,0.026651184,1,13,1,0,72.4375
0,-1.2926893987765644,0,0,0,0.075000682,1,9,2,0,0.0
1,0.684628626907317,1,2,0,0.067446626,0,0,1,0,24.849999999999998
0,0.29394507766996214,4,0,2,0.160178832,1,9,2,0,0.0
1,0.7602819333486531,2,0,1,0.029538509,0,1,1,1,14.850000000000001
1,1.1424241865548639,9,1,2,0.094807042,0,10,1,0,8.80165
3,0.40258678166176,5,1,0,0.010928678,1,13,1,0,49.875
1,0.34557339081965255,1,2,0,0.021705417,0,1,1,0,30.375
3,0.5010467235557802,5,1,0,0.176411579,1,9,2,0,0.0
1,0.5388318055116018,8,0,2,0.10377827,1,6,1,0,9.879999999999999
1,1.558143230598594,2,0,1,0.038744606,1,13,1,1,63.4125
0,-0.3117098776676046,4,0,2,0.126585095,1,5,1,0,6.425
1,1.1125920073431288,9,1,2,0.184454044,1,3,1,0,10.920000000000002
1,-0.7119867957156794,1,2,0,0.121153331,1,13,1,0,95.95
3,-1.0819262837946546,5,1,0,0.009364957,0,0,1,0,17.22
1,0.15770005382012028,9,1,2,0.027101431,0,14,0,0,4.3452
0,-0.5294569651437181,0,0,0,0.1422157,1,13,1,0,33.4875
3,0.38184272050338014,5,1,0,0.039734882,0,14,0,0,9.868500000000001
1,0.3924881620936753,1,2,0,0.037155206,0,14,0,0,8.7975
1,0.22906192661346098,8,0,2,0.058091269,0,10,1,0,25.168
1,1.7252725064397465,9,1,2,0.016047301,1,4,1,0,4.2780000000000005
1,-1.5280243290723303,6,0,1,0.025963795,1,9,2,1,0.0
3,-1.1894327724771838,5,1,0,0.073012871,0,11,2,0,0.0
1,0.8289512672957854,8,0,2,0.082549896,1,4,1,0,4.968000000000001
0,-0.6300210525968899,4,0,2,0.009585169,1,5,1,0,4.445
1,-0.5454043418967379,2,0,1,0.123726711,0,10,1,1,18.0895
1,-1.3757487859397757,2,0,1,0.061521569,0,14,0,1,6.171
1,-0.724819525394819,1,2,0,0.034382602,0,0,1,0,20.02
1,-0.5231029572014182,6,0,1,0.03761584,1,6,1,1,12.155
0,-0.1935579473947803,4,0,2,0.0708009757993644,0,1,1,0,11.587499999999999
1,1.6395621516951724,2,0,1,0.036042939,1,5,1,1,3.4325
1,1.814139079523047,8,0,2,0.020951848,0,8,2,0,0.0
1,-1.4364236458779749,6,0,1,0.0471117,1,5,1,1,4.5975
2,0.7384026568810048,3,1,0,0.012499004,1,6,1,1,12.8375
1,-0.37722299327601,1,2,0,0.124348482,1,5,1,0,9.0
2,0.5835592886967811,3,1,0,0.126199917,1,6,1,1,10.075000000000001
1,-0.9456812599448126,6,0,1,0.109971578,1,6,1,1,8.125
1,-0.9318796000157905,7,0,1,0.12780038,1,5,1,1,7.15
0,-0.7061796097955905,0,0,0,0.01478914,1,5,1,0,4.34
0,1.2445871688098222,4,0,2,0.079931185,1,3,1,0,4.724
1,-1.5029888342659554,6,0,1,0.00721395,0,0,1,1,9.925999999999998
1,-0.5123743730814299,1,2,0,0.083768522,0,7,0,0,15.962499999999999
1,-1.6605247412963882,9,1,2,0.071958197,0,7,0,0,20.9125
1,0.2045316825644506,1,2,0,0.019362306,0,14,0,0,8.262
3,-1.694606782891272,5,1,0,0.142589751,1,9,2,0,0.0
1,0.33972463363471694,6,0,1,0.053765212,1,6,1,1,7.215
1,-0.9052036391427825,1,2,0,0.058226609,1,5,1,0,9.625
1,-0.4166485412984646,1,2,0,0.041330512,1,6,1,0,12.8375
1,-0.5305506091881401,8,0,2,0.140008554,1,3,1,0,5.508
1,0.18058983180249766,2,0,1,0.024961677,0,14,0,1,9.1035
2,-0.7183823749228259,3,1,0,0.121748174,1,13,1,1,95.95
1,0.6399842862518311,2,0,1,0.063689583,1,4,1,1,7.406000000000001
0,0.7719794477185239,0,0,0,0.0708009757993644,1,9,2,0,0.0
1,0.31418388807097747,1,2,0,0.010031539,1,13,1,0,83.60000000000001
2,-0.7604588905266428,3,1,0,0.114581955,1,4,1,1,9.522
1,-0.6736964630024933,6,0,1,0.059341019,1,13,1,1,36.86
0,0.22106745260452784,4,0,2,0.0708009757993644,0,10,1,0,8.3798
0,0.6932114942033075,0,0,0,0.016735879,0,10,1,0,30.3875
1,1.207390480141058,2,0,1,0.01319424,1,9,2,1,0.0
0,0.603798099097796,4,0,2,0.031069203,1,3,1,0,9.28
1,0.3860925828865292,1,2,0,0.06100886,0,2,1,0,27.5275
1,1.1940109284397078,7,0,1,0.021250528,1,3,1,1,12.16
0,-1.3991853859443641,4,0,2,0.198316649,0,0,1,0,19.74
2,-1.5577733657543724,3,1,0,0.048092778,0,8,2,1,0.0
1,0.8932875963300755,6,0,1,0.053611144,1,3,1,1,4.324000000000001
0,0.4525746287448169,4,0,2,0.0708009757993644,1,6,1,0,11.05
1,1.3457396495500513,1,2,0,0.159201868,0,14,0,0,4.79145
1,1.52885787340907,2,0,1,0.019142452,1,13,1,1,72.2
1,-0.6337656642226742,9,1,2,0.025966531,0,10,1,0,16.874
1,-1.2261657816534297,7,0,1,0.013840784,1,5,1,1,7.675
1,1.3462864715722624,8,0,2,0.049621701,0,0,1,0,8.700999999999999
1,0.6633377437267265,6,0,1,0.072141818,1,3,1,1,6.968000000000001
2,0.7485428477139355,3,1,0,0.065901299,1,6,1,1,12.35
1,-0.0025283920565209966,9,1,2,0.103138922,0,0,1,0,12.838
1,1.4021646471051012,8,0,2,0.01742908,1,6,1,0,4.8815
0,-0.693430022646144,4,0,2,0.0708009757993644,0,2,1,0,65.10000000000001
1,0.5420295951151749,7,0,1,0.037657459,1,6,1,1,8.515
1,-0.8392268440418592,1,2,0,0.025740259,0,10,1,0,26.455
3,0.47121454434404525,5,1,0,0.031382044,0,0,1,0,17.639999999999997
0,0.23861372415933418,4,0,2,0.060587738,0,1,1,0,16.375
3,0.6809671578112259,5,1,0,0.043551753,1,13,1,0,62.4625
1,-1.085670895420439,1,2,0,0.01141595,1,13,1,0,50.80125
1,1.1056911773786182,7,0,1,0.016993225,1,6,1,1,4.32575
3,0.7283040373129207,5,1,0,0.044829295,1,13,1,0,79.5625
1,-1.5726686697278167,7,0,1,0.121832956,0,0,1,1,9.401
2,0.012913733939133809,3,1,0,0.05858462,1,4,1,1,3.2545
1,0.4850993468027604,2,0,1,0.10402738,1,9,2,1,0.0
1,1.9482799578137378,9,1,2,0.137023446,1,4,1,0,5.0117
1,1.5421127113158812,7,0,1,0.059611153,0,11,2,1,0.0
3,1.177053050171959,5,1,0,0.084354713,1,3,1,0,12.240000000000002
1,0.256748389001198,7,0,1,0.009958941,1,13,1,1,70.5375
1,0.14444521591330903,2,0,1,0.045675104,0,8,2,1,0.0
1,1.6645976465015473,6,0,1,0.047420609,1,5,1,1,4.8475
1,-1.2927309700414107,6,0,1,0.071439051,1,6,1,1,8.645000000000001
0,-0.2409363981613214,0,0,0,0.0708009757993644,0,0,1,0,12.739999999999998
2,0.9066255767665793,3,1,0,0.054853377,0,8,2,1,0.0
2,-0.8892562623897626,3,1,0,0.09468096,1,6,1,1,11.927500000000002
1,-1.0739318097857216,8,0,2,0.05843345,0,7,0,0,27.0
1,1.144528332114015,9,1,2,0.047565208,1,4,1,0,9.522
1,-1.5722049902352986,7,0,1,0.046079575,1,4,1,1,4.006600000000001
1,1.7550215431217884,1,2,0,0.018395194,1,5,1,0,6.075
2,0.6053554226347361,3,1,0,0.149974858,1,13,1,1,63.4125
1,0.8965269571984951,8,0,2,0.01732573,0,14,0,0,4.2993
0,-0.34154205687933964,4,0,2,0.196490902,1,3,1,0,10.0
1,0.5521282146832596,6,0,1,0.065236932,1,13,1,1,42.75
1,0.7959212984804769,8,0,2,0.043785694,0,7,0,0,23.25
1,0.4754644067271943,1,2,0,0.00799436,1,4,1,0,8.096000000000002
1,0.019350884411126874,2,0,1,0.159936948,1,5,1,1,5.0975
1,1.0966030593252625,7,0,1,0.12829573,1,6,1,1,5.265
1,-0.36607230092835,9,1,2,0.026225693,1,9,2,0,0.0
1,0.1135609639219985,2,0,1,0.026140452,1,5,1,1,7.55
2,1.8316853510778537,3,1,0,0.029565309,1,9,2,1,0.0
2,0.6053554226347361,3,1,0,0.06593557675,1,13,1,1,72.4375
1,0.2460613761460563,9,1,2,0.158715731,0,10,1,0,17.6605
1,-0.9526236611741702,6,0,1,0.014628382,0,0,1,1,11.165
1,-0.33569329969440403,7,0,1,0.016645164,1,5,1,1,9.675
0,-0.507660831205763,4,0,2,0.060154968,1,5,1,0,2.2775
1,-0.8594656544428744,6,0,1,0.062212713,0,0,1,1,29.19
3,1.9467226342767978,5,1,0,0.063554289,0,1,1,0,36.25
1,1.8034936379327517,6,0,1,0.160671255,1,3,1,1,15.76
1,-0.4161017192762536,6,0,1,0.038721734,1,6,1,1,5.320250000000001
1,0.01350212722619128,9,1,2,0.089817198,1,3,1,0,11.280000000000001
1,1.9242965357869384,8,0,2,0.074149074,1,13,1,0,27.455000000000002
1,0.06454204708882419,6,0,1,0.025162022,1,3,1,1,13.76
2,1.8652621419153723,3,1,0,0.078719835,1,6,1,1,5.232500000000001
0,-0.22288487584915054,0,0,0,0.155706798,1,9,2,0,0.0
1,-1.267737046499882,2,0,1,0.049357077,0,14,0,1,7.65
1,0.48669824160454694,6,0,1,0.142383847,0,15,1,1,6.84
1,-0.5177594507738471,7,0,1,0.017073332,0,8,2,1,0.0
1,0.6942219957180371,6,0,1,0.065771344,0,0,1,1,8.449
1,-0.24253529296310816,6,0,1,0.126220187,1,9,2,1,0.0
1,-0.33624012171661505,9,1,2,0.01945343,1,13,1,0,100.9375
1,1.4489962758494317,8,0,2,0.079806266,1,4,1,0,6.118
3,0.09008279265256364,5,1,0,0.138777108,1,5,1,0,6.675
1,1.9461342409897397,6,0,1,0.070026951,1,4,1,1,4.738
1,0.4914533547450606,2,0,1,0.047645037,1,9,2,1,0.0
3,0.9183646624012969,5,1,0,0.072559351,1,5,1,0,6.825
2,-0.944082365143026,3,1,0,0.019277945,1,5,1,1,10.25
0,-1.7020128636131475,4,0,2,0.145200948,1,5,1,0,3.875
1,0.80871245689477,8,0,2,0.081042136,0,10,1,0,21.164
1,1.2238431076514427,6,0,1,0.073906461,1,4,1,1,3.6133
0,-0.6476504666813891,4,0,2,0.077480627,0,10,1,0,7.4217
3,1.7768592483245897,5,1,0,0.03764950342857143,1,6,1,0,10.465000000000002
1,-0.7545685620768608,8,0,2,0.159967845,1,13,1,0,34.98375
1,1.5575548373115364,9,1,2,0.097862839,0,8,2,0,0.0
0,0.36476012844109185,4,0,2,0.021031586,1,3,1,0,13.76
1,0.434523106432646,6,0,1,0.029933275,1,13,1,1,84.075
1,0.9098233663701528,1,2,0,0.045916788,0,0,1,0,6.888
1,0.7182054177448365,9,1,2,0.032227432,1,3,1,0,4.368
1,-1.0920664746275854,1,2,0,0.014679558,1,5,1,0,8.675
1,0.10447284586864337,7,0,1,0.024937792,1,9,2,1,0.0
1,-1.3943887015390044,1,2,0,0.101689151,1,4,1,0,8.855
1,1.8934954263253208,1,2,0,0.067020992,1,13,1,0,71.725
0,0.5957620538240164,4,0,2,0.083547515,1,9,2,0,0.0
1,0.8507058299688938,6,0,1,0.089884775,1,6,1,1,11.83
3,0.08907229113783457,5,1,0,0.138742518,1,13,1,0,80.03750000000001
1,0.22796828256903898,8,0,2,0.1206874708,1,13,1,0,79.5625
1,1.3361878520041781,2,0,1,0.014103354,1,9,2,1,0.0
1,-0.23992589664659233,8,0,2,0.019386234,0,8,2,0,0.0
0,-0.3564373608527839,4,0,2,0.149305497,0,10,1,0,19.8055
1,-0.4325959180514844,2,0,1,0.008609602,0,8,2,1,0.0
1,-1.4885987810498758,8,0,2,0.082266419,0,0,1,0,27.09
1,0.10131662752991677,9,1,2,0.04363058,1,6,1,0,3.8870000000000005
1,0.5920174421982323,9,1,2,0.0441520835,1,6,1,0,8.515
1,1.7225799675935378,9,1,2,0.010027885,1,13,1,0,37.54875
1,0.06508886911103519,9,1,2,0.027991093,1,13,1,0,34.55625
0,-0.7812029516850225,4,0,2,0.129983688,1,9,2,0,0.0
2,-1.238956940067723,3,1,0,0.054851438,0,15,1,1,15.03
1,-0.3426357009237616,2,0,1,0.019533098,1,13,1,1,100.9375
2,0.6676707486395681,3,1,0,0.108330902,1,13,1,1,43.67625
1,-0.013173833646816652,6,0,1,0.09344495,0,0,1,1,20.79
3,0.4818599859343409,5,1,0,0.046544984,1,6,1,0,5.7005
1,0.7325954709609157,9,1,2,0.066724663,1,6,1,0,4.407
0,-0.1866571174302692,0,0,0,0.091195818,0,1,1,0,21.5
1,0.026210143110791534,7,0,1,0.163310805,0,7,0,1,19.625
1,-0.5991368006055794,2,0,1,0.095102092,0,2,1,1,27.6325
2,0.546279457498324,3,1,0,0.036174285,1,5,1,1,5.55
1,0.23225971621703406,9,1,2,0.128405328,0,1,1,0,48.75
0,0.1220191174234497,4,0,2,0.027610698,1,13,1,0,88.35000000000001
1,1.7758487468098607,2,0,1,0.03079807,1,13,1,1,74.575
1,0.5271342911417307,8,0,2,0.097904029,0,14,0,0,8.925
1,0.25510792293456497,6,0,1,0.09264951,1,9,2,1,0.0
1,0.7474492036695135,9,1,2,0.007055292,0,14,0,0,3.11865
3,0.6889200605553125,5,1,0,0.005638944,0,0,1,0,8.379
1,-1.6157972581112092,1,2,0,0.007140468,1,13,1,0,75.2875
1,0.42063830397393087,9,1,2,0.045835395,1,13,1,0,74.1
1,0.1321593082563808,9,1,2,0.021639678,0,8,2,0,0.0
1,-1.5077855186713156,8,0,2,0.007215314,0,0,1,0,9.925999999999998
1,0.21782809173610787,6,0,1,0.023492524,1,13,1,1,26.95625
1,-1.567871985322457,7,0,1,0.011111714,0,1,1,1,26.5
0,0.2503528097940514,0,0,0,0.016635488,1,13,1,0,70.5375
2,1.5389564929771542,3,1,0,0.052161997,0,14,0,1,5.508000000000001
1,-1.2799813828919642,8,0,2,0.03832122,0,0,1,0,10.107999999999999
1,0.6676707486395681,2,0,1,0.108501676,1,13,1,1,43.67625
0,0.5648778018327059,0,0,0,0.077029195,1,13,1,0,97.85000000000001
1,0.11570668074599604,9,1,2,0.15717236,1,13,1,0,73.625
1,1.7225799675935378,8,0,2,0.015089965,0,10,1,0,14.014000000000001
1,-1.4704641162080119,8,0,2,0.041571557,1,5,1,0,9.8
1,1.9136510941966431,1,2,0,0.084262458,0,14,0,0,8.7975
1,-1.3949355235612153,2,0,1,0.0265270025,1,5,1,1,8.3
1,-0.5672420470995397,2,0,1,0.099681254,1,13,1,1,44.62625
1,-0.7594068177470671,2,0,1,0.13727,1,3,1,1,12.68
1,1.7108824532236666,7,0,1,0.0204332,1,13,1,1,35.245
0,-1.5157384214154022,4,0,2,0.0708009757993644,1,5,1,0,6.425
1,1.3138033247791654,2,0,1,0.098170402,0,15,1,1,18.765
1,-0.5422065522931648,1,2,0,0.069401919,0,14,0,0,6.273000000000001
0,-0.6097822421958747,4,0,2,0.014342659,1,3,1,0,13.4
1,0.18488126545049274,6,0,1,0.064048405,1,3,1,1,11.600000000000001
1,0.802275306422777,6,0,1,0.075864171,0,15,1,1,6.0255
3,-0.0030336428138859834,5,1,0,0.030645958,0,14,0,0,7.0635
1,-0.7785935553685066,2,0,1,0.120211747,1,9,2,1,0.0
1,-0.4410956428177821,7,0,1,0.090374342,1,9,2,1,0.0
1,1.1094357890044022,2,0,1,0.015548178,1,5,1,1,6.075
1,-1.217666056887132,2,0,1,0.070699313,1,13,1,1,61.75
1,-0.3574894336323594,6,0,1,0.054046706,1,13,1,1,96.66250000000001
0,0.8443102507617477,4,0,2,0.0218126,0,10,1,0,14.57885
1,1.1025349590398912,7,0,1,0.096407554,1,13,1,1,59.85
1,0.5606695107144037,1,2,0,0.035997543,1,5,1,0,5.55
1,-1.5152331706580378,2,0,1,0.172446822,0,10,1,1,26.598000000000003
1,0.21576551744180325,6,0,1,0.08644044,1,5,1,1,2.94
0,-0.22229648256209283,0,0,0,0.074422769,1,13,1,0,84.78750000000001
3,1.769453167602714,5,1,0,0.073985248,1,13,1,0,45.125
1,0.630390917441111,8,0,2,0.035185588,1,13,1,0,91.2
1,-1.6206355137814155,8,0,2,0.041249072,1,3,1,0,11.600000000000001
2,-0.7742605504556649,3,1,0,0.065215312,0,0,1,1,18.689999999999998
1,-0.03177217798119851,1,2,0,0.016720132,0,10,1,0,25.025
1,-0.5352641510638072,1,2,0,0.14825809,1,6,1,0,7.865
1,0.1821887266042842,1,2,0,0.086384841,1,5,1,0,2.94
0,-0.2968145736941606,4,0,2,0.112249603,0,8,2,0,0.0
3,-0.33834426727576633,5,1,0,0.127108578,1,4,1,0,4.919700000000001
1,0.8549556923520428,2,0,1,0.0173294378,0,14,0,1,4.2993
1,-1.2895331804378374,1,2,0,0.057744249,1,6,1,0,6.9517500000000005
2,0.8220088660664278,3,1,0,0.0711891,1,6,1,1,4.992
1,-0.3239542140596866,7,0,1,0.08198411300000001,0,14,0,1,3.8428500000000003
3,-0.674748535782069,5,1,0,0.027183141,1,6,1,0,6.695
3,1.2866221131487923,5,1,0,0.013956116,1,9,2,0,0.0
1,-1.6770605113364654,7,0,1,0.082178616,0,0,1,1,8.071
1,0.18483969418564627,2,0,1,0.030379382,0,8,2,1,0.0
0,1.7811091107077388,4,0,2,0.061753511,1,3,1,0,11.32
1,-0.2632793541214878,6,0,1,0.042283454,0,7,0,1,23.25
1,0.10451441713348984,1,2,0,0.043526599,1,6,1,0,3.8870000000000005
2,0.4115917571854222,3,1,0,0.012593467,1,9,2,1,0.0
1,0.8693457455681226,7,0,1,0.017360867,0,14,0,1,4.2993
3,1.0503182526031438,5,1,0,0.026216144,1,5,1,0,4.4475
3,0.2503112385292049,5,1,0,0.031073804,0,12,1,0,21.2058
1,1.392612849559228,2,0,1,0.080362549,0,1,1,1,12.5875
1,1.2461860636116087,8,0,2,0.026840766,0,0,1,0,21.0
1,-1.5881523669883184,9,1,2,0.030751366,0,7,0,0,39.25
1,-0.44858486606935066,1,2,0,0.063764099,1,6,1,0,6.370000000000001
3,1.6161671229554304,5,1,0,0.1489737115,1,6,1,0,4.85875
1,-0.6981435645218108,6,0,1,0.039214444,1,13,1,1,83.60000000000001
3,0.10872270825179242,5,1,0,0.145591438,0,12,1,0,35.394000000000005
1,-0.9147970079535023,6,0,1,0.056375879,0,1,1,1,24.5
1,-1.4864946354907247,8,0,2,0.153494979,1,3,1,0,6.272
1,0.47920901835297836,7,0,1,0.165694678,1,6,1,1,8.547500000000001
3,-0.4453870764657774,5,1,0,0.02426524,0,8,2,0,0.0
3,-1.0419954850148354,5,1,0,0.037449987,0,0,1,0,10.423
1,0.5233481082511001,1,2,0,0.017047751,0,0,1,0,7.616
1,-0.8839127559621918,7,0,1,0.052836076,1,3,1,1,7.18
1,-0.893000874015547,6,0,1,0.020565921,1,4,1,1,5.29
1,-1.7190954556754359,2,0,1,0.124410284,1,13,1,1,30.32875
3,1.064708305819223,5,1,0,0.01031535,1,9,2,0,0.0
1,0.8576898024630979,6,0,1,0.159825617,1,5,1,1,8.425
2,-0.7700522593373625,3,1,0,0.147023834,0,1,1,1,44.625
0,-0.9760602611787585,0,0,0,0.11003242719999999,1,6,1,0,8.125
1,-0.8738141363941073,8,0,2,0.0111263,1,13,1,0,48.925000000000004
0,-1.7084084428202941,4,0,2,0.134327613,1,13,1,0,56.050000000000004
3,1.2201400672905047,5,1,0,0.035414528,0,1,1,0,16.775
1,-1.5349251590368416,2,0,1,0.121225455,1,6,1,1,4.134
1,0.04060019632687126,7,0,1,0.02984176,0,14,0,1,6.171
1,0.8533567975502563,8,0,2,0.055390121,1,4,1,0,3.4845
1,-0.6428122110111828,2,0,1,0.047453947,0,0,1,1,13.72
3,-0.7136272617823125,5,1,0,0.034244601,0,0,1,0,20.02
0,0.6457914721719198,0,0,0,0.071440118,0,10,1,0,17.3745
1,1.9009015070471968,7,0,1,0.020989308,0,10,1,1,25.5255
1,1.3462864715722624,7,0,1,0.0793795,1,5,1,1,9.125
1,-1.5844493266273807,8,0,2,0.09646733,1,4,1,0,2.7255000000000003
3,-0.8839543272270383,5,1,0,0.027570939,0,14,0,0,3.2028000000000003
0,1.1057327486434647,4,0,2,0.168455549,1,13,1,0,59.85
1,-0.453339979209864,7,0,1,0.071222087,0,14,0,1,3.7077
1,0.18433444342828173,9,1,2,0.01532563,1,13,1,0,34.74625
3,-0.6609053045882004,5,1,0,0.062724117,1,3,1,0,12.96
1,0.8230193675811568,1,2,0,0.071786706,1,4,1,0,3.9444999999999997
1,0.5505708911463191,9,1,2,0.106492562,1,6,1,0,7.995000000000001
1,1.0476672850217812,2,0,1,0.039261947,0,0,1,1,12.453
1,1.072702779828156,9,1,2,0.026384672,1,5,1,0,4.4475
1,-1.098462053834732,6,0,1,0.008564925,0,10,1,1,23.9525
2,-0.8210921791999952,3,1,0,0.13673129314285715,1,13,1,1,31.6825
1,-1.6717170049088947,7,0,1,0.110254143,1,5,1,1,7.925
2,1.300465344342661,3,1,0,0.023626808,0,10,1,1,18.304
0,-1.3789881468081955,0,0,0,0.19780911,0,11,2,0,0.0
1,-0.33939634005534186,6,0,1,0.034646067,1,9,2,1,0.0
1,0.35731247645436975,9,1,2,0.041681059,0,14,0,0,8.976
1,-0.8423830623805858,9,1,2,0.044995631,1,4,1,0,3.7766000000000006
1,1.7699999896249252,8,0,2,0.092782895,1,9,2,0,0.0
0,-1.530675296653693,0,0,0,0.029377239,0,10,1,0,22.88
0,-0.8402789168214347,4,0,2,0.070017381,0,10,1,0,11.3971
1,0.18058983180249766,7,0,1,0.141542481,1,13,1,1,28.66625
2,1.0828013993962409,3,1,0,0.127968205,1,3,1,1,5.04
1,0.2572536397585625,1,2,0,0.158337479,0,10,1,0,17.6605
1,1.1690585761630257,8,0,2,0.084765192,1,3,1,0,12.240000000000002
1,0.08057256637153691,8,0,2,0.029781363,0,14,0,0,6.171
1,-0.5640858287608129,2,0,1,0.037782943,1,13,1,1,54.625
0,-0.3170533840951757,0,0,0,0.014472516,1,9,2,0,0.0
0,-0.7769946605667202,0,0,0,0.0708009757993644,1,3,1,0,12.68
3,-0.7604588905266428,5,1,0,0.14571827,0,1,1,0,44.625
1,0.6298440954189,7,0,1,0.036746479,1,5,1,1,6.575
2,-1.5706060954335122,3,1,0,0.12023852800000001,0,0,1,1,12.873
1,-0.8397320947992237,9,1,2,0.097367722,1,4,0,0,8.096000000000002
1,-0.6508482562849625,8,0,2,0.068125756,1,3,1,0,13.200000000000001
2,0.946051124789034,3,1,0,0.043333912,1,6,1,1,7.3775
1,-0.6492493614831757,7,0,1,0.052550476,1,13,1,1,83.125
1,-0.5054735431169187,7,0,1,0.111527348,0,11,2,1,0.0
1,-1.7558284648516818,2,0,1,0.042123243,0,14,0,1,4.845
1,0.45947545870932804,1,2,0,0.03315162,1,13,1,0,61.0375
1,0.26789908134885815,7,0,1,0.095351065,0,0,1,1,21.139999999999997
1,0.12046179388650963,6,0,1,0.024882614,1,9,2,1,0.0
1,0.9055735039870038,7,0,1,0.083683243,1,3,1,1,10.4
2,0.22317159816367893,3,1,0,0.171523928,1,4,1,1,8.395
1,0.6452446501497088,9,1,2,0.015749341,1,9,2,0,0.0
1,-0.3186938501618087,8,0,2,0.147100395,0,8,2,0,0.0
1,0.1012750562650703,7,0,1,0.01279973275,0,7,0,1,20.525000000000002
1,-1.4604070679047743,1,2,0,0.055672032,0,0,1,0,16.59
0,0.5281447926564602,0,0,0,0.112036236,1,13,1,0,93.575
1,-0.32929772048725764,6,0,1,0.071971918,1,13,1,1,29.426250000000003
1,-0.843476706425008,8,0,2,0.123428594,1,13,1,0,31.6825
0,0.5797731058061502,0,0,0,0.028164527,0,7,0,0,30.25
3,-0.40167009479532745,5,1,0,0.093217569,1,13,1,0,33.5825
1,0.10447284586864337,1,2,0,0.045380404,0,8,2,0,0.0
1,-0.8770534972625271,6,0,1,0.041283361,1,9,2,1,0.0
2,1.848221121117931,3,1,0,0.06797671,0,1,1,1,14.2375
1,-0.3325370813556772,7,0,1,0.041641933,1,6,1,1,8.19
0,1.3765823302765154,4,0,2,0.13027716,1,9,2,0,0.0
3,0.7432409125512114,5,1,0,0.04765803,1,13,1,0,88.35000000000001
1,0.7373921553662758,9,1,2,0.067607749,0,0,1,0,24.849999999999998
1,1.7656669847120836,8,0,2,0.034306962,1,6,1,0,10.465000000000002
1,-0.2297441345488152,2,0,1,0.175103435,0,0,1,1,12.739999999999998
1,0.24021261896112073,1,2,0,0.049922304,1,4,1,0,3.3511
0,-0.7971918997028887,4,0,2,0.173527068,1,6,1,0,11.927500000000002
3,1.4372571902147144,5,1,0,0.014753811,1,6,1,0,13.227500000000001
1,0.6144019694232448,1,2,0,0.083536989,1,5,1,0,10.375
1,-0.8025354061304596,7,0,1,0.070847865,1,13,1,1,36.29
1,-1.4854425627111492,2,0,1,0.091688111,0,0,1,1,14.552999999999999
3,0.1071653847148519,5,1,0,0.082028694,0,0,1,0,11.528999999999998
1,0.750646993273087,8,0,2,0.044004675,0,14,0,0,2.55
0,0.5787210330265746,0,0,0,0.089498926,1,4,1,0,2.9532000000000003
0,1.278163959647341,0,0,0,0.097865088,1,9,2,0,0.0
1,-1.5498204630102859,1,2,0,0.119852889,1,4,1,0,5.1290000000000004
0,-0.17390753028082245,4,0,2,0.021471456,1,13,1,0,71.9625
2,1.2563262544445397,3,1,0,0.0879312825,1,13,1,1,74.1
2,1.3351357792246026,3,1,0,0.057221177,1,6,1,1,11.18
1,-0.7413137241700498,9,1,2,0.087310672,1,4,1,0,7.4750000000000005
1,0.1353570978599539,9,1,2,0.091348964,1,13,1,0,63.4125
2,0.8374509920620831,3,1,0,0.054816926,1,6,1,1,13.065000000000001
0,-1.4109244715790816,4,0,2,0.024992442,1,9,2,0,0.0
1,-0.4272939828887598,8,0,2,0.028679894,1,9,2,0,0.0
1,-0.8019470128434021,9,1,2,0.081879864,1,6,1,0,8.125
1,-0.3149076672711779,8,0,2,0.07198553,1,13,1,0,29.426250000000003
1,1.5512424006340828,1,2,0,0.059275452,1,9,2,0,0.0
1,-1.2544406373282246,7,0,1,0.070444232,1,13,1,1,61.75
1,0.6553848409826399,6,0,1,0.043755405,1,13,1,1,62.4625
1,-1.2283114984774275,6,0,1,0.079613553,0,10,1,1,11.18975
2,0.8571429804408869,3,1,0,0.168266556,1,9,2,1,0.0
2,-1.2693359413016687,3,1,0,0.013869039,1,5,1,1,7.675
3,1.3334953131579692,5,1,0,0.09261763125,1,5,1,0,9.125
0,-0.7168250513858858,4,0,2,0.029157849,1,5,1,0,8.1
2,0.8687989235459116,3,1,0,0.007309544,0,10,1,1,16.159
1,0.1321593082563808,8,0,2,0.027779254,0,0,1,0,21.21
1,-0.8392268440418592,2,0,1,0.13169655,1,4,1,1,2.668
2,-0.38626954006451863,3,1,0,0.122015744,1,5,1,1,10.35
3,0.8773817908419022,5,1,0,0.087045086,0,1,1,0,44.625
3,0.63464077982426,5,1,0,0.05911748,1,9,2,0,0.0
1,0.46746993271826115,8,0,2,0.047377053,1,9,2,0,0.0
1,-1.741438411635602,6,0,1,0.041878397,0,14,0,1,4.845
3,-0.5331600055046559,5,1,0,0.118783796,0,0,1,0,28.7
2,1.8583197406860152,3,1,0,0.027454997,1,13,1,1,45.6
2,0.5681171627011259,3,1,0,0.082120687,0,1,1,1,39.625
1,1.9424312006288027,6,0,1,0.084316691,0,14,0,1,8.7975
1,1.8311385290556428,6,0,1,0.013634468,1,5,1,1,8.75
1,0.4578765639075415,6,0,1,0.177661246,1,9,2,1,0.0
2,0.5111037718590179,3,1,0,0.060912865,0,2,1,1,37.432500000000005
1,-1.6551812348688173,8,0,2,0.16184901925,0,0,1,0,10.997
1,-1.4694536146932828,2,0,1,0.141406394,0,0,1,1,13.72
1,-1.2294051425218495,9,1,2,0.073012871,0,11,2,0,0.0
1,1.6730558000029985,2,0,1,0.120060274,1,5,1,1,8.5
2,1.318053187162314,3,1,0,0.057292529,1,4,1,1,7.36
1,0.3232720061243326,9,1,2,0.137858955,1,5,1,0,4.4475
1,-0.7237258813503967,7,0,1,0.143713508,0,8,2,1,0.0
1,1.700742262390736,6,0,1,0.034746076,1,4,1,1,8.165000000000001
1,-1.619036618979629,2,0,1,0.01115195,0,1,1,1,26.5
1,-0.6241722954119543,7,0,1,0.008208342,1,3,1,1,13.4
1,-0.49217713394526125,9,1,2,0.031331581,1,6,1,0,6.175
1,0.9087712935905773,2,0,1,0.093913607,1,4,1,1,3.0429000000000004
1,-1.589204439767894,9,1,2,0.020519478,1,9,2,0,0.0
1,0.39884217003597544,1,2,0,0.103935018,0,0,1,0,9.282
1,0.545185813453902,7,0,1,0.125942816,1,6,1,1,10.075000000000001
1,-1.007408192662587,9,1,2,0.074847665,0,1,1,0,19.3
1,0.0038671871506251445,9,1,2,0.05207569233333333,1,9,2,0,0.0
2,0.6569837357844264,3,1,0,0.044202545,0,0,1,1,10.527999999999999
1,-0.8105298801393928,1,2,0,0.070645636,1,13,1,0,36.29
2,0.40523774924312206,3,1,0,0.085622362,1,6,1,1,3.6757500000000003
1,-0.7636566801302159,1,2,0,0.146305498,0,1,1,0,44.625
1,0.13746124341910496,2,0,1,0.132248069,0,0,1,1,16.31
0,1.6044280373207134,0,0,0,0.087604871,0,10,1,0,21.593
1,0.282247563300091,9,1,2,0.117667492,1,13,1,0,43.67625
1,0.20078707093866607,2,0,1,0.117593973,0,8,2,1,0.0
1,-0.5592891443554531,8,0,2,0.013263968,1,3,1,0,11.040000000000001
1,0.8119102464983431,8,0,2,0.023577298,0,14,0,0,8.211
1,-1.2857885688120532,7,0,1,0.143419394,1,5,1,1,4.4525
2,1.1594652073523057,3,1,0,0.15277077,1,5,1,1,3.735
1,0.13266455901374535,1,2,0,0.051804278,1,9,2,0,0.0
1,-1.6030060996969162,1,2,0,0.03961061,1,13,1,0,89.53750000000001
3,-0.9930597107113539,5,1,0,0.10400212,1,3,1,0,7.6000000000000005
2,-0.7530112385399207,3,1,0,0.120022543,1,9,2,1,0.0
1,-1.6620820648333283,7,0,1,0.026608496,0,10,1,1,19.5195
3,0.715554450163474,5,1,0,0.030944666,1,13,1,0,40.99250000000001
1,1.8838604862497548,1,2,0,0.066014596,0,7,0,0,16.425
1,-0.0451101584177027,6,0,1,0.146635206,1,5,1,1,5.0975
1,0.8890377339469264,6,0,1,0.054620504,0,8,2,1,0.0
1,0.4152947975463598,9,1,2,0.005539114,1,6,1,0,7.3775
3,0.6638845657489375,5,1,0,0.115978122,1,13,1,0,84.075
1,0.1029155223317033,1,2,0,0.062205112,1,5,1,0,9.25
1,0.33387587644978134,7,0,1,0.041857101,0,0,1,1,7.363999999999999
3,1.2547273596427528,5,1,0,0.132500853,1,3,1,0,8.8
1,1.59643356331178,8,0,2,0.057058545,1,6,1,0,7.15
1,1.1701106489426012,7,0,1,0.047587685,1,4,1,1,9.522
1,0.5355924446431823,7,0,1,0.036308404,0,8,2,1,0.0
2,1.6688475088846964,3,1,0,0.058339153,1,4,0,1,6.348000000000001
0,0.8385030648416586,0,0,0,0.151420934,0,11,2,0,0.0
1,0.570221308260277,2,0,1,0.024790707,1,9,2,1,0.0
1,-0.5560497834870334,7,0,1,0.085125951,0,0,1,1,13.44
1,-0.7780051620814492,9,1,2,0.041986639,1,13,1,0,31.70625
1,-0.7221685578134567,6,0,1,0.018845298,0,8,2,1,0.0
3,-1.3688479559752647,5,1,0,0.054376275,0,8,2,0,0.0
2,0.3471722856214391,3,1,0,0.021811987,0,1,1,1,30.375
2,1.758260903990208,3,1,0,0.138868769,1,13,1,1,89.53750000000001
0,-1.4497200550496323,4,0,2,0.017192741666666667,1,4,1,0,3.6501
1,0.4882555651414875,7,0,1,0.03324652,1,13,1,1,61.0375
2,-1.5652210177410946,3,1,0,0.042153502,0,10,1,1,9.70255
1,-1.6605247412963882,6,0,1,0.035347676,1,6,1,1,5.3950000000000005
1,-0.4671416391388863,2,0,1,0.100640587,1,5,1,1,9.6
1,-0.7545685620768608,7,0,1,0.160292264,1,13,1,1,34.98375
0,0.5675703406789149,0,0,0,0.060649825,0,8,2,0,0.0
3,0.8602991987796139,5,1,0,0.080346058,0,0,1,0,27.58
1,0.5377381614671799,9,1,2,0.128621941,1,5,1,0,8.1
0,-1.6669203205035348,0,0,0,0.132952286,0,8,2,0,0.0
1,-1.6301457400624422,1,2,0,0.078489577,1,3,1,0,12.68
0,0.8300033400753609,4,0,2,0.053392944,0,8,2,0,0.0
0,0.2928930048903866,0,0,0,0.192540665,0,14,0,0,3.12885
1,-1.395987596340791,8,0,2,0.11326743,0,0,1,0,19.74
1,-0.5799916342489863,2,0,1,0.140342195,1,4,1,1,3.5811
1,-1.5588670097987944,7,0,1,0.152262171,0,14,0,1,3.1161000000000003
1,-1.7217464232567983,1,2,0,0.073349552,0,12,1,0,36.21
2,1.297267554739088,3,1,0,0.009802791,1,13,1,1,55.1
1,0.17478264588240855,6,0,1,0.039238384,1,9,2,1,0.0
1,-1.4870414575129356,9,1,2,0.033103556,0,2,1,0,37.1
2,-1.326771440371448,3,1,0,0.115353642,1,5,1,1,4.5975
1,0.9018288923612197,2,0,1,0.115819014,0,14,0,1,6.018000000000001
0,-0.4910834899008392,4,0,2,0.122896411,1,6,1,0,10.855
1,-0.7865048868477469,1,2,0,0.077129323,0,14,0,0,3.5496
1,1.4293042874706274,6,0,1,0.090896452,1,5,1,1,7.175
1,1.5740906073516139,9,1,2,0.022976493,0,0,1,0,28.349999999999998
3,0.8725851064365422,5,1,0,0.173512202,1,4,1,0,4.6897
2,-0.8317376207902907,3,1,0,0.076175042,1,6,1,1,9.295
1,1.345234398792687,2,0,1,0.023664054,0,10,1,1,18.304
0,-1.4917965706534493,4,0,2,0.061470858,1,9,2,0,0.0
0,-0.7897442477161666,0,0,0,0.171938781,1,3,1,0,16.2
1,0.6900137045997344,7,0,1,0.015756784,1,9,2,1,0.0
1,0.7975201932822639,2,0,1,0.111298111,1,6,1,1,7.215
1,1.1972502893081274,7,0,1,0.026139404,1,13,1,1,46.550000000000004
0,1.0652135565765875,0,0,0,0.0708009757993644,1,3,1,0,5.04
1,0.18542808747270376,9,1,2,0.02128304,0,14,0,0,10.5825
3,0.7426525192641539,5,1,0,0.118872194,0,10,1,0,11.661649999999998
1,1.1834070581142586,2,0,1,0.070968081,1,9,2,1,0.0
1,1.3100587131533807,1,2,0,0.060797393,0,15,1,0,14.4
3,1.614021406131433,5,1,0,0.052085615,0,10,1,0,21.593
0,0.07468223792175485,0,0,0,0.0708009757993644,1,13,1,0,80.03750000000001
1,0.7421888397716359,1,2,0,0.065729039,0,0,1,0,8.449
1,0.4376793247713726,6,0,1,0.00552947,1,6,1,1,7.3775
1,-1.685560236102763,7,0,1,0.012173543,1,6,1,1,4.03975
1,-1.6562748789132393,8,0,2,0.043234574,0,15,1,0,14.265
3,-1.3853005834856489,5,1,0,0.031116081,1,3,1,0,11.200000000000001
3,-0.16751195107367586,5,1,0,0.035574413,1,6,1,0,7.081750000000001
1,-0.3623276893025657,1,2,0,0.127620811,1,4,1,0,4.919700000000001
1,-0.7115231162231612,9,1,2,0.023876985,1,4,0,0,8.625
1,-0.3074600152844558,6,0,1,0.088178053,1,13,1,1,41.11125
3,-0.03816775718834511,5,1,0,0.016653022,0,10,1,0,25.025
3,1.1157897969467023,5,1,0,0.033725743,1,13,1,0,93.8125
1,-1.2522533492393804,6,0,1,0.038446805,1,4,1,1,3.1832000000000003
3,-0.2510765889942523,5,1,0,0.044248175,1,13,1,0,84.78750000000001
1,1.445840057510705,1,2,0,0.021358889,0,2,1,0,28.21
1,-1.6983513945170563,7,0,1,0.161875063,0,0,1,1,10.997
1,1.9136510941966431,7,0,1,0.031801103,1,9,2,1,0.0
3,-0.2596178850253964,5,1,0,0.050692386,1,9,2,0,0.0
1,0.8348000244807204,9,1,2,0.014816356,1,4,1,0,9.315000000000001
1,0.2119793345511727,1,2,0,0.104768536,1,13,1,0,79.5625
1,0.14385682262625155,7,0,1,0.05060313,1,3,1,1,7.2
0,-1.7201475284550116,4,0,2,0.073077197,0,8,2,0,0.0
1,0.5419880238503285,7,0,1,0.096709408,0,10,1,1,28.886
2,1.3984616067441638,3,1,0,0.119374946,1,13,1,1,71.25
1,0.8230609388460033,6,0,1,0.054584207,1,6,1,1,13.065000000000001
1,-0.7961398269233132,6,0,1,0.073269336,0,14,0,1,7.8285
0,0.6096468562827315,4,0,2,0.061082177,1,3,1,0,4.752000000000001
0,-1.2570916049095866,0,0,0,0.133281968,0,10,1,0,11.18975
0,1.3100587131533807,4,0,2,0.0708009757993644,0,8,2,0,0.0
1,-0.5332015767695024,6,0,1,0.183260221,1,4,1,1,8.395
1,0.28868471377208405,6,0,1,0.095140088,0,0,1,1,21.139999999999997
1,-0.9110939675925644,7,0,1,0.152865879,0,8,2,1,0.0
1,0.6665355333302996,2,0,1,0.012063121,1,3,1,1,16.2
1,-1.2852833180546888,2,0,1,0.044151435,1,5,1,1,4.71
1,-0.5172126287516362,7,0,1,0.038578501,1,6,1,1,8.0275
0,-0.34739081406427497,4,0,2,0.074620291,1,4,1,0,7.682
1,-0.29845503976079363,9,1,2,0.042357203,0,7,0,0,23.25
1,-0.7242311321077615,9,1,2,0.018052019,0,8,2,0,0.0
3,0.05974536268346412,5,1,0,0.014153743,1,9,2,0,0.0
2,-0.9062972831872046,3,1,0,0.153177941,0,8,2,1,0.0
3,0.5478783523001105,5,1,0,0.166572501,1,9,2,0,0.0
3,-0.5629921847163909,5,1,0,0.090596378,0,11,2,0,0.0
1,0.005466081952412135,7,0,1,0.052051256,1,9,2,1,0.0
3,1.3574787351847686,5,1,0,0.049381406,0,0,1,0,8.700999999999999
1,-0.4506474403636553,6,0,1,0.11454343,1,3,1,1,12.56
3,-1.353447401244456,5,1,0,0.067543727,1,4,1,0,6.21
0,-0.7018881761475951,0,0,0,0.03777249,1,5,1,0,3.5375
3,0.4829120587139164,5,1,0,0.144338493,1,6,1,0,4.9335
1,0.4233308428201394,8,0,2,0.065520388,0,10,1,0,27.6705
3,-1.631744634864229,5,1,0,0.079046992,0,8,2,0,0.0
1,0.20352118104972108,1,2,0,0.01181025,1,9,2,0,0.0
3,-0.25852424098097443,5,1,0,0.047570401,1,5,1,0,8.05
1,-0.42670558960170235,2,0,1,0.039160306,1,9,2,1,0.0
1,-1.0585312550549129,2,0,1,0.017821466,1,4,0,1,6.141
1,-0.508671332720492,6,0,1,0.049579883,1,5,1,1,6.8
1,-0.00783032721924559,8,0,2,0.081196619,0,11,2,0,0.0
1,-0.34204730763670416,9,1,2,0.164196823,1,9,2,0,0.0
1,0.686227521709104,6,0,1,0.03217132,1,3,1,1,4.368
0,0.8001711608636259,0,0,0,0.148938624,1,9,2,0,0.0
1,-0.2111457902144331,2,0,1,0.037977917,1,13,1,1,47.5
1,1.4740317706558066,6,0,1,0.014822802,1,6,1,1,13.227500000000001
0,-0.40385738288417145,0,0,0,0.147904328,1,6,1,0,5.018
1,-0.6215213278305922,8,0,2,0.014301326,1,9,2,0,0.0
3,-0.20424496024992198,5,1,0,0.054220618,0,1,1,0,21.5
1,1.290366724774577,7,0,1,0.118342285,1,13,1,1,91.91250000000001
1,0.6862690929739504,1,2,0,0.092150005,1,5,1,0,9.175
1,0.571314952304699,7,0,1,0.155694794,1,13,1,1,100.9375
1,-0.7636566801302159,1,2,0,0.116152226,1,6,1,0,5.59975
1,1.0753537474095187,1,2,0,0.071369947,1,13,1,0,41.800000000000004
1,-0.7045807149938039,6,0,1,0.046262201,0,0,1,1,8.61
1,1.2712215584179836,8,0,2,0.11487406,0,0,1,0,16.939999999999998
1,0.1263521223362917,1,2,0,0.107307677,1,13,1,0,48.42625
1,0.16885074616778,7,0,1,0.030269774,0,8,2,1,0.0
1,1.4884218238718863,1,2,0,0.014813268,1,6,1,0,13.227500000000001
1,0.24286358654248325,6,0,1,0.048009081,0,7,0,1,26.25
1,0.8241545828904253,2,0,1,0.083016832,1,4,1,1,4.968000000000001
2,-0.28780959817049817,3,1,0,0.057629899,1,6,1,1,10.5625
2,-0.5076192599409165,3,1,0,0.184041545,1,4,1,1,8.395
1,0.07623956145869491,2,0,1,0.025272781,0,8,2,1,0.0
0,0.7501417425157225,4,0,2,0.032516546,1,3,1,0,11.88
1,-0.37246788013549637,6,0,1,0.072863893,1,13,1,1,46.550000000000004
1,0.034246188384571136,8,0,2,0.015676231,0,11,2,0,0.0
1,0.7954160477231123,9,1,2,0.058918844,1,6,1,0,6.695
1,-0.8908967284563959,1,2,0,0.02758789,1,3,1,0,13.880000000000003
0,-1.4129870458733864,0,0,0,0.116203156,0,10,1,0,18.0895
1,-0.30161125809952044,9,1,2,0.029117482,1,9,2,0,0.0
1,0.5733775265990035,6,0,1,0.077899109,0,0,1,1,27.58
1,-0.403268989597114,6,0,1,0.174340475,1,6,1,1,11.505
0,0.7145023773838984,0,0,0,0.120773451,1,3,1,0,6.968000000000001
1,-1.3677543119308426,8,0,2,0.069088961,0,2,1,0,31.5
3,-0.857361508883723,5,1,0,0.052300844,1,5,1,0,5.25
3,0.7799323504626106,5,1,0,0.023463124,0,14,0,0,8.211
1,0.7038153645287567,2,0,1,0.040744057,1,6,1,1,7.572500000000001
3,0.6948103890050945,5,1,0,0.010864186,1,13,1,0,45.125
1,-0.3000123632977337,6,0,1,0.012651172,1,9,2,1,0.0
2,-1.3352711651377456,3,1,0,0.054863459,0,8,2,1,0.0
1,0.3413235284365035,1,2,0,0.032229348,0,8,2,0,0.0
1,0.5387902342467554,6,0,1,0.096495426,0,10,1,1,28.886
2,0.30728305810646633,3,1,0,0.115500999,0,14,0,1,3.12885
2,-1.3049753064334926,3,1,0,0.143712172,1,5,1,1,4.4525
1,-0.4416008935751466,8,0,2,0.09770445,0,14,0,0,3.12885
1,-1.3294639792176566,7,0,1,0.058234621,1,13,1,1,58.425000000000004
2,0.03210047156057359,3,1,0,0.160371305,1,13,1,1,78.375
3,-0.25902949173833895,5,1,0,0.105324246,0,1,1,0,27.5
1,0.18269397736164875,2,0,1,0.09942299275,1,3,1,1,15.36
1,0.687321165753526,8,0,2,0.127927931,0,14,0,0,4.2177
1,-0.5124159443462764,9,1,2,0.038560279,1,6,1,0,8.0275
1,-1.7100073376220806,9,1,2,0.076839735,1,13,1,0,56.050000000000004
1,0.8491069351671072,6,0,1,0.117339056,0,0,1,1,28.279999999999998
0,-1.5530182526138592,4,0,2,0.106971167,0,10,1,0,22.665499999999998
0,0.13270613027859182,0,0,0,0.110152524,1,5,1,0,8.925
1,-0.8717099908349563,9,1,2,0.053930934,1,6,1,0,3.76025
2,0.4941043223264226,3,1,0,0.145631695,1,6,1,1,4.9335
1,-0.5065671871613407,9,1,2,0.031470832,1,9,2,0,0.0
1,-0.6572022642272626,2,0,1,0.032203667,1,9,2,1,0.0
2,-0.7428710477069899,3,1,0,0.116722514,1,6,1,1,5.59975
1,-1.251748098482016,9,1,2,0.06391182175,0,15,1,0,15.03
1,0.008158620798620673,2,0,1,0.090480206,1,4,1,1,7.36
1,-1.5077855186713156,8,0,2,0.009878459,0,8,2,0,0.0
3,0.7884320752289082,5,1,0,0.070556945,1,6,1,0,4.992
1,1.0966030593252625,7,0,1,0.1140342862,1,9,2,1,0.0
0,-0.7077785045973769,0,0,0,0.05046718,0,0,1,0,11.620000000000001
3,-1.6434837204989463,5,1,0,0.041194986,1,6,1,0,6.825
3,1.2110519492371494,5,1,0,0.073562475,1,4,1,0,3.6133
1,0.4962500391504206,1,2,0,0.135620265,0,7,0,0,41.5
0,1.4904843981661908,0,0,0,0.031860325,1,13,1,0,72.2
1,-0.22768156025451036,6,0,1,0.013990601,0,14,0,1,3.50115
1,0.08907229113783457,8,0,2,0.139417654,1,13,1,0,80.03750000000001
0,-0.7944993608566799,0,0,0,0.156307983,1,6,1,0,4.76125
1,0.8842826208064133,7,0,1,0.090084098,1,6,1,1,11.83
2,0.024652819573851466,3,1,0,0.120770963,0,11,2,1,0.0
1,-0.3085952305937243,9,1,2,0.075311837,1,13,1,0,86.6875
1,1.394716995118379,7,0,1,0.015997687,1,13,1,1,80.75
1,-1.0356414770725353,1,2,0,0.185704641,0,0,1,0,17.29
1,0.5739243486212146,8,0,2,0.040357315,1,6,1,0,7.865
2,0.8853346935859888,3,1,0,0.096790497,0,14,0,1,7.8285
1,-0.23188985137281273,7,0,1,0.034742632,1,9,2,1,0.0
1,-0.23618128502080804,8,0,2,0.026986367,1,9,2,0,0.0
1,1.1530696281451596,7,0,1,0.084937098,1,3,1,1,12.240000000000002
1,-1.649332477683882,1,2,0,0.048718334,1,6,1,0,13.455
1,-0.5486437027651577,8,0,2,0.111301625,0,11,2,0,0.0
0,1.497468370660395,0,0,0,0.126287542,0,7,0,0,22.237499999999997
1,1.9222339614926334,9,1,2,0.048738014,1,5,1,0,4.9475
2,-1.501389939464169,3,1,0,0.03525175,1,9,2,1,0.0
2,1.7822443260170073,3,1,0,0.074648119,1,13,1,1,45.125
1,-0.246238333324046,1,2,0,0.042277867,1,3,1,0,9.72
1,0.8741424299734822,2,0,1,0.101335811,1,6,1,1,10.075000000000001
1,0.4381845755287372,7,0,1,0.077321087,1,5,1,1,5.8
1,-0.6359113810466717,9,1,2,0.079837509,1,6,1,0,10.725
1,0.6149487914454561,8,0,2,0.03050705,0,11,2,0,0.0
1,1.3446875767704758,9,1,2,0.079342006,1,5,1,0,9.125
1,-0.72536634741703,8,0,2,0.008835694,1,5,1,0,4.34
1,-0.749771877671501,9,1,2,0.17550876033333332,0,0,1,0,9.491999999999999
1,0.37435349725181155,1,2,0,0.012002075,1,3,1,0,13.76
1,-0.24998294494983028,2,0,1,0.094185483,1,13,1,1,56.050000000000004
3,0.8443102507617477,5,1,0,0.024286378,1,6,1,0,9.1975
1,1.639056900937808,8,0,2,0.035579135,1,13,1,0,45.6
0,-1.4523710226309947,4,0,2,0.15028599,1,5,1,0,7.75
1,-1.3097719908388525,1,2,0,0.046545786,0,7,0,0,25.25
1,0.8539036195724673,7,0,1,0.117599259,0,0,1,1,28.279999999999998
0,0.44832476636166785,4,0,2,0.102999154,1,6,1,0,9.425
0,0.16354881100505542,4,0,2,0.049754975,1,4,0,0,4.1078
3,1.089702229360752,5,1,0,0.016876708,1,6,1,0,4.32575
0,1.9163436330428523,0,0,0,0.120624771,1,9,2,0,0.0
1,0.8954748844189195,7,0,1,0.10096662933333334,0,0,1,1,27.58
1,-1.5083323406935265,7,0,1,0.150872868,0,14,0,1,7.446
1,-0.21964551498073076,6,0,1,0.136275173,1,13,1,1,30.423750000000002
0,-0.6577075149846271,4,0,2,0.0708009757993644,1,6,1,0,5.84025
2,-0.8519764311913057,3,1,0,0.126292985,1,6,1,1,9.165000000000001
2,-0.014225906426392185,3,1,0,0.030920531,0,14,0,1,7.0635
3,-0.5187699522885765,5,1,0,0.02519494575,0,12,1,0,16.2588
1,0.44512697675809476,2,0,1,0.035350045,1,6,1,1,6.175
3,-1.6301457400624422,5,1,0,0.078174543,1,3,1,0,12.68
2,-0.988263026305994,3,1,0,0.080922439,0,0,1,1,20.09
0,-1.2788877388475421,0,0,0,0.034942397,1,13,1,0,94.28750000000001
2,-1.3177248935829393,3,1,0,0.054599767,1,3,1,1,12.0
1,-1.620047120494358,6,0,1,0.107021498,1,5,1,1,8.625
3,0.284393280124089,5,1,0,0.027214272,1,3,1,0,15.600000000000001
3,0.5761116367100589,5,1,0,0.07204818,0,2,1,0,31.1325
1,1.9216455682055764,8,0,2,0.021849398,1,5,1,0,3.5175
1,-1.2863769620991108,9,1,2,0.088846306,1,6,1,0,5.06025
1,-0.33619855045176855,9,1,2,0.047330801,1,13,1,0,83.60000000000001
3,0.07304177185512184,5,1,0,0.080771137,1,6,1,0,4.563
0,0.5100516990794424,4,0,2,0.044122209,1,13,1,0,74.1
3,1.9301452929718734,5,1,0,0.025702129,1,3,1,0,8.0
1,1.3968627119423767,8,0,2,0.06406438,0,7,0,0,19.7625
2,0.5643725510753413,3,1,0,0.043011277,1,4,1,1,9.522
1,1.4708339810522335,7,0,1,0.096929994,1,6,1,1,12.415000000000001
1,-0.926030842830855,1,2,0,0.094218363,1,6,1,0,11.927500000000002
3,1.8141806507878935,5,1,0,0.018321361,1,5,1,0,6.075
0,-0.6343124862448851,0,0,0,0.133424184,1,6,1,0,10.725
1,0.8698925675903336,8,0,2,0.012458143,0,10,1,0,14.57885
3,0.20078707093866607,5,1,0,0.087421738,1,5,1,0,5.5
1,1.1045975333341957,6,0,1,0.128011859,1,6,1,1,5.265
1,0.6522286226439128,8,0,2,0.015687045,1,9,2,0,0.0
1,-0.5762470226232019,9,1,2,0.105471384,0,0,1,0,15.61
1,-0.24043114740395685,2,0,1,0.08816538,1,6,1,1,4.322500000000001
1,-0.7753541945000869,8,0,2,0.070704474,1,13,1,0,36.29
1,-0.4458923272231419,8,0,2,0.024205661,1,5,1,0,4.195
0,0.1614030941810579,0,0,0,0.186528819,1,13,1,0,38.095
1,-0.24573308256668144,2,0,1,0.04807227,1,5,1,1,8.05
1,0.5808667498505721,2,0,1,0.014166739,1,5,1,1,5.9
0,-1.6722638269311056,4,0,2,0.143592939,0,0,1,0,8.071
1,0.3238188281465436,8,0,2,0.156298858,0,10,1,0,24.595999999999997
0,0.5036561198722959,0,0,0,0.136695145,0,1,1,0,22.75
0,0.09807726666149677,4,0,2,0.018847114,0,7,0,0,20.525000000000002
1,-0.4400019987733601,9,1,2,0.079094835,0,14,0,0,3.12885
1,0.24980598777184038,8,0,2,0.150015234,1,5,1,0,3.9125
1,1.783843220818794,7,0,1,0.073816097,0,0,1,1,21.979999999999997
0,0.7017112189696052,0,0,0,0.0708009757993644,0,15,1,0,15.93
2,1.8237324483337667,3,1,0,0.021037197,0,8,2,1,0.0
1,-0.8977975584209067,6,0,1,0.030688557,1,3,1,1,15.600000000000001
1,-0.9371399639136685,9,1,2,0.025409912,0,0,1,0,21.7
1,1.750266429981275,7,0,1,0.113748685,1,9,2,1,0.0
3,-0.8786523920643137,5,1,0,0.122830885,1,13,1,0,31.682499999999994
1,0.0847808574898395,9,1,2,0.086266286,1,5,1,0,3.65
1,0.43292421163085903,6,0,1,0.065507999,0,10,1,1,27.6705
1,1.7428187779945528,2,0,1,0.093307713,1,9,2,1,0.0
3,0.4866566703397005,5,1,0,0.024776026,0,0,1,0,14.42
1,-1.4092840055124485,2,0,1,0.031444357,1,3,1,1,11.200000000000001
1,0.2961323657588062,7,0,1,0.014609738,1,6,1,1,11.5375
3,-0.27072700610820993,5,1,0,0.024032484,1,6,1,0,13.4875
1,-0.3154960605582354,1,2,0,0.006754117,0,11,2,0,0.0
1,-1.3507548623982473,7,0,1,0.026735372,1,3,1,1,9.88
2,-0.8759598532181051,3,1,0,0.038367194,1,4,1,1,3.8180000000000005
2,-0.6694050293544981,3,1,0,0.061122656,0,0,1,1,23.38
1,-1.598292557821249,8,0,2,0.109911272,1,4,0,0,4.0365
1,-0.28776802690565173,1,2,0,0.030918873,1,6,1,0,4.9075
1,0.8613512715591894,9,1,2,0.098938169,1,5,1,0,6.55
2,-0.44639757798050644,3,1,0,0.112681821,0,7,0,1,25.4875
1,-0.18615186667290465,6,0,1,0.016104504,0,8,2,1,0.0
1,-0.3027049021439424,1,2,0,0.009613854,1,4,1,0,5.0117
1,0.7847706061328171,7,0,1,0.09663635500000001,0,7,0,1,23.75
1,-0.6795867914522752,6,0,1,0.047178116,0,0,1,1,13.72
1,0.7645317957318017,2,0,1,0.042102658,0,8,2,1,0.0
1,-0.9712220055085523,1,2,0,0.008027701,1,5,1,0,4.55
1,-0.6566970134698978,7,0,1,0.144924795,1,13,1,1,34.2475
2,-1.669571288084897,3,1,0,0.012198395,1,6,1,1,4.03975
1,-0.5555029614648224,6,0,1,0.007551665,1,13,1,1,98.5625
1,0.06134425748525111,8,0,2,0.025872153,1,6,1,0,12.415000000000001
1,-0.5789395614694107,8,0,2,0.023951149,1,9,2,0,0.0
1,0.48985445994327403,9,1,2,0.028320655,1,3,1,0,6.904000000000001
0,0.8262171571847299,0,0,0,0.032606181,0,8,2,0,0.0
2,1.7763539975672253,3,1,0,0.030645736333333336,0,15,1,1,11.565
1,0.6484840110181288,6,0,1,0.041283361,0,15,1,1,12.6
1,-0.34524509724027747,7,0,1,0.046217345,1,13,1,1,54.625
1,-1.2038228256932635,2,0,1,0.029727657,0,0,1,1,9.394
0,-1.5710697749260303,4,0,2,0.072221801,1,3,1,0,11.600000000000001
0,-0.6263180122359521,0,0,0,0.0708009757993644,0,0,1,0,20.299999999999997
1,-1.4157211559844414,9,1,2,0.075675438,0,7,0,0,14.950000000000001
3,0.7352464385422782,5,1,0,0.099428487,1,9,2,0,0.0
1,-1.266096580433249,2,0,1,0.049058014,0,1,1,1,31.5
1,-0.8945581975524872,7,0,1,0.064143995,1,5,1,1,4.5975
2,-0.714132512539677,3,1,0,0.076369874,1,6,1,1,8.32
0,0.19232891743721486,4,0,2,0.040520754,0,11,2,0,0.0
1,-0.756755850165705,8,0,2,0.121254236,1,13,1,0,95.95
1,-1.6435252917637928,7,0,1,0.105323859,1,4,0,1,4.0917
1,0.4818599859343409,2,0,1,0.059063036,0,0,1,1,16.31
0,1.5905848061268446,4,0,2,0.078764059,1,4,1,0,7.176
1,-1.446522265446059,2,0,1,0.017253305,1,4,1,1,3.6501
3,-0.38626954006451863,5,1,0,0.053795154,1,13,1,0,96.66250000000001
0,1.4122632666731856,0,0,0,0.035780177,0,2,1,0,28.21
3,0.1049780966260079,5,1,0,0.172629683,0,10,1,0,12.92005
0,0.5552844330219862,0,0,0,0.046161923,1,9,2,0,0.0
0,-0.6949457749182375,4,0,2,0.152632413,1,4,1,0,7.4750000000000005
1,-1.321974755966088,9,1,2,0.026722744,1,3,1,0,9.88
1,0.315235960850553,1,2,0,0.019459164,0,11,2,0,0.0
1,0.4094876116262711,7,0,1,0.075731322,1,4,1,1,6.026
1,-0.5310558599455049,7,0,1,0.085138334,1,13,1,1,33.4875
0,-0.4804380483105438,4,0,2,0.076851759,0,1,1,0,37.00000000000001
3,-1.6046049944987029,5,1,0,0.133673087,1,3,1,0,6.48
2,-0.6614105553455649,3,1,0,0.046459438,0,0,1,1,8.61
1,1.8913081382364767,1,2,0,0.080573371,1,5,1,0,6.825
1,0.6133498966436691,7,0,1,0.149669322,1,13,1,1,63.4125
1,1.228681363321649,7,0,1,0.025041738,1,6,1,1,6.825
1,0.3908892672918888,2,0,1,0.061405051,0,2,1,1,27.5275
2,-1.5269306850279083,3,1,0,0.169139066,1,5,1,1,6.425
1,0.7804376012199751,7,0,1,0.014823358,1,4,1,1,9.315000000000001
1,-0.2600815645179145,6,0,1,0.061165512,0,10,1,1,7.3645000000000005
1,0.8555440856391003,1,2,0,0.117537563,1,13,1,0,64.6
1,0.429726422027286,9,1,2,0.086088353,1,13,1,0,42.75
1,-1.2575552844021047,7,0,1,0.007363189,1,5,1,1,3.1825
1,-0.9153854012405598,9,1,2,0.08924267866666667,0,0,1,0,18.9
2,1.4804273498629532,3,1,0,0.097127867,1,6,1,1,12.415000000000001
1,0.29394507766996214,6,0,1,0.012272797,1,6,1,1,11.8625
0,-0.6316199473986764,4,0,2,0.0708009757993644,1,6,1,0,5.97675
2,1.8918549602586878,3,1,0,0.048860587,1,5,1,1,4.9475
0,1.5980324581135668,0,0,0,0.0708009757993644,0,14,0,0,5.151
1,0.42753913393844195,7,0,1,0.058946687,1,6,1,1,9.425
2,0.283846458101878,3,1,0,0.063146492,0,14,0,1,6.4515
2,0.43927821957315916,3,1,0,0.027729547,1,3,1,1,12.56
0,-1.2644976856314623,4,0,2,0.164391573,1,6,1,0,9.815
1,-0.40911774678204954,7,0,1,0.075322658,1,4,1,1,2.645
1,-0.4442518611565089,1,2,0,0.047197936,0,11,2,0,0.0
1,-0.9105887168351999,7,0,1,0.020611526,1,4,1,1,5.29
1,-1.58545982814211,9,1,2,0.011106465,0,1,1,0,26.5
2,-1.6813103737196144,3,1,0,0.046277956,1,5,1,1,3.3175
1,-0.857361508883723,8,0,2,0.10262190800000001,1,13,1,0,72.9125
1,-1.7079031920629295,2,0,1,0.045522854,0,0,1,1,13.72
2,-1.438527791437126,3,1,0,0.154120252,1,3,1,1,6.272
1,-1.557268114997008,2,0,1,0.077290355,1,6,1,1,10.4
1,0.8230193675811568,2,0,1,0.087963415,0,1,1,1,44.625
1,1.4309447535372608,8,0,2,0.035410748,0,0,1,0,17.71
1,0.36316123363930536,9,1,2,0.006708517,1,9,2,0,0.0
1,1.357437163919922,9,1,2,0.022460102,1,6,1,0,13.065000000000001
2,1.5485498617878743,3,1,0,0.038524686,1,13,1,1,63.4125
1,0.1358623486173184,2,0,1,0.061446997,0,14,0,1,5.508000000000001
3,-1.6423900764545245,5,1,0,0.112349962,0,14,0,0,7.752
1,-0.7279757437335456,6,0,1,0.10821852,1,4,1,1,3.105
1,0.19767242386478592,7,0,1,0.049074897,1,6,1,1,10.5625
1,0.35146371926943415,9,1,2,0.105042025,1,13,1,0,83.60000000000001
1,0.5947515523092873,9,1,2,0.115857223,1,13,1,0,39.472500000000004
1,-1.2927309700414107,1,2,0,0.0713931,1,6,1,0,8.645000000000001
1,0.4371740740140081,2,0,1,0.026329989,1,6,1,1,12.5775
1,0.6149487914454561,2,0,1,0.040587146,1,13,1,1,27.47875
1,0.9146200507755123,8,0,2,0.045955031,0,0,1,0,6.888
2,-1.3916961626927955,3,1,0,0.136328794,1,5,1,1,7.0
3,-1.6365828905344353,5,1,0,0.0311868,0,11,2,0,0.0
1,0.7911246140751172,7,0,1,0.076198809,1,5,1,1,6.325
1,0.3664005945077249,6,0,1,0.019471688,0,11,2,1,0.0
3,1.5261653345628614,5,1,0,0.057762301,1,6,1,0,12.5775
1,-0.4134091804300449,8,0,2,0.076855628,1,9,2,0,0.0
3,0.4722666171236212,5,1,0,0.07802465,1,13,1,0,40.4225
1,-0.5884913590152839,7,0,1,0.062827447,1,5,1,1,6.3
1,-0.6614936978752579,9,1,2,0.144856342,1,13,1,0,34.2475
0,0.40999286238363564,4,0,2,0.04506213,1,6,1,0,10.5625
1,-1.021798245878667,1,2,0,0.05193741,1,6,1,0,5.018
1,-1.0691766966452083,8,0,2,0.07494003,1,4,1,0,6.026
3,0.7145023773838984,5,1,0,0.071806046,1,3,1,0,6.968000000000001
2,-1.6243385541423534,3,1,0,0.045492697,1,4,0,1,8.786000000000001
1,0.9247602416084435,8,0,2,0.062343432,0,0,1,0,17.5
1,-0.7556622061212828,2,0,1,0.061409711,0,14,0,1,3.8913
3,0.35731247645436975,5,1,0,0.049842613,1,6,1,0,7.7025
1,1.4505951706512181,2,0,1,0.080257683,1,4,1,1,6.118
1,-0.3937587633160872,6,0,1,0.042610897,1,4,1,1,7.682
1,-0.25103501772940584,9,1,2,0.057485328,1,6,1,0,10.5625
1,0.3322769816479948,2,0,1,0.042008667,0,0,1,1,7.363999999999999
2,0.12790944587323175,3,1,0,0.103693024,0,0,1,1,7.888999999999999
1,-0.39215986851430046,8,0,2,0.020870744,1,4,1,0,6.026
1,-0.42939812844791114,9,1,2,0.034624104,0,7,0,0,34.625
0,-0.6752537865394335,0,0,0,0.0708009757993644,1,4,0,0,5.4510000000000005
1,-0.5980847278260039,8,0,2,0.018024769,0,10,1,0,28.171
1,0.03050157675878706,2,0,1,0.160624116,1,13,1,1,78.375
3,0.026756965133002533,5,1,0,0.029578726,1,4,1,0,6.44
0,1.9951531578229145,0,0,0,0.008762556,1,4,1,0,9.131
1,-1.7010023620984185,7,0,1,0.081492092,0,11,2,1,0.0
1,0.5515813926610486,6,0,1,0.0226994,1,4,0,1,2.7738
1,-1.420476269124955,6,0,1,0.1540292196,1,5,1,1,7.0
1,-0.364431834861717,8,0,2,0.0380556498,1,9,2,0,0.0
1,0.6777277969428058,7,0,1,0.113559058,0,14,0,1,6.018000000000001
1,1.326047661171247,1,2,0,0.128176489,0,0,1,0,13.573
1,-0.6811441149892155,2,0,1,0.037793818,0,8,2,1,0.0
1,1.696492400007587,1,2,0,0.020374875,1,13,1,0,35.245
1,0.20398486054223958,1,2,0,0.156657549,0,8,2,0,0.0
1,0.22746303181167446,6,0,1,0.128181759,0,1,1,1,48.75
1,0.0028566856358960796,7,0,1,0.046903482,1,3,1,1,13.680000000000001
3,-1.266096580433249,5,1,0,0.032024659,0,10,1,0,19.0905
1,-1.6477335828820951,6,0,1,0.110010191,1,5,1,1,7.925
0,0.3637080556615163,4,0,2,0.084245356,0,8,2,0,0.0
1,1.5181708605539284,6,0,1,0.038519399,1,13,1,1,63.4125
1,1.4569907498583647,1,2,0,0.079739853,1,4,1,0,6.118
1,-1.7355896544506668,6,0,1,0.108010006,1,9,2,1,0.0
1,1.7678542728009277,7,0,1,0.138585859,1,13,1,1,89.53750000000001
1,0.32487090092611914,6,0,1,0.076841095,1,13,1,1,88.35000000000001
2,1.4128100886953965,3,1,0,0.015976249,0,1,1,1,34.125
1,-1.0106475535310069,2,0,1,0.050353695,1,3,1,1,8.24
1,-1.0681246238656323,7,0,1,0.017821466,1,4,0,1,6.141
1,1.90565662018771,6,0,1,0.031730739,1,9,2,1,0.0
3,-0.6875396941963619,5,1,0,0.097937252,0,10,1,0,15.444000000000003
1,0.2694979761506447,7,0,1,0.092854963,1,9,2,1,0.0
0,0.5122389871682869,0,0,0,0.0708009757993644,0,7,0,0,41.5
1,-0.19305269663741578,8,0,2,0.041227831,1,9,2,0,0.0
1,-1.2644976856314623,1,2,0,0.020858779,1,13,1,0,94.28750000000001
1,-0.6247606886990118,1,2,0,0.024520854,0,10,1,0,8.050899999999999
2,-0.4426945376195686,3,1,0,0.030693756,1,6,1,1,6.695
1,-0.41181028562825833,7,0,1,0.034640466,0,7,0,1,34.625
1,-1.0809157822799256,7,0,1,0.07148393983333333,1,6,1,1,8.97
1,0.016153094807553805,9,1,2,0.036341539,1,6,1,0,6.24
3,-0.8578251883762411,5,1,0,0.0204702,1,4,1,0,5.29
3,-1.0367351211169573,5,1,0,0.051366901,0,0,1,0,12.873
1,0.579309426313632,1,2,0,0.128315409,1,5,1,0,8.1
0,0.14335157186888703,4,0,2,0.014497036,1,4,1,0,5.1290000000000004
3,-0.44319978837693313,5,1,0,0.066828857,1,9,2,0,0.0
0,0.27109687095243123,0,0,0,0.047784475,1,9,2,0,0.0
3,0.6314014189558405,5,1,0,0.043810028,0,0,1,0,10.527999999999999
1,1.152522806122948,8,0,2,0.047491371,1,4,1,0,9.522
1,-0.36392658410435225,2,0,1,0.026010729,0,15,1,1,10.935
1,-0.7487613761567719,7,0,1,0.121500143,1,13,1,1,95.95
1,0.07043237553860625,9,1,2,0.045534457,1,4,1,0,8.51
0,0.07198969907554631,4,0,2,0.188038372,1,13,1,0,48.42625
1,-0.8594656544428744,8,0,2,0.062224479,0,0,1,0,29.19
1,-1.4401682575037589,9,1,2,0.069532901,0,10,1,0,18.0895
1,-1.6818571957418256,2,0,1,0.043479126,0,15,1,1,14.265
1,-0.7477093033771961,8,0,2,0.076060037,1,6,1,0,8.32
3,0.7836353908235486,5,1,0,0.021922812,1,5,1,0,6.15
2,0.8576482311982514,3,1,0,0.055154296,0,0,1,1,22.049999999999997
3,0.8773402195770558,5,1,0,0.055121892,1,4,1,0,3.4845
3,1.1424241865548639,5,1,0,0.094201477,0,10,1,0,8.80165
3,-1.443871297864697,5,1,0,0.031946638,1,3,1,0,8.08
0,-0.36123404525814373,4,0,2,0.057969482,1,9,2,0,0.0
1,0.7559489284358112,8,0,2,0.052054819,0,8,2,0,0.0
1,0.5765753162025771,9,1,2,0.065999008,1,13,1,0,72.4375
1,0.548930425079686,7,0,1,0.081953387,0,1,1,1,39.625
0,0.7176585957226255,0,0,0,0.129889831,1,6,1,0,6.30175
1,1.6549627064259813,1,2,0,0.056387854,0,0,1,0,15.82
2,-0.9616286366978326,3,1,0,0.058975504,0,8,2,1,0.0
0,0.31637117615982147,0,0,0,0.12163321,1,9,2,0,0.0
1,0.5196450678901621,6,0,1,0.044814962,1,13,1,1,52.725
1,-1.371498923556627,9,1,2,0.038578846,1,4,1,0,5.336
1,-1.6456294373229439,9,1,2,0.029785889,1,13,1,0,79.5625
1,0.8353052752380851,2,0,1,0.113045883,1,6,1,1,13.325000000000001
1,-0.695534168205295,9,1,2,0.037639672,0,8,2,0,0.0
3,-1.5205766770856082,5,1,0,0.08186804,0,0,1,0,27.09
1,0.6735195058245037,8,0,2,0.102055777,1,3,1,0,13.36
1,-0.9632691027644656,6,0,1,0.015856295,0,0,1,1,12.873
1,0.1561427302831802,1,2,0,0.0277770424,0,8,2,0,0.0
1,0.1220191174234497,8,0,2,0.054455495,1,5,1,0,10.05
0,-0.4081072452673205,4,0,2,0.078758649,1,6,1,0,6.62675
1,-0.5719971602400531,6,0,1,0.024536636,0,10,1,1,8.050899999999999
1,-1.4635632862435008,1,2,0,0.171245426,1,6,1,0,9.5225
0,-1.266096580433249,4,0,2,0.036551446,1,13,1,0,94.28750000000001
1,1.675789910114054,8,0,2,0.049719026,1,6,1,0,7.0200000000000005
1,-1.668477644040475,8,0,2,0.070247589,0,7,0,0,20.025
3,-1.5055982305824713,5,1,0,0.015950066,0,1,1,0,44.0
1,0.06563569113324619,6,0,1,0.024650932,1,9,2,1,0.0
1,0.9034693584278527,2,0,1,0.081193712,0,0,1,1,27.58
1,-0.032865822025620516,8,0,2,0.089677773,1,3,1,0,11.280000000000001
3,-1.5418259890013526,5,1,0,0.10080442,0,0,1,0,12.873
1,1.4558971058139427,7,0,1,0.0856882676,0,7,0,1,22.237499999999997
1,-0.6470620733943316,8,0,2,0.054939029,0,8,2,0,0.0
3,0.26045142936213606,5,1,0,0.043443753,1,6,1,0,8.84
3,0.4994478287539937,5,1,0,0.034286109,0,14,0,0,4.0647
1,0.10451441713348984,7,0,1,0.039090105,1,13,1,1,85.5
2,0.31902214374118354,3,1,0,0.137755834,0,7,0,1,47.125
3,0.22956717737082552,5,1,0,0.104348025,1,13,1,0,79.5625
3,-1.5993446306008245,5,1,0,0.030554947,0,7,0,0,39.25
2,0.7016696477047591,3,1,0,0.048883854,0,15,1,1,8.55
1,0.864043810405398,9,1,2,0.022093019,0,10,1,0,13.584999999999999
3,1.11949283730764,5,1,0,0.034141213,1,9,2,0,0.0
3,1.1440230813566503,5,1,0,0.011180843,1,13,1,0,84.78750000000001
2,-0.3229437125449575,3,1,0,0.105104552,1,5,1,1,9.35
1,-0.6992372085662328,6,0,1,0.034404732,0,0,1,1,20.02
1,0.5366860886876044,9,1,2,0.036083537,1,5,1,0,5.55
1,0.49200017676727154,9,1,2,0.165616415,1,6,1,0,8.547500000000001
3,-1.545023778604926,5,1,0,0.119371835,1,4,1,0,5.1290000000000004
0,-0.6055323798127259,0,0,0,0.038460297,1,9,2,0,0.0
1,-1.6733158997106814,7,0,1,0.07871426,1,3,1,1,12.68
1,-0.4139144311874094,9,1,2,0.024243294,1,5,1,0,4.195
1,-1.5194414617763399,7,0,1,0.028180789,1,6,1,1,13.0
1,-0.507660831205763,9,1,2,0.122657336,1,6,1,0,10.205
1,-0.8286229737164102,6,0,1,0.064938448,0,0,1,1,18.689999999999998
1,0.8741424299734822,7,0,1,0.055502454,1,4,1,1,3.4845
2,-0.41021139082647157,3,1,0,0.024482644,0,8,2,1,0.0
1,1.1722563657665988,8,0,2,0.034307348,1,9,2,0,0.0
1,-0.3138555944916024,1,2,0,0.008639333,1,9,2,0,0.0
3,-1.054828214693975,5,1,0,0.186156444,0,0,1,0,17.29
1,1.1530696281451596,8,0,2,0.056830682,1,13,1,0,32.60875
1,-0.7780467333462957,1,2,0,0.12301331,1,13,1,0,29.948749999999997
1,0.6133498966436691,8,0,2,0.045203854,1,5,1,0,7.85
1,0.28064866849830444,7,0,1,0.142827296,0,1,1,1,26.25
3,0.42118512599614183,5,1,0,0.025612348,1,6,1,0,10.5625
1,0.7320486489387047,6,0,1,0.099893424,1,9,2,1,0.0
1,1.1307266721849931,6,0,1,0.030504756,1,4,1,1,9.476
1,0.6532806954234883,8,0,2,0.107891398,1,13,1,0,43.67625
1,-0.3767177425186454,9,1,2,0.073493831,0,8,2,0,0.0
2,0.6122562525992472,3,1,0,0.034112833,1,3,1,1,9.600000000000001
1,-1.726543107662158,7,0,1,0.073559521,0,12,1,1,36.21
1,-0.3122982709546621,8,0,2,0.122571209,1,4,1,0,6.578
3,0.33972463363471694,5,1,0,0.037340835,1,5,1,0,7.0
2,0.19817767462215047,3,1,0,0.062239081,1,4,0,1,6.67
1,0.718710668502201,1,2,0,0.045009952,1,13,1,0,79.5625
1,-1.4987389718828068,2,0,1,0.086320509,1,5,1,1,7.75
1,-0.4815732636198123,6,0,1,0.112203445,0,7,0,1,25.4875
1,-0.7913431425179531,8,0,2,0.035064318,1,4,0,0,7.9350000000000005
1,0.03900130152508472,2,0,1,0.035773394,0,0,1,1,11.640999999999998
1,0.4877503143841225,1,2,0,0.077100381,1,5,1,0,5.8
3,-1.557814937019219,5,1,0,0.060800116,0,10,1,0,22.665499999999998
0,1.3430886819686894,4,0,2,0.00978492,0,15,1,0,17.28
0,0.7841822128457596,4,0,2,0.09246392,1,13,1,0,89.0625
1,1.5890274825899044,1,2,0,0.018797945,0,8,2,0,0.0
1,0.693716744960672,6,0,1,0.03595391,1,13,1,1,64.8375
0,-0.2579774189587634,0,0,0,0.063081713,1,13,1,0,74.1
0,-1.7467819180631732,0,0,0,0.066657791,1,5,1,0,6.825
1,-1.6796699076529813,9,1,2,0.07585337,0,8,2,0,0.0
3,-0.41504964649667786,5,1,0,0.087936752,1,6,1,0,5.018
2,-0.40911774678204954,3,1,0,0.030281543,0,0,1,1,14.552999999999999
3,0.8842410495415669,5,1,0,0.01520491,1,13,1,0,86.6875
1,-0.6896854110203596,1,2,0,0.05930285,1,13,1,0,36.86
0,-0.3154960605582354,0,0,0,0.040421193,1,6,1,0,13.4875
0,-1.274091054442182,0,0,0,0.157154813,1,6,1,0,9.815
1,0.8991779247798571,9,1,2,0.033813351,0,10,1,0,17.6605
1,0.7107161944932678,7,0,1,0.074778547,1,6,1,1,5.6875
1,0.33917781161250593,8,0,2,0.012012071,1,3,1,0,13.76
1,0.5904185473964453,8,0,2,0.083606565,1,5,1,0,10.375
1,-0.0515057376248493,8,0,2,0.146662938,1,5,1,0,5.0975
1,0.7900725412955417,1,2,0,0.039811272,1,6,1,0,5.437250000000001
1,-1.3070794519926439,6,0,1,0.067859568,1,4,1,1,6.21
3,-0.769000186557787,5,1,0,0.135836915,1,3,1,0,12.68
1,-0.9147970079535023,8,0,2,0.056386541,0,1,1,0,24.5
3,1.8035352091975982,5,1,0,0.03046847,0,15,1,0,11.565
1,-0.7806561296628115,8,0,2,0.041474232,1,5,1,0,8.675
3,0.051750888674530995,5,1,0,0.061955439,1,5,1,0,9.25
2,1.207390480141058,3,1,0,0.070856383,1,9,2,1,0.0
1,-0.4757245064348769,8,0,2,0.164679597,1,4,1,0,3.7030000000000003
1,-0.44378818166399087,6,0,1,0.031938828,1,3,1,1,6.1240000000000006
1,-0.33624012171661505,2,0,1,0.083473583,0,0,1,1,28.84
0,0.8049262740041395,0,0,0,0.062606583,1,5,1,0,10.425
3,-0.8195764269279016,5,1,0,0.098629062,1,6,1,0,11.927500000000002
1,0.282247563300091,1,2,0,0.035227697,1,6,1,0,9.6525
0,0.06992712478124172,0,0,0,0.11257344000000001,1,6,1,0,9.815
1,-0.6023761614739991,1,2,0,0.110197977,1,9,2,0,0.0
1,1.5996313529153532,1,2,0,0.057011062,1,6,1,0,7.15
1,0.3860925828865292,9,1,2,0.01545846,1,9,2,0,0.0
1,-0.18509979389332912,9,1,2,0.0358031,1,6,1,0,7.0817499999999995
1,-1.2959287596449838,7,0,1,0.071597469,1,6,1,1,8.645000000000001
2,0.8661479559645491,3,1,0,0.017396308,0,14,0,1,4.2993
1,-1.053734570649553,8,0,2,0.064207277,1,6,1,0,8.97
3,-0.3260999308836844,5,1,0,0.070912843,1,5,1,0,5.25
1,0.8454454660710161,6,0,1,0.041994624,1,5,1,1,5.75
1,-0.8339249088791346,7,0,1,0.124301968,1,3,1,1,15.36
1,1.8695120042985214,9,1,2,0.067181098,1,13,1,0,71.725
3,1.7204758220343863,5,1,0,0.015944801,1,4,1,0,4.2780000000000005
1,1.467089369426449,9,1,2,0.060794097,0,0,1,0,28.49
3,0.7549384269210822,5,1,0,0.093463546,1,5,1,0,9.6
1,-1.2788461675826956,6,0,1,0.030083482,1,3,1,1,10.4
1,1.0631094110174364,1,2,0,0.01035692,1,9,2,0,0.0
3,0.8294149467883034,5,1,0,0.064362554,1,6,1,0,7.0817499999999995
1,-1.4151743339622305,8,0,2,0.057313443,1,13,1,0,75.2875
0,0.8113218532112856,4,0,2,0.086326707,1,13,1,0,99.75
3,1.2020054024486408,5,1,0,0.02110482,1,3,1,0,12.16
2,1.122185376153849,3,1,0,0.034027909,1,13,1,1,93.8125
1,-0.005726181660094522,6,0,1,0.120258245,0,11,2,1,0.0
1,-0.6731496409802824,9,1,2,0.079419755,0,0,1,0,28.979999999999997
0,-0.8684706299665366,0,0,0,0.15783357,1,6,1,0,11.927500000000002
1,1.8759075835056676,2,0,1,0.013714183,1,5,1,1,8.75
1,-1.6403275021602195,1,2,0,0.048233614,0,0,1,0,15.12
1,-0.13767977186194133,1,2,0,0.020960615,0,8,2,0,0.0
1,0.42707545444592393,6,0,1,0.084436394,0,15,1,1,6.6915
2,0.313637066048766,3,1,0,0.026001976,1,5,1,1,6.925
1,1.324954017126825,9,1,2,0.159582185,0,14,0,0,4.79145
1,-1.3273598336585055,8,0,2,0.143129124,1,5,1,0,4.4525
3,0.057135966366948523,5,1,0,0.106538757,1,6,1,0,3.549
1,0.8395135663563876,9,1,2,0.10096662933333334,0,0,1,0,27.58
1,-0.2979082177385826,2,0,1,0.123264522,1,4,1,1,6.578
1,0.17423582386019754,8,0,2,0.051847425,1,9,2,0,0.0
1,-0.5687993706364798,2,0,1,0.110913601,1,9,2,1,0.0
1,0.4584233859297525,1,2,0,0.105208448,1,13,1,0,74.1
3,-0.739714829368263,5,1,0,0.039031927,1,13,1,0,83.60000000000001
0,-0.5656015810329066,4,0,2,0.037345714,1,6,1,0,13.552500000000002
0,-0.900448526002269,0,0,0,0.075943184,0,14,0,0,2.9223000000000003
1,-0.5661899743199642,1,2,0,0.042175992,1,9,2,0,0.0
1,1.3670721039954887,1,2,0,0.049580407,0,0,1,0,8.700999999999999
1,-1.6456294373229439,9,1,2,0.032819637,1,9,2,0,0.0
1,-0.4650790648445815,1,2,0,0.075107656,1,4,1,0,2.645
0,0.9007768195816441,0,0,0,0.113953562,1,6,1,0,10.627500000000001
1,1.8316853510778537,6,0,1,0.07838564,1,6,1,1,5.232500000000001
1,-1.33901577676353,1,2,0,0.082333019,1,5,1,0,4.09
1,0.09062961467477465,9,1,2,0.020600553,1,13,1,0,57.475
1,-1.3438540324337362,9,1,2,0.06794849133333333,1,4,1,0,6.21
1,0.8778870415992668,2,0,1,0.042861968,1,5,1,1,2.595
1,0.687321165753526,7,0,1,0.005677876,0,0,1,1,8.379
1,-0.5784343107120462,2,0,1,0.152261999,1,3,1,1,5.6000000000000005
1,0.5761116367100589,6,0,1,0.05695045,1,6,1,1,3.7277500000000003
1,-0.7732500489409359,9,1,2,0.123307177,1,13,1,0,29.948749999999997
1,1.8008010990865428,2,0,1,0.077756427,1,6,1,1,3.7830000000000004
1,-0.7652140036671562,6,0,1,0.099090261,1,6,1,1,11.927500000000002
0,-1.6338903516882268,0,0,0,0.165694219,1,5,1,0,6.425
3,0.6075011394587341,5,1,0,0.082152451,1,3,1,0,15.600000000000001
1,0.5841061107189921,7,0,1,0.128682722,1,5,1,1,8.1
1,-0.8727620636145318,1,2,0,0.044888397,1,4,1,0,3.7766000000000006
1,-1.4555688122345678,2,0,1,0.172357491,1,6,1,1,9.5225
1,-1.1000609486365185,7,0,1,0.014721579,1,5,1,1,8.675
2,-1.3693947779974756,3,1,0,0.096806008,1,9,2,1,0.0
2,0.5116921651460754,3,1,0,0.014921093,0,15,1,1,10.35
1,-0.4959217455710455,7,0,1,0.022110425,1,4,1,1,7.682
1,-1.751578602468533,1,2,0,0.07665661,1,13,1,0,56.050000000000004
2,0.35575515291742965,3,1,0,0.058663727,1,6,1,1,7.897500000000001
1,-0.6161778214030211,9,1,2,0.122065518,0,10,1,0,25.310999999999996
2,-0.2771225853153565,3,1,0,0.035292855,1,9,2,1,0.0
1,0.22641095903209846,9,1,2,0.075845634,1,9,2,0,0.0
2,1.66724861408291,3,1,0,0.044843161,1,9,2,1,0.0
1,-0.6507651137552695,1,2,0,0.027292686,1,6,1,0,6.695
1,1.2397904844044625,8,0,2,0.033931155,1,5,1,0,3.3475
3,-1.1096543174472384,5,1,0,0.008525061,0,10,1,0,23.9525
1,-0.5438054470949514,8,0,2,0.12342207300000001,0,10,1,0,18.0895
3,-0.7354649669851142,5,1,0,0.02439015,0,1,1,0,26.5
1,0.9045214312074282,7,0,1,0.033287541,1,6,1,1,8.352500000000001
1,1.1908547101009808,7,0,1,0.070297175,1,4,1,1,7.682
3,-0.5736376263066861,5,1,0,0.147663025,1,6,1,0,7.865
1,1.4660372966468735,9,1,2,0.09688421,1,6,1,0,12.415000000000001
1,-1.6972161792077878,2,0,1,0.077154417,1,13,1,1,56.050000000000004
1,-0.8988080599356361,1,2,0,0.10550944,1,6,1,0,4.2835
2,-0.46827685444815476,3,1,0,0.090558833,1,9,2,1,0.0
0,-1.2405558348695094,0,0,0,0.091437584,0,15,1,0,15.03
1,0.07943735106226844,6,0,1,0.08114883,1,6,1,1,4.563
1,0.05288610398379946,7,0,1,0.026424424,0,0,1,1,14.7
1,-0.8141913492354841,6,0,1,0.074601506,1,13,1,1,72.9125
1,1.2605761168276883,2,0,1,0.058799705,1,9,2,1,0.0
1,-0.5688409419013263,2,0,1,0.027032204,1,5,1,1,5.4475
2,-1.2741326257070285,3,1,0,0.16216286,1,6,1,1,13.715000000000002
1,-1.1022066654605163,6,0,1,0.036346224,1,5,1,1,10.25
0,-0.6375102758484584,0,0,0,0.044024163,1,6,1,0,10.075000000000001
1,0.5350871938858174,8,0,2,0.093454899,1,6,1,0,4.1762500000000005
1,1.6060685033873463,6,0,1,0.0596885,0,11,2,1,0.0
1,-1.6333435296660157,9,1,2,0.110202066,1,5,1,0,7.925
1,0.6617388489249395,2,0,1,0.15821584733333333,0,14,0,1,4.2177
1,-0.9829195198784232,9,1,2,0.025961116,1,13,1,0,64.8375
0,-1.1112532122490248,4,0,2,0.014998914,0,10,1,0,23.9525
1,0.7149660568764165,1,2,0,0.041831008,0,8,2,0,0.0
2,-0.1696160966328274,3,1,0,0.103340142,1,6,1,1,3.9715000000000003
1,-1.3805870416099824,2,0,1,0.012823829,1,13,1,1,64.8375
1,-1.3518485064426693,1,2,0,0.0580999174,1,13,1,0,58.425000000000004
1,0.47870376759561384,8,0,2,0.035151215,1,6,1,0,6.175
1,1.1637150697354548,1,2,0,0.04745185,1,4,1,0,9.522
1,-0.60927699143851,2,0,1,0.052740763,1,13,1,1,83.125
1,0.5697160575029124,8,0,2,0.066935459,1,13,1,0,93.575
1,1.3484321883962598,8,0,2,0.009763021,1,13,1,0,55.1
1,0.30623098532689036,7,0,1,0.021049215,1,13,1,1,44.10375
1,-1.4742502990986428,8,0,2,0.033052168,0,2,1,0,37.1
1,-0.8605177272224499,9,1,2,0.027653795,1,3,1,0,13.880000000000003
1,0.01771041834449387,9,1,2,0.058437653,1,4,1,0,3.2545
1,-0.010522866065454127,6,0,1,0.026563851,1,3,1,1,13.600000000000001
3,-1.315073926001577,5,1,0,0.044591774,1,9,2,0,0.0
1,-0.029668032422047446,6,0,1,0.089660816,1,3,1,1,11.280000000000001
1,1.758807726012419,1,2,0,0.092705683,1,9,2,0,0.0
1,0.32541772294833016,2,0,1,0.035456465,1,6,1,1,9.6525
1,0.24980598777184038,2,0,1,0.034800079,0,1,1,1,16.375
0,-0.6992787798310793,0,0,0,0.132590283,0,1,1,0,16.1
1,1.0551149370085033,7,0,1,0.026397141,1,5,1,1,4.4475
1,0.4818599859343409,6,0,1,0.033172957,1,13,1,1,61.0375
1,-0.9382751792229371,6,0,1,0.037391881,1,3,1,1,4.14
1,-0.24838405014804352,6,0,1,0.171050595,1,13,1,1,54.625
1,1.2594824727832663,8,0,2,0.018805105,1,6,1,0,13.1625
1,1.1913599608583452,7,0,1,0.075932152,1,6,1,1,9.815
3,-1.7403863388560266,5,1,0,0.0514111,0,1,1,0,25.4875
1,-0.5411960507784356,9,1,2,0.026830586,1,13,1,0,34.7225
3,1.1668712880741814,5,1,0,0.025960174,1,13,1,0,46.550000000000004
3,1.9344367266198694,5,1,0,0.118099673,1,9,2,0,0.0
0,-0.4496369388489262,0,0,0,0.057585723,0,7,0,0,20.65
1,-1.3326201975563836,1,2,0,0.061124626,0,2,1,0,27.6325
1,-0.39262354800681876,6,0,1,0.063805139,1,6,1,1,6.370000000000001
1,-1.1894327724771838,1,2,0,0.029535852,0,0,1,0,9.394
1,-0.9510247663723836,9,1,2,0.049942926,1,4,0,0,3.2292
3,-0.66414466545662,5,1,0,0.009658953125,1,3,1,0,13.4
1,-0.838133199997437,6,0,1,0.044489064,1,4,1,1,9.131
1,0.08002574434932591,6,0,1,0.175047104,0,14,0,1,2.8840500000000002
1,-1.6935131388468498,6,0,1,0.045258247,0,0,1,1,13.72
1,0.8560493363964649,6,0,1,0.022054553,0,10,1,1,13.584999999999999
3,0.749636491758358,5,1,0,0.028871235,1,13,1,0,31.3975
2,0.7554436776784467,3,1,0,0.119937231,0,10,1,1,11.661649999999998
1,-1.3518485064426693,2,0,1,0.036241797,0,10,1,1,26.9555
1,1.562898343739107,6,0,1,0.017627888,0,15,1,1,9.175500000000001
1,0.07577588196617685,9,1,2,0.035627489,0,0,1,0,11.640999999999998
1,-0.9015005987818445,1,2,0,0.152429537,0,8,2,0,0.0
3,-0.9259892715660087,5,1,0,0.03976832,0,11,2,0,0.0
1,0.751193815295298,6,0,1,0.129309277,1,9,2,1,0.0
1,1.1062379994008291,6,0,1,0.022970468,1,13,1,1,32.22875
1,0.04430323668780886,2,0,1,0.066551268,1,5,1,1,7.575
1,-0.3372921944961908,2,0,1,0.016705436,1,5,1,1,9.675
0,-0.3276988256854709,0,0,0,0.043828293,1,9,2,0,0.0
1,-0.5805800275360438,7,0,1,0.091221855,0,11,2,1,0.0
1,-1.6546344128466064,9,1,2,0.01404119,1,5,1,0,7.675
0,1.6070790049020753,4,0,2,0.062294473,1,13,1,0,45.6
2,0.578762604291421,3,1,0,0.022796178,1,4,0,1,2.7738
1,1.6023238917615619,7,0,1,0.097909084,0,8,2,1,0.0
1,-1.1144510018525982,2,0,1,0.01469548175,1,5,1,1,8.675
1,0.2934813981774441,8,0,2,0.113939434,0,8,2,0,0.0
0,0.8842826208064133,0,0,0,0.173237171,1,13,1,0,71.725
1,0.6463382941941308,2,0,1,0.088305201,1,4,1,1,8.142
1,0.9140732287533014,7,0,1,0.053730029,1,3,1,1,4.324000000000001
3,-0.4757245064348769,5,1,0,0.032750291,1,13,1,0,40.99250000000001
1,0.4680583260053186,1,2,0,0.027594064,1,3,1,0,12.56
1,0.287044247705451,9,1,2,0.017814518,1,5,1,0,3.5725
2,-1.682909268521401,3,1,0,0.079755214,0,8,2,1,0.0
1,0.5228428574937356,2,0,1,0.031327839,1,9,2,1,0.0
3,0.8789391143788423,5,1,0,0.100277876,1,6,1,0,10.075000000000001
1,0.03744397798814466,7,0,1,0.026622757,1,3,1,1,13.600000000000001
1,0.665483460550724,1,2,0,0.169667145,1,3,1,0,16.56
1,-0.739168007346052,1,2,0,0.108148913,1,4,1,0,3.105
1,-0.35702575413984133,1,2,0,0.082935004,0,0,1,0,28.84
3,0.07842684954753938,5,1,0,0.045243613,1,4,1,0,8.51
0,-1.6131878617946933,4,0,2,0.116793684,1,13,1,0,36.31375
0,0.03849605076772019,0,0,0,0.035016091,0,7,0,0,36.75
2,0.4823652366917054,3,1,0,0.03322326,0,10,1,1,27.6705
1,-0.8461276740063701,6,0,1,0.065195229,1,6,1,1,9.295
0,-0.9190884416014976,0,0,0,0.0708009757993644,0,8,2,0,0.0
1,1.8135922575008359,7,0,1,0.077475884,1,6,1,1,3.7830000000000004
1,0.11515985872378504,7,0,1,0.08259502,0,0,1,1,11.528999999999998
3,-0.7088305773769528,5,1,0,0.037962696,1,4,1,0,6.141
1,-1.3890451951114335,1,2,0,0.133382115,0,0,1,0,6.832
1,-1.5636636942041544,7,0,1,0.16313542133333334,0,8,2,1,0.0
1,-0.466677959646368,1,2,0,0.052368061,1,5,1,0,8.35
1,1.7704636691174438,7,0,1,0.026195131,1,13,1,1,83.125
0,0.8182226831757967,4,0,2,0.133347119,1,4,1,0,9.315000000000001
0,1.3345473859375452,4,0,2,0.0708009757993644,0,14,0,0,4.79145
0,-0.6540044746236893,0,0,0,0.0708009757993644,1,6,1,0,5.97675
1,0.15719480306275574,2,0,1,0.039467795,1,9,2,1,0.0
0,-0.8157902440372709,0,0,0,0.020596458999999998,1,6,1,0,13.325000000000001
1,0.6569837357844264,9,1,2,0.044091657,0,0,1,0,10.527999999999999
1,0.49890100673178267,7,0,1,0.145335007,1,6,1,1,4.9335
1,-0.6896854110203596,7,0,1,0.031508924,1,3,1,1,10.920000000000002
1,0.6468435449514958,1,2,0,0.010907967,1,13,1,0,45.125
1,-1.6621236360981748,8,0,2,0.071846495,0,7,0,0,20.9125
1,0.03900130152508472,9,1,2,0.029827665,0,14,0,0,6.171
1,-0.6492077902183294,8,0,2,0.04709821,0,11,2,0,0.0
3,-1.3699416000196867,5,1,0,0.026552056,1,3,1,0,9.88
1,0.34561496208449854,2,0,1,0.01596609,1,13,1,1,37.73875
1,0.8385030648416586,7,0,1,0.090649107,0,11,2,1,0.0
2,-1.3991853859443641,3,1,0,0.102188428,1,4,1,1,8.855
1,0.6510934073346444,8,0,2,0.116542484,1,13,1,0,84.075
1,-0.46608956635931054,7,0,1,0.124967595,1,9,2,1,0.0
1,1.9088544097912832,1,2,0,0.019495051,1,4,1,0,6.831
3,-1.5296232238741172,5,1,0,0.041370245,1,5,1,0,9.8
1,-0.4447986831787199,8,0,2,0.1275969894,0,7,0,0,25.4875
0,1.523514366981499,0,0,0,0.054610829,1,5,1,0,3.75
1,-1.6567801296706042,2,0,1,0.045950475,1,13,1,1,47.975
1,0.35575515291742965,9,1,2,0.058516562,1,6,1,0,7.897500000000001
1,-0.18989647829868872,2,0,1,0.012332667,1,13,1,1,71.9625
1,-0.3122982709546621,8,0,2,0.052209303,0,8,2,0,0.0
3,0.3493180024454366,5,1,0,0.015359722,1,9,2,0,0.0
2,-0.7018881761475951,3,1,0,0.025639005,1,5,1,1,3.5375
1,0.2556131736919295,2,0,1,0.022924552,1,6,1,1,8.547500000000001
1,0.8906782000135595,9,1,2,0.077628053,1,9,2,0,0.0
1,0.08961911316004557,8,0,2,0.17563701733333334,0,14,0,0,2.8840500000000002
0,-1.5450653498697724,4,0,2,0.170382726,1,5,1,0,9.5
1,-0.62522436819153,9,1,2,0.047260402,0,0,1,0,13.72
3,-1.701507612855783,5,1,0,0.030208465,0,8,2,0,0.0
1,-0.5507062770594625,1,2,0,0.10399676,1,3,1,0,16.0
0,-0.6885917669759376,4,0,2,0.081014461,0,0,1,0,8.61
1,0.08053099510669044,7,0,1,0.187939003,1,3,1,1,6.684000000000001
1,-1.0569323602531262,6,0,1,0.064195136,1,6,1,1,8.97
1,0.8417008544452316,6,0,1,0.090448534,0,11,2,1,0.0
1,-0.7280173149983921,9,1,2,0.016679232,1,5,1,0,8.1
3,-1.3778529314989272,5,1,0,0.12790067433333333,1,6,1,0,3.9845
2,1.4702871590300226,3,1,0,0.075757177,0,7,0,1,22.237499999999997
1,-1.4369704679001858,7,0,1,0.014622625,0,14,0,1,9.536999999999999
1,-1.3220163272309344,1,2,0,0.121531501,0,0,1,0,22.189999999999998
1,-0.717835552900615,6,0,1,0.115307979,1,5,1,1,4.5325
1,-0.4044042049063827,6,0,1,0.033102681,1,9,2,1,0.0
1,-0.5417013015358001,6,0,1,0.01326146,1,3,1,1,11.040000000000001
2,-1.7419852336578132,3,1,0,0.083268523,1,5,1,1,3.875
1,-0.27872148011714304,9,1,2,0.006770252,0,11,2,0,0.0
1,-0.33624012171661505,8,0,2,0.019423232,1,13,1,0,100.9375
0,1.6608530348757633,0,0,0,0.097251621,1,4,0,0,6.348000000000001
1,-1.5290348305870598,8,0,2,0.101294945,0,0,1,0,12.873
3,0.2338170397539741,5,1,0,0.03443677,0,1,1,0,16.375
1,1.3292454507748206,1,2,0,0.057012606,1,4,1,0,7.36
2,-1.457209278301201,3,1,0,0.04731256,1,5,1,1,4.5975
3,-0.8552157920597255,5,1,0,0.042758477,1,6,1,0,6.045000000000001
2,0.8358105259954496,3,1,0,0.064939211,1,6,1,1,7.0817499999999995
1,1.6746962660696316,8,0,2,0.058935522,1,9,2,0,0.0
2,-0.11849303424050155,3,1,0,0.096491904,0,10,1,1,21.593
1,-0.5736376263066861,7,0,1,0.013393537,0,11,2,1,0.0
0,-0.5022757535133454,4,0,2,0.058827583,1,9,2,0,0.0
3,-0.5725855535271106,5,1,0,0.06912336,0,14,0,0,6.273000000000001
1,0.8852931223211424,1,2,0,0.020680499,0,1,1,0,31.25
1,-0.694987346183084,9,1,2,0.046631836,0,8,2,0,0.0
1,0.199776569423937,6,0,1,0.111419588,1,13,1,1,38.095
0,0.8054730960263505,4,0,2,0.073541072,1,5,1,0,5.75
1,-0.6710039241562846,1,2,0,0.008828341,1,5,1,0,4.34
1,0.834211631193663,8,0,2,0.145867347,1,4,1,0,4.6897
1,0.00016414678968754154,7,0,1,0.081361288,0,11,2,1,0.0
1,-0.8701110960331695,2,0,1,0.099832728,1,5,1,1,8.0
3,-0.727470492976181,5,1,0,0.047037323,1,13,1,0,81.9375
1,0.7666359412909534,1,2,0,0.012089479,0,11,2,0,0.0
1,1.1461687981806483,9,1,2,0.033942546,1,13,1,0,93.8125
1,-0.5177178795090007,6,0,1,0.037563325,1,13,1,1,54.625
2,0.08743182507120158,3,1,0,0.049520593,1,6,1,1,11.83
0,0.1385133161986805,0,0,0,0.105994654,0,2,1,0,72.625
1,-0.7673597204911538,6,0,1,0.159937597,1,13,1,1,34.98375
2,-1.2623935400723112,3,1,0,0.038477325,0,0,1,1,10.107999999999999
0,0.5920174421982323,0,0,0,0.058893461,1,13,1,0,91.2
1,-0.987169382261572,2,0,1,0.079794329,1,3,1,1,7.2
1,-1.0377456226316868,2,0,1,0.054460571,0,7,0,1,29.5
1,-0.9696231107067658,6,0,1,0.008539208,0,0,1,1,25.2
1,-0.5507062770594625,2,0,1,0.163160327,1,13,1,1,51.5375
1,1.0769110709464587,8,0,2,0.03856376,1,6,1,0,12.415000000000001
0,0.832654307656723,4,0,2,0.095587976,1,6,1,0,13.065000000000001
1,0.1369559926617404,1,2,0,0.00827301,1,4,1,0,5.1290000000000004
1,-1.5205766770856082,2,0,1,0.018194742142857146,1,6,1,1,11.505
1,-1.6062454605653358,6,0,1,0.011087128,0,1,1,1,26.5
1,-1.4774065174373696,2,0,1,0.072707309,1,6,1,1,9.555
1,-0.5613517186497577,7,0,1,0.016052446,1,9,2,1,0.0
1,-0.5581539290461847,6,0,1,0.02394662,1,9,2,1,0.0
1,1.9717165578183262,7,0,1,0.025879577,1,3,1,1,8.0
0,1.1945993217267652,4,0,2,0.123557061,1,9,2,0,0.0
0,1.6251720984790927,0,0,0,0.112906337,0,14,0,0,3.9831
0,-0.2947104281350093,4,0,2,0.147100395,0,8,2,0,0.0
3,1.378728047100513,5,1,0,0.03670437,0,10,1,0,14.864849999999999
1,0.8262171571847299,1,2,0,0.076097073,1,4,1,0,9.315000000000001
3,-1.2368112232437252,5,1,0,0.009534758,1,13,1,0,63.175000000000004
0,-1.4758491939004295,4,0,2,0.141975462,1,13,1,0,61.393750000000004
1,0.5339935498413954,2,0,1,0.036439878,0,8,2,1,0.0
1,-0.6263180122359521,7,0,1,0.079875237,1,6,1,1,10.725
3,0.20347960978487506,5,1,0,0.09942299275,1,3,1,0,15.36
1,-1.3847953327282845,6,0,1,0.092997032,1,9,2,1,0.0
3,-0.7003308526106549,5,1,0,0.020312314,0,10,1,0,17.16
1,1.527764229364648,8,0,2,0.167831064,0,14,0,0,5.04645
1,-0.8679653792091719,7,0,1,0.045016894,1,4,1,1,3.7766000000000006
0,-0.3160428825804464,0,0,0,0.10239789,0,10,1,0,7.3645000000000005
1,1.844518080756993,2,0,1,0.031102571,1,4,1,1,9.361
1,0.38710308440125824,2,0,1,0.096842096,0,14,0,1,4.896
1,-1.3635044495476938,2,0,1,0.024107056,1,6,1,1,6.9225
2,-0.15522604341674767,3,1,0,0.05997133,1,6,1,1,4.6605
0,0.7793855284403995,4,0,2,0.144534212,1,4,1,0,4.968000000000001
3,0.37864493089980705,5,1,0,0.041882027,0,0,1,0,7.363999999999999
0,-1.601448776159976,0,0,0,0.074019393,1,5,1,0,8.1
1,1.853564627545502,6,0,1,0.042641788,1,3,1,1,15.080000000000002
1,-0.5145616611702739,1,2,0,0.087380432,1,6,1,0,8.19
1,0.15828844710717774,1,2,0,0.04917754,1,6,1,0,8.8725
1,0.2583472838029845,7,0,1,0.088025298,1,5,1,1,5.5
1,-1.3427188171244677,7,0,1,0.038597077,1,4,1,1,5.336
2,1.2494254244800287,3,1,0,0.135692831,1,13,1,1,52.725
1,-1.6626288868555394,8,0,2,0.143283608,1,9,2,0,0.0
3,-1.0660204783064813,5,1,0,0.099747488,1,6,1,0,10.465000000000002
0,-1.6306925620846533,4,0,2,0.173324207,1,5,1,0,6.425
1,-0.5677888691217507,6,0,1,0.069446588,0,14,0,1,6.273000000000001
1,-1.6392338581157977,2,0,1,0.032954044,1,9,2,1,0.0
1,0.6394374642296201,8,0,2,0.033974436,1,3,1,0,9.600000000000001
1,1.6108236165278595,1,2,0,0.014353174,1,6,1,0,4.7775
0,1.9456289902323758,4,0,2,0.055566935,1,9,2,0,0.0
1,-0.5746896990862619,7,0,1,0.029555773,1,13,1,1,24.58125
1,-1.6483219761691528,7,0,1,0.045400017,1,4,0,1,8.786000000000001
2,0.6852170201943745,3,1,0,0.137926458,0,10,1,1,9.98855
1,1.379821691144935,7,0,1,0.080072603,0,1,1,1,12.5875
3,1.842372363932995,5,1,0,0.076944658,1,6,1,0,3.7830000000000004
1,-1.3539110807369739,7,0,1,0.024020078,1,6,1,1,6.9225
3,-0.6779463253856421,5,1,0,0.039300964,1,13,1,0,39.87625
0,-0.4144612532096204,4,0,2,0.060237465,0,7,0,0,20.65
1,0.40039949357291554,7,0,1,0.025789175,1,6,1,1,10.5625
1,-0.20525546176465104,2,0,1,0.074006853,1,6,1,1,13.13
1,1.8577729186638041,7,0,1,0.077882226,1,13,1,1,86.6875
1,-0.35323957124921057,7,0,1,0.164274416,1,9,2,1,0.0
0,0.8858815156081998,4,0,2,0.141360118,0,0,1,0,27.58
1,-0.5177594507738471,7,0,1,0.021647195,1,6,1,1,5.70375
3,-0.6864876214167863,5,1,0,0.078831762,0,1,1,0,16.1
1,-0.9403793247820882,9,1,2,0.010658153,1,3,1,0,8.88
1,-0.5800332055138328,9,1,2,0.013387211,0,11,2,0,0.0
3,-0.8286229737164102,5,1,0,0.064636203,0,0,1,0,18.689999999999998
0,0.09862408868370777,4,0,2,0.036012919,1,13,1,0,57.475
0,0.19068845137058188,0,0,0,0.142189843,1,3,1,0,15.36
1,-1.0840720006186522,8,0,2,0.014691784,1,5,1,0,8.675
1,0.23276496697439858,7,0,1,0.171174491,1,4,1,1,8.395
1,-0.18400614984890665,9,1,2,0.059820884,1,6,1,0,4.6605
1,-0.6683529565749223,6,0,1,0.079281476,0,0,1,1,28.979999999999997
0,-1.3768008587193514,0,0,0,0.170348551,1,4,1,0,8.855
0,0.19973499815909054,4,0,2,0.033929133,0,14,0,0,8.262
1,1.6651444685237584,7,0,1,0.067592098,0,14,0,1,3.9831
1,0.10817588622958142,1,2,0,0.089479661,1,13,1,0,39.2825
1,-0.5747312703511084,7,0,1,0.021579162,0,12,1,1,16.2588
0,1.1642203204928192,0,0,0,0.050371508,1,6,1,0,9.1
1,-0.3367869437388263,1,2,0,0.008757492,1,6,1,0,5.9865
1,-0.9792164795174854,2,0,1,0.020676141,0,11,2,1,0.0
0,0.6835765541277414,4,0,2,0.054443762,1,13,1,0,40.99250000000001
1,-1.0787700654559278,8,0,2,0.126869718,1,5,1,0,4.175
3,0.16253830949032635,5,1,0,0.0277770424,0,8,2,0,0.0
1,-0.026470242818474373,7,0,1,0.089859642,1,3,1,1,11.280000000000001
0,-0.639655992672456,0,0,0,0.01516265,1,3,1,0,7.18
2,0.1306019847194403,3,1,0,0.053506996,1,3,1,1,5.32
0,-0.5145616611702739,4,0,2,0.037824735,1,6,1,0,5.70375
1,-0.6976798850292928,8,0,2,0.1057110225,0,1,1,0,16.1
1,-0.7136272617823125,1,2,0,0.132560174,1,4,0,0,5.4510000000000005
3,1.3100587131533807,5,1,0,0.023417004,0,10,1,0,18.304
0,-1.2767835932883909,0,0,0,0.110356797,1,9,2,0,0.0
1,-1.6828676972565546,2,0,1,0.026608496,0,10,1,1,19.5195
1,1.0944989137661114,9,1,2,0.04975339,0,10,1,0,20.449
1,1.964268905831604,9,1,2,0.074264356,1,13,1,0,27.455000000000002
1,-1.6067507113227002,1,2,0,0.035913805,0,14,0,0,7.2165
0,1.1786519449737454,4,0,2,0.0708009757993644,1,5,1,0,3.735
3,-0.7588184244600096,5,1,0,0.013861607,0,0,1,0,11.697
1,-1.0367351211169573,1,2,0,0.049594299,1,6,1,0,12.5775
3,-0.6433590330333938,5,1,0,0.092433518,0,8,2,0,0.0
1,-0.8908967284563959,1,2,0,0.063173691,1,4,1,0,5.221
1,1.4675946201838135,1,2,0,0.103664897,1,13,1,0,44.62625
1,-0.4006180220157519,6,0,1,0.097043739,0,8,2,1,0.0
1,0.023559175529429464,6,0,1,0.099839365,1,6,1,1,9.815
1,1.2988664495408746,2,0,1,0.009818244,1,13,1,1,55.1
1,1.9935542630211276,6,0,1,0.06953231,0,8,2,1,0.0
1,-0.2825076630077738,7,0,1,0.038815341,0,7,0,1,49.25
1,1.5725332838146737,1,2,0,0.038494623,1,13,1,0,63.4125
0,0.2556131736919295,4,0,2,0.051778173,1,13,1,0,46.05125
1,0.024147568816486935,1,2,0,0.08989642,1,4,1,0,7.36
0,0.8896261272339839,0,0,0,0.167316771,1,13,1,0,34.36625
1,-0.20849482263307104,7,0,1,0.173867958,1,6,1,1,7.4750000000000005
0,-1.3826911871691334,4,0,2,0.041970938,1,6,1,0,6.9225
1,0.6665355333302996,6,0,1,0.16717269950000002,0,15,1,1,15.93
1,-0.7498134489363474,2,0,1,0.022526293,1,6,1,1,11.765
1,1.3542809455811955,2,0,1,0.005620213,0,15,1,1,17.28
2,0.41104493516321117,3,1,0,0.142219209,1,3,1,1,15.080000000000002
1,1.1493665877842214,2,0,1,0.128760294,1,6,1,1,5.265
1,-0.47892229603845,9,1,2,0.17243495933333333,1,6,1,0,10.14
1,0.4829536299787629,8,0,2,0.079806266,1,9,2,0,0.0
2,-0.4554856960338618,3,1,0,0.052625179,1,5,1,1,8.35
3,-0.026470242818474373,5,1,0,0.040747616,1,13,1,0,76.0
2,-0.4618812752410082,3,1,0,0.049267759,1,13,1,1,83.60000000000001
0,-1.6120942177502713,0,0,0,0.141860161,1,5,1,0,3.2
1,-1.7286888244861558,6,0,1,0.168154574,0,1,1,1,17.8875
1,-0.7636151088653697,8,0,2,0.013929059,0,0,1,0,11.697
1,-0.565096330275542,7,0,1,0.128349909,1,13,1,1,90.25
0,-0.4591471651299532,4,0,2,0.065872936,1,6,1,0,12.155
1,-0.3032517241661534,8,0,2,0.046608497,1,6,1,0,11.602500000000001
1,1.9376345162234425,1,2,0,0.031710329,1,9,2,0,0.0
1,-1.6727690776884705,9,1,2,0.161798604,0,0,1,0,10.997
1,1.606573754144711,9,1,2,0.045055587,1,4,1,0,7.176
1,0.6069543174365231,9,1,2,0.018051091,1,5,1,0,9.875
1,-1.3326201975563836,2,0,1,0.082867689,1,5,1,1,4.09
1,0.6846701981721635,6,0,1,0.015557426,1,6,1,1,11.375
1,-0.7130804397601015,8,0,2,0.022566975,1,5,1,0,3.5375
3,0.27000322690800926,5,1,0,0.02528566,1,6,1,0,3.93575
1,-0.27611208380062724,8,0,2,0.126244059,1,9,2,0,0.0
3,0.5883559731021407,5,1,0,0.096046304,0,10,1,0,28.886
0,0.14760143425203562,0,0,0,0.016516867,0,10,1,0,8.951799999999999
1,-0.7790572348610247,9,1,2,0.078290271,1,3,1,0,13.0
1,-0.8519764311913057,8,0,2,0.019768503,1,3,1,0,6.48
1,-0.9174479755348643,8,0,2,0.014631149,0,0,1,0,11.165
2,0.8097645296743455,3,1,0,0.053025371,1,13,1,1,89.0625
1,-1.5791058201998098,7,0,1,0.121972274,1,13,1,1,61.0375
1,-1.673821150468046,7,0,1,0.143574191,1,9,2,1,0.0
0,-1.5956000189750406,4,0,2,0.191013663,0,14,0,0,4.79145
2,1.0274284746207663,3,1,0,0.07436116,1,6,1,1,11.115000000000002
1,0.7033101137713922,8,0,2,0.066726133,0,11,2,0,0.0
1,0.4680583260053186,8,0,2,0.005530516,1,6,1,0,7.3775
3,1.6550042776908278,5,1,0,0.049478259,1,6,1,0,7.0200000000000005
2,-0.16911084587546285,3,1,0,0.035893143,1,6,1,1,7.0817499999999995
3,1.8072382495585357,5,1,0,0.073562475,1,4,1,0,5.796
0,-0.944082365143026,4,0,2,0.043168763,0,14,0,0,10.047
1,0.16359038226990189,9,1,2,0.054540159,1,5,1,0,10.05
3,0.7767345608590375,5,1,0,0.075676339,1,5,1,0,6.325
1,-0.842929884402797,1,2,0,0.128778474,0,1,1,0,41.875
2,-1.260753074005678,3,1,0,0.077769768,0,8,2,1,0.0
2,-0.8206284997074771,3,1,0,0.131458247,0,2,1,1,24.22
1,-1.0505367810459796,2,0,1,0.06457046,1,6,1,1,8.97
1,-1.5210403565781265,6,0,1,0.028118435,1,6,1,1,13.0
0,1.097149881347474,4,0,2,0.031024168,0,8,2,0,0.0
1,-1.0883634342666475,2,0,1,0.075363922,1,4,1,1,6.026
1,0.7113045877803253,1,2,0,0.113234914,0,14,0,0,6.018000000000001
1,0.8757828960401152,1,2,0,0.064621927,1,6,1,0,7.0817499999999995
1,0.8997247468020682,6,0,1,0.055379648,1,4,1,1,3.4845
0,-0.5480553094781002,4,0,2,0.041821227,0,14,0,0,4.37325
1,-0.2861691321038652,9,1,2,0.041622264,1,6,1,0,8.19
1,-1.4236324874636817,9,1,2,0.04719387,1,5,1,0,4.5975
2,1.7374752715669817,3,1,0,0.073966786,0,0,1,1,21.979999999999997
1,0.2748414825782158,7,0,1,0.048115543,0,7,0,1,26.25
1,1.1178939425058534,7,0,1,0.1810508585,1,5,1,1,3.735
1,-0.7604173192617963,9,1,2,0.031452265,0,0,1,0,11.472999999999999
1,0.025158070331216,6,0,1,0.029003459,1,9,2,1,0.0
3,1.4213513847265407,5,1,0,0.017344679,1,6,1,0,4.8815
1,-1.4226219859489526,2,0,1,0.040410039,1,5,1,1,4.4675
2,0.5116505938812289,3,1,0,0.037734334,1,6,1,1,8.515
2,-0.3436462024384907,3,1,0,0.02136022,0,0,1,1,18.62
2,-1.421023091147166,3,1,0,0.139244918,1,4,1,1,2.4495
3,-0.9164374740201353,5,1,0,0.089858447,1,9,2,0,0.0
2,1.8572260966415932,3,1,0,0.051677051,1,13,1,1,45.6
1,0.37649921407580905,6,0,1,0.041608488,0,14,0,1,8.976
1,0.8496953284541647,1,2,0,0.049263979,1,13,1,0,99.75
1,1.841825541910784,9,1,2,0.081446638,1,6,1,0,10.887500000000001
1,-0.8365343051956504,8,0,2,0.037952777,1,13,1,0,62.4625
1,-0.9052452104076288,7,0,1,0.045463871,0,14,0,1,2.9223000000000003
1,0.057135966366948523,9,1,2,0.1000135,1,6,1,0,9.815
1,1.9397386617825936,8,0,2,0.025827199,1,3,1,0,8.0
1,0.10131662752991677,6,0,1,0.043554614,1,6,1,1,3.8870000000000005
1,1.040219633035059,2,0,1,0.019566037,1,3,1,1,10.68
1,1.9983509474264876,8,0,2,0.139521931,1,3,1,0,13.600000000000001
1,-1.5732570630148741,1,2,0,0.162960415,0,8,2,0,0.0
1,0.9156721235550884,6,0,1,0.020693809,0,1,1,1,31.25
1,-0.5640442574959664,8,0,2,0.023885957,0,14,0,0,4.37325
2,-1.33266176882123,3,1,0,0.036184755,0,10,1,1,26.9555
1,-1.2517065272171695,7,0,1,0.099344826,1,4,1,1,7.176
0,0.4409186856397922,0,0,0,0.143870574,1,13,1,0,42.75
1,-1.5199882837985508,7,0,1,0.121848436,1,6,1,1,7.670000000000001
1,-0.2638261761436988,9,1,2,0.042378864,1,3,1,0,9.72
2,1.1195344085724865,3,1,0,0.017791458,0,8,2,1,0.0
1,0.0038671871506251445,1,2,0,0.026546765,1,3,1,0,13.600000000000001
1,1.2403788776915199,8,0,2,0.021207519,1,3,1,0,12.16
1,-0.44059039206041756,9,1,2,0.031994534,1,3,1,0,6.1240000000000006
0,-0.800936511328673,4,0,2,0.061393095,1,4,0,0,7.9350000000000005
2,0.20991676025686767,3,1,0,0.03334929,1,4,0,1,8.441
1,0.6548380189604289,9,1,2,0.137580452,0,10,1,0,9.98855
1,0.5973609486258029,7,0,1,0.047814463,1,9,2,1,0.0
1,0.31102766973225043,7,0,1,0.017822936,1,5,1,1,3.5725
1,0.7575893945024447,9,1,2,0.085223447,0,7,0,0,23.75
3,-0.6571606929624161,5,1,0,0.0427304728,0,8,2,0,0.0
1,0.15079922385560915,6,0,1,0.059835659,1,6,1,1,7.215
1,1.1152429749244914,7,0,1,0.011258035,1,13,1,1,84.78750000000001
0,-1.054281392671764,4,0,2,0.092913784,1,4,0,0,9.522
3,0.5153952055070135,5,1,0,0.026938317,1,9,2,0,0.0
1,-0.44694440000271746,8,0,2,0.099757833,1,6,1,0,8.0275
1,-1.3390573480283763,7,0,1,0.036111038,0,10,1,1,26.9555
1,1.3931181003165927,6,0,1,0.030842308,1,3,1,1,6.736000000000001
2,1.121091732109427,3,1,0,0.057062186,1,13,1,1,32.60875
1,0.7793855284403995,7,0,1,0.052917345,1,13,1,1,89.0625
1,0.15450226421654675,6,0,1,0.027054244,0,14,0,1,4.3452
2,-1.3135166024646368,3,1,0,0.071743629,1,6,1,1,8.645000000000001
2,-1.6701181101071079,3,1,0,0.078874948,1,3,1,1,12.68
1,0.7064663321101188,6,0,1,0.029006239,1,13,1,1,31.3975
1,-0.7886506036717447,2,0,1,0.064984487,0,15,1,1,11.07
1,-0.9642796042791947,2,0,1,0.017960492,1,13,1,1,64.125
2,0.7272103932684987,3,1,0,0.014270394,1,13,1,1,45.6
0,0.6660302825729351,0,0,0,0.07871639,0,10,1,0,7.586149999999999
1,-0.49966635719682984,1,2,0,0.103726639,1,13,1,0,35.6725
1,-1.3214695052087233,1,2,0,0.160529322,1,9,2,0,0.0
1,-0.26168045931970124,2,0,1,0.042530668,0,7,0,1,23.25
2,-1.7036117584149342,3,1,0,0.051871718,0,1,1,1,25.4875
1,0.6702801449560841,9,1,2,0.170072462,1,3,1,0,16.56
1,1.9120521993948563,1,2,0,0.125170423,1,13,1,0,64.125
1,0.9141148000181478,9,1,2,0.100922503,1,6,1,0,10.075000000000001
0,1.2217389620922912,0,0,0,0.11566015,0,1,1,0,39.625
1,0.5851581834985676,1,2,0,0.096433359,0,10,1,0,28.886
2,-0.4820785143771768,3,1,0,0.10423592,1,13,1,1,35.6725
1,-1.0159494886937313,7,0,1,0.079506434,1,3,1,1,7.2
2,-1.5285295798296952,3,1,0,0.099729888,1,9,2,1,0.0
1,-1.5652210177410946,8,0,2,0.020487625,1,9,2,0,0.0
3,0.716101272185685,5,1,0,0.127308434,0,14,0,0,4.2177
1,0.6144019694232448,8,0,2,0.044192372,1,6,1,0,8.515
1,-0.8147381712576951,2,0,1,0.12475207,1,3,1,1,15.36
1,1.1434762593344394,1,2,0,0.075908374,1,13,1,0,86.6875
3,-0.6247191174341653,5,1,0,0.02286663,1,9,2,0,0.0
1,0.6165476862472427,1,2,0,0.040325274,1,13,1,0,27.47875
1,0.061932650772308584,2,0,1,0.029173031,1,9,2,1,0.0
3,-1.6147451853316335,5,1,0,0.035769657,0,14,0,0,7.2165
1,-0.9291454899047353,2,0,1,0.025513973,0,0,1,1,21.7
1,0.12681580182880975,7,0,1,0.057538034,0,10,1,1,16.874
3,-0.31650656207296446,5,1,0,0.021353642,1,6,1,0,12.5775
2,-0.6997424593235974,3,1,0,0.017062427,1,9,2,1,0.0
2,0.719804312546623,3,1,0,0.067777778,0,0,1,1,24.849999999999998
3,-0.5209572403774204,5,1,0,0.016956266,0,8,2,0,0.0
1,0.0225486740147004,2,0,1,0.0816559,0,11,2,1,0.0
2,-0.9110939675925644,3,1,0,0.05866824033333334,1,3,1,1,7.18
1,-1.5290348305870598,2,0,1,0.028282832,1,6,1,1,13.0
1,0.2029327877626636,1,2,0,0.172615327,1,13,1,0,76.0
1,0.47495915596982974,6,0,1,0.027271252,1,9,2,1,0.0
1,-1.5977041645341916,9,1,2,0.067400032,1,9,2,0,0.0
1,0.33917781161250593,6,0,1,0.021719387,0,1,1,1,30.375
0,0.2737478385337933,4,0,2,0.170186628,1,13,1,0,68.875
2,1.095087307053169,3,1,0,0.026451028,1,5,1,1,4.4475
3,-1.5151915993931913,5,1,0,0.065313024,1,5,1,0,6.825
1,0.5888612238595052,8,0,2,0.027579198,1,9,2,0,0.0
1,-1.5146447773709801,9,1,2,0.061190964,0,10,1,0,22.665499999999998
3,-0.30485061896793997,5,1,0,0.046382793,1,6,1,0,11.602500000000001
0,-0.8344717309013456,0,0,0,0.02556185,1,3,1,0,5.924
0,1.145580404893591,4,0,2,0.143591586,1,5,1,0,4.5
1,0.6372917474056221,9,1,2,0.108059141,1,13,1,0,43.67625
1,1.2089478036779984,6,0,1,0.03558013,0,1,1,1,16.775
1,1.9663730513907551,2,0,1,0.069938838,0,8,2,1,0.0
1,-0.5214624911347849,6,0,1,0.041730507,1,5,1,1,9.85
1,-0.9701283614641303,8,0,2,0.025920816,1,13,1,0,64.8375
1,0.49784893395220714,1,2,0,0.024875871,0,0,1,0,14.42
1,0.09121800796183212,9,1,2,0.159968994,1,6,1,0,8.775
1,1.1296745994054176,1,2,0,0.049634817,0,10,1,0,20.449
1,0.056589144344737524,7,0,1,0.07566089,0,1,1,1,16.4375
1,-0.8759598532181051,8,0,2,0.073735058,1,3,1,0,10.0
1,0.840101959643445,6,0,1,0.049295686,1,13,1,1,99.75
3,1.471886053831809,5,1,0,0.075084457,0,7,0,0,22.237499999999997
1,-0.7705575100947271,9,1,2,0.026561057,1,3,1,0,13.480000000000002
1,0.488213993876641,9,1,2,0.122843005,0,7,0,0,11.525
0,0.062437901529673115,0,0,0,0.076097035,1,4,1,0,8.51
1,-0.6954925969404485,9,1,2,0.129016487,0,15,1,0,12.15
3,1.5964751345766266,5,1,0,0.15528831,1,6,1,0,8.2225
1,1.364337993884433,2,0,1,0.092282353,1,13,1,1,72.2
3,-0.3229021412801111,5,1,0,0.071636937,1,13,1,0,29.426250000000003
1,-0.02272563119268985,7,0,1,0.04499948,0,8,2,1,0.0
2,0.3493180024454366,3,1,0,0.039738393,1,13,1,1,93.10000000000001
1,-0.6407080654520315,1,2,0,0.041247932,1,13,1,0,32.94125
2,0.5665182678993389,3,1,0,0.156012631,1,13,1,1,100.9375
1,-1.5386281993977795,7,0,1,0.06121988,0,10,1,1,22.665499999999998
1,1.0380739162110615,7,0,1,0.039120291,0,0,1,1,12.453
1,0.8427529272248071,8,0,2,0.16758389,1,9,2,0,0.0
1,0.25405585015498944,7,0,1,0.043743689,1,6,1,1,8.84
1,0.03365779509751366,2,0,1,0.089656812,0,8,2,1,0.0
2,-0.5113638715667008,3,1,0,0.076873991,1,5,1,1,4.42
3,0.39400391436576937,5,1,0,0.019412192,1,9,2,0,0.0
1,0.5590290446477703,7,0,1,0.024701262,1,9,2,1,0.0
1,1.8067329988011713,2,0,1,0.030789914,0,15,1,1,11.565
1,-0.48313058715675256,9,1,2,0.128614205,1,6,1,0,11.115000000000002
1,-0.6045218782979966,7,0,1,0.174703862,1,13,1,1,44.175000000000004
2,1.8045872819771738,3,1,0,0.094545236,1,9,2,1,0.0
1,-1.3677958831956891,2,0,1,0.052607932,1,5,1,1,3.68
1,-0.3548800373158436,1,2,0,0.021439694,1,6,1,0,12.5775
1,1.154668522946946,1,2,0,0.034278798,1,9,2,0,0.0
1,0.22371842018588992,6,0,1,0.019374768,0,14,0,1,8.262
1,-0.6199224330288055,9,1,2,0.041346469,1,13,1,0,32.94125
2,-0.6050271290553612,3,1,0,0.056695731,0,1,1,1,52.125
1,-1.2341602556623628,8,0,2,0.013812772,1,5,1,0,7.675
1,-1.514181097878462,2,0,1,0.009934335,0,8,2,1,0.0
0,-0.1797147162009116,0,0,0,0.0708009757993644,1,6,1,0,7.4750000000000005
1,-1.370952101534416,1,2,0,0.03387323,0,14,0,0,9.996
1,1.1354817853255061,9,1,2,0.076089711,1,13,1,0,86.6875
0,0.0991293394410723,0,0,0,0.103419257,1,4,1,0,4.2642
1,1.6272762440382442,2,0,1,0.039517121,1,5,1,1,9.3
1,1.1482313724749529,1,2,0,0.089742065,1,5,1,0,7.625
2,1.6826907400785647,3,1,0,0.076866235,1,9,2,1,0.0
2,-0.7705575100947271,3,1,0,0.026627857,1,3,1,1,13.480000000000002
1,-0.9855704874597855,2,0,1,0.049916364,1,6,1,1,12.5775
3,-1.526889113763062,5,1,0,0.070791391,0,8,2,0,0.0
0,-0.5884913590152839,4,0,2,0.054363971,1,6,1,0,8.125
1,0.29768968929574624,7,0,1,0.115265695,0,14,0,1,3.12885
1,0.7890204685159657,7,0,1,0.052608525,1,9,2,1,0.0
1,0.8789391143788423,9,1,2,0.055476238,1,4,1,0,3.4845
3,1.4995309449546996,5,1,0,0.032731074,0,8,2,0,0.0
1,-0.6928832006239329,6,0,1,0.13504726,1,9,2,1,0.0
1,0.5552844330219862,1,2,0,0.027556247,1,9,2,0,0.0
1,-1.2799813828919642,6,0,1,0.088691614,1,6,1,1,5.06025
1,-1.4901976758516624,7,0,1,0.012141036,0,8,2,1,0.0
0,0.893329167594922,0,0,0,0.092711708,1,4,1,0,3.4845
3,0.6399427149869846,5,1,0,0.101561568,1,3,1,0,13.36
1,0.4866566703397005,9,1,2,0.033230816,1,13,1,0,61.0375
1,-1.6488272269265172,1,2,0,0.024832806,0,14,0,0,8.5425
1,0.8773817908419022,7,0,1,0.076314907,1,4,1,1,9.315000000000001
3,1.8849541302941766,5,1,0,0.077348214,1,13,1,0,86.6875
2,0.4637668923573231,3,1,0,0.136286138,1,6,1,1,11.05
1,0.7948276544360549,9,1,2,0.032637373,0,8,2,0,0.0
1,1.5980740293784133,8,0,2,0.022940826,0,0,1,0,28.349999999999998
0,0.4914533547450606,4,0,2,0.102830104,0,0,1,0,16.31
1,-0.3857642893071541,2,0,1,0.020988798,1,4,1,1,6.026
2,1.3143085755365298,3,1,0,0.09261763125,1,5,1,1,9.125
1,-0.29046056575186047,7,0,1,0.042377219,0,7,0,1,23.25
1,-0.6896854110203596,7,0,1,0.059472609,1,13,1,1,36.86
1,0.604261778590314,2,0,1,0.021617996,1,6,1,1,8.775
1,1.8561740238620172,8,0,2,0.020198354,1,9,2,0,0.0
1,-1.3028711608743415,1,2,0,0.048741487,0,1,1,0,31.5
1,-0.8179775321261148,6,0,1,0.041913535,1,13,1,1,31.70625
0,0.7012059682122407,4,0,2,0.08234117,0,10,1,0,7.586149999999999
1,-1.7121530544460786,9,1,2,0.041802518,0,8,2,0,0.0
1,-0.507660831205763,6,0,1,0.103793399,1,13,1,1,35.6725
1,0.5654661951197634,6,0,1,0.036020711,1,5,1,1,5.55
1,1.90254197311383,6,0,1,0.066717378,1,5,1,1,5.65
0,0.0028566856358960796,4,0,2,0.081955735,1,3,1,0,13.680000000000001
1,-0.7466572305976206,9,1,2,0.094010215,0,0,1,0,23.099999999999998
2,1.2222857841145023,3,1,0,0.020409765,0,14,0,1,7.8285
1,-1.3932950574945822,1,2,0,0.04192285,1,13,1,0,66.5
3,0.5761116367100589,5,1,0,0.078362484,0,0,1,0,14.42
1,-0.5741844483288974,6,0,1,0.153960209,0,15,1,1,13.5
1,1.6821023467915073,8,0,2,0.066297055,1,6,1,0,11.83
1,-1.4497200550496323,9,1,2,0.017182935,1,4,1,0,3.6501
3,-0.47782865199402796,5,1,0,0.047008497,0,11,2,0,0.0
1,0.23280653823924505,6,0,1,0.075713578,1,9,2,1,0.0
1,0.023559175529429464,8,0,2,0.029008944,1,9,2,0,0.0
1,-0.19944827584456193,1,2,0,0.019917598,1,5,1,0,7.55
0,0.5425348458725394,4,0,2,0.143199389,0,1,1,0,39.625
1,-1.047844242199771,7,0,1,0.071136948,1,9,2,1,0.0
3,1.1706574709648123,5,1,0,0.075603699,1,13,1,0,86.6875
1,-0.8392268440418592,9,1,2,0.043033346,1,6,1,0,6.045000000000001
3,-1.2713985155959735,5,1,0,0.142436015,1,5,1,0,4.4525
1,0.34616178410671,8,0,2,0.096386227,0,1,1,0,14.450000000000001
2,0.0768279547457524,3,1,0,0.024756031,1,9,2,1,0.0
1,0.8501590079466829,9,1,2,0.05410964,0,12,1,0,40.49400000000001
2,-1.583860933340323,3,1,0,0.011134397,0,1,1,1,26.5
1,-0.47513611314781945,8,0,2,0.126383094,1,3,1,0,8.156
2,0.5441337406743264,3,1,0,0.072693696,0,2,1,1,31.1325
1,-1.6253906269219291,7,0,1,0.031402114,0,11,2,1,0.0
1,0.6420884318109822,9,1,2,0.041355366,0,15,1,0,12.6
1,-1.359254587164545,8,0,2,0.077234113,0,8,2,0,0.0
1,-1.5125406318118289,2,0,1,0.064504433,0,7,0,1,37.5
1,-1.5722049902352986,2,0,1,0.045967002666666666,1,4,1,1,4.006600000000001
1,-0.9222862312050709,8,0,2,0.037398953,1,3,1,0,4.14
1,0.0007109688118985429,7,0,1,0.034770109,1,3,1,1,15.4
0,0.455225596326179,0,0,0,0.070703828,1,4,0,0,7.9350000000000005
1,1.8162847963470445,1,2,0,0.035240817,1,3,1,0,11.32
3,-0.8089309853376062,5,1,0,0.102226474,1,3,1,0,16.2
1,-0.7684117932707295,8,0,2,0.031403441,0,0,1,0,11.472999999999999
1,-0.6305678746191009,1,2,0,0.025904648,0,10,1,0,16.874
1,-1.007408192662587,7,0,1,0.072986772,1,3,1,1,13.8
0,-0.33889108929797734,4,0,2,0.037569401,1,6,1,0,12.5775
1,0.8337063804362985,2,0,1,0.06705851,1,9,2,1,0.0
2,1.472979697876231,3,1,0,0.080131363,1,4,1,1,6.118
1,1.764614911932508,1,2,0,0.094083303,1,9,2,0,0.0
1,-1.601448776159976,2,0,1,0.05661033,1,5,1,1,8.8
2,-0.3968734103899676,3,1,0,0.170977155,1,3,1,1,9.440000000000001
1,-0.28991374372964945,8,0,2,0.00789145,0,11,2,0,0.0
1,-1.0564271094957616,7,0,1,0.021369722,1,9,2,1,0.0
1,-1.5833556825829584,9,1,2,0.053877532166666665,0,8,2,0,0.0
1,0.30568416330467935,8,0,2,0.115032406,0,14,0,0,3.12885
1,-0.7125336177378906,1,2,0,0.039189221,1,13,1,0,83.60000000000001
1,0.1810950825598622,8,0,2,0.033437991,0,10,1,0,13.299000000000001
1,1.6289167101048772,6,0,1,0.034868095,1,13,1,1,67.2125
1,-0.36922851926707684,8,0,2,0.0672730085,1,3,1,0,13.280000000000001
0,1.134471283810777,0,0,0,0.064547828,1,6,1,0,12.415000000000001
1,1.3154437908457983,8,0,2,0.107057186,1,4,1,0,5.428000000000001
2,-0.9280934171251598,3,1,0,0.024756031,0,14,0,1,10.047
1,-1.5716581682130877,1,2,0,0.029619203,1,9,2,0,0.0
1,-0.8535753259930923,6,0,1,0.064909488,1,3,1,1,15.76
1,-0.5661484030551177,1,2,0,0.047754564666666666,1,6,1,0,5.06025
1,1.4191640966376966,8,0,2,0.060067115,1,9,2,0,0.0
3,0.19068845137058188,5,1,0,0.033276066,0,10,1,0,13.299000000000001
1,0.6532806954234883,9,1,2,0.037289996,0,14,0,0,8.007
1,-0.6284637290599496,8,0,2,0.044252621,0,10,1,0,7.4217
1,-1.583314111318112,6,0,1,0.105646853,1,6,1,1,9.815
2,-0.2164477253771577,3,1,0,0.060045008,1,6,1,1,13.13
1,0.17049121223441302,7,0,1,0.086957199,0,7,0,1,22.200000000000003
1,1.2445871688098222,1,2,0,0.02681843,0,0,1,0,21.0
1,0.18538651620785726,7,0,1,0.046729336,1,3,1,1,5.460000000000001
1,-1.6403275021602195,2,0,1,0.036147029,0,14,0,1,7.2165
2,0.9076776495461553,3,1,0,0.053839714,1,3,1,1,4.324000000000001
1,1.4809741718851641,2,0,1,0.119850541,1,4,1,1,6.256
1,0.11835764832735857,8,0,2,0.082427854,0,0,1,0,11.528999999999998
1,-0.4144612532096204,9,1,2,0.036997104,1,13,1,0,58.425000000000004
1,0.1598457706441178,6,0,1,0.055979703,0,8,2,1,0.0
1,-0.8243315400684149,9,1,2,0.036446751,1,13,1,0,80.03750000000001
2,0.28443485138893543,3,1,0,0.048213766,0,7,0,1,26.25
2,-0.8349354103938639,3,1,0,0.027723342,1,3,1,1,13.880000000000003
3,0.544638991431691,5,1,0,0.017659068,1,3,1,0,9.28
3,0.6229432654543893,5,1,0,0.07753654,0,0,1,0,27.58
3,0.3237772568816972,5,1,0,0.058142797,1,6,1,0,7.897500000000001
1,-0.7503602709585584,7,0,1,0.17912437966666664,0,10,1,1,8.83025
2,1.6677954361051208,3,1,0,0.047622786,1,5,1,1,4.8475
1,-0.831232370032926,1,2,0,0.014720848,1,3,1,0,11.040000000000001
1,-1.7047054024593564,8,0,2,0.054990009,0,8,2,0,0.0
1,0.7996243388414149,8,0,2,0.032586709,0,8,2,0,0.0
1,-1.6073391046097578,2,0,1,0.053307301,0,14,0,1,7.905
1,0.4866566703397005,6,0,1,0.177236497,1,9,2,1,0.0
1,-0.35273432049184605,1,2,0,0.025842905,0,15,1,0,10.935
1,-0.4708862507646704,1,2,0,0.15026717666666667,1,6,1,0,10.205
1,-1.6594726685168126,7,0,1,0.099193899,1,5,1,1,6.425
1,-1.6248438048997178,6,0,1,0.015570847333333332,0,10,1,1,9.0376
1,1.4543397822770028,8,0,2,0.056795923,1,4,0,0,4.876
1,0.011903232424404744,7,0,1,0.041028937,1,13,1,1,76.0
0,-1.275184698486604,0,0,0,0.0095579565,1,13,1,0,63.175000000000004
2,1.1222269474186954,3,1,0,0.015523707,1,5,1,1,6.075
1,0.7943224036786903,7,0,1,0.11089655,1,6,1,1,7.215
1,0.034246188384571136,1,2,0,0.015149955,1,9,2,0,0.0
2,1.8870582758533276,3,1,0,0.069102831,1,3,1,1,17.080000000000002
1,-0.8967454856413312,7,0,1,0.027761289,0,14,0,1,3.2028000000000003
1,-0.8418778116232213,7,0,1,0.041374909,1,9,2,1,0.0
1,-1.2304156440365788,8,0,2,0.009581155,1,13,1,0,63.175000000000004
1,0.7842237841106061,1,2,0,0.082170947,0,14,0,0,3.7689
1,1.1914015321231917,7,0,1,0.070712031,1,9,2,1,0.0
1,-0.8935061247729115,2,0,1,0.053027398,1,3,1,1,7.18
0,-0.24893087217025453,0,0,0,0.119461188,0,8,2,0,0.0
1,1.476724309502015,6,0,1,0.060055757,1,9,2,1,0.0
1,-0.7828434177516554,1,2,0,0.114022125,1,4,1,0,9.522
1,-0.9738729730899146,8,0,2,0.080594133,0,0,1,0,20.09
1,-0.3112046269102401,9,1,2,0.008778413,1,6,1,0,5.9865
0,-1.4880519590276649,0,0,0,0.0708009757993644,0,10,1,0,26.598000000000003
1,0.34771910764365005,8,0,2,0.005978595,1,9,2,0,0.0
1,0.6479371889959178,9,1,2,0.083929569,0,10,1,0,29.1005
0,-0.3820196776813698,0,0,0,0.084176826,1,3,1,0,13.280000000000001
1,0.22851510459125,8,0,2,0.106430271,1,13,1,0,50.80125
2,-0.20744274985349506,3,1,0,0.054706408,0,1,1,1,21.5
1,0.0017630415914740769,6,0,1,0.013127548,1,9,2,1,0.0
1,0.40199838837470253,8,0,2,0.026181893,1,6,1,0,12.5775
0,1.1972087180432809,0,0,0,0.035497039,1,3,1,0,12.16
1,0.29398664893480864,9,1,2,0.022831052,1,6,1,0,8.547500000000001
1,0.6559316630048508,2,0,1,0.078691241125,1,5,1,1,4.65
1,-0.5544508886852468,8,0,2,0.099120588,1,13,1,0,44.62625
2,1.7939418403868785,3,1,0,0.07226985,0,7,0,1,20.987499999999997
1,0.4195862311943553,7,0,1,0.019546214,1,9,2,1,0.0
1,0.27745087889473136,2,0,1,0.063246037,0,14,0,1,6.4515
1,0.832654307656723,8,0,2,0.136428395,1,13,1,0,32.7275
1,-1.3459166067280408,6,0,1,0.038511676,1,4,1,1,5.336
1,1.9472278850341618,8,0,2,0.03570969683333333,1,9,2,0,0.0
3,-0.9232967327198,5,1,0,0.109459733,1,6,1,0,8.125
2,1.3382919975633292,3,1,0,0.062665642,1,6,1,1,10.627500000000001
2,-0.5310558599455049,3,1,0,0.12329732271428571,0,11,2,1,0.0
1,-0.16906927461061638,2,0,1,0.029026218,0,8,2,1,0.0
1,-0.346843992042064,6,0,1,0.046115083,1,13,1,1,54.625
3,0.6213443706526023,5,1,0,0.016745264,0,7,0,0,30.25
1,1.2201400672905047,2,0,1,0.069491408,0,1,1,1,39.625
2,0.7650370464891664,3,1,0,0.040369315,1,3,1,1,6.88
3,-0.8264772568924125,5,1,0,0.028281197,1,13,1,0,78.375
1,0.1891311278336418,6,0,1,0.01533112875,1,13,1,1,34.74625
1,-1.4891040318072406,8,0,2,0.024226902,1,4,0,0,9.016000000000002
1,-1.0031999015442847,7,0,1,0.058855357,0,8,2,1,0.0
1,0.27109687095243123,8,0,2,0.176215665,0,0,1,0,15.54
3,-1.3853837260153419,5,1,0,0.117607719,0,11,2,0,0.0
3,-0.42670558960170235,5,1,0,0.09037486866666666,1,9,2,0,0.0
3,-0.8679653792091719,5,1,0,0.026480954,1,13,1,0,72.4375
1,0.8848294428286243,6,0,1,0.11336046660000001,1,13,1,1,34.36625
1,-0.20954689541264657,9,1,2,0.020750867,0,2,1,0,73.85000000000001
1,0.06879190947197324,2,0,1,0.034091649,1,13,1,1,30.78
1,-1.5519246085694371,1,2,0,0.023135131,1,13,1,0,80.03750000000001
1,0.5138378819700734,9,1,2,0.177971115,1,9,2,0,0.0
1,-1.7105957309091382,1,2,0,0.143164371,1,9,2,0,0.0
2,0.545185813453902,3,1,0,0.116148596,1,13,1,1,39.472500000000004
2,1.9392334110252287,3,1,0,0.084676173,0,14,0,1,8.7975
1,-1.4226219859489526,9,1,2,0.133700752,0,0,1,0,6.832
1,-0.3186938501618087,1,2,0,0.122469209,1,4,1,0,6.578
0,0.685722270951739,0,0,0,0.111685868,0,11,2,0,0.0
1,-1.6216460152961445,1,2,0,0.032741422,1,9,2,0,0.0
1,-0.30695476452709125,9,1,2,0.050829881,1,3,1,0,6.0
1,1.9158383822854872,8,0,2,0.048662357,1,5,1,0,4.9475
2,1.7577556532328436,3,1,0,0.09234651,1,3,1,1,5.292000000000001
1,0.6144435406880911,8,0,2,0.014087057,1,5,1,0,5.9
1,0.7575478232375982,9,1,2,0.11084417,1,6,1,0,7.215
1,-0.6497546122405404,2,0,1,0.093408695,0,8,2,1,0.0
3,-1.2847364960324774,5,1,0,0.077079177,0,8,2,0,0.0
1,-1.7089968361073515,8,0,2,0.041381156,1,13,1,0,83.60000000000001
1,-1.5402686654644127,1,2,0,0.017536671,0,10,1,0,22.88
1,-0.6167246434252321,2,0,1,0.024664556,0,1,1,1,16.375
1,-0.608183347394088,2,0,1,0.122565413,0,10,1,1,25.310999999999996
0,1.8694704330336753,4,0,2,0.182493512,0,8,2,0,0.0
1,0.6980081786086676,6,0,1,0.009996872,0,10,1,1,30.3875
1,-0.9946170342482942,8,0,2,0.153618566,1,3,1,0,10.4
0,-1.031896865446751,0,0,0,0.195688803,1,5,1,0,7.8
1,0.6809671578112259,2,0,1,0.014541462,0,8,2,1,0.0
2,0.9146200507755123,3,1,0,0.046142232,0,0,1,1,6.888
1,-0.7184239461876724,6,0,1,0.132645493,1,4,0,1,5.4510000000000005
2,-0.054156705206211374,3,1,0,0.016802225,0,10,1,1,25.025
1,0.21896330704537634,1,2,0,0.003589104,0,7,0,0,14.7
1,0.8108166024539211,8,0,2,0.070900282,1,6,1,0,4.992
1,0.4877503143841225,7,0,1,0.060668416,1,4,1,1,7.705
1,0.1832823706487062,9,1,2,0.086916126,0,7,0,0,22.200000000000003
2,1.8626111743340104,3,1,0,0.08165147,1,6,1,1,10.887500000000001
1,-0.5731323755493216,6,0,1,0.119339241,0,0,1,1,28.7
1,0.0220018519924894,6,0,1,0.105125569,1,5,1,1,7.0
1,1.955769181065306,2,0,1,0.038976089,1,6,1,1,3.76025
0,1.0631094110174364,0,0,0,0.044093978,1,5,1,0,4.4475
0,-1.3747382844250466,0,0,0,0.193477995,1,6,1,0,10.4
1,-0.1584654042851672,2,0,1,0.096644015,0,10,1,1,21.593
1,-0.8706579180553805,7,0,1,0.142978223,1,6,1,1,11.700000000000001
1,0.5079891247851378,2,0,1,0.141033536,0,12,1,1,10.944600000000001
1,0.2678575100840117,7,0,1,0.13747519,0,7,0,1,47.125
1,-0.7625630360857939,8,0,2,0.140163038,0,0,1,0,9.491999999999999
0,0.17903250826555714,4,0,2,0.090778148,1,9,2,0,0.0
1,-1.612599468507636,8,0,2,0.007146415,1,13,1,0,75.2875
3,0.09332215352098364,5,1,0,0.038822077,1,13,1,0,85.5
2,0.4994478287539937,3,1,0,0.177992139,1,9,2,1,0.0
1,-1.6403275021602195,6,0,1,0.029779207,1,6,1,1,5.41125
1,0.04703734679886432,8,0,2,0.103442268,1,13,1,0,73.625
1,0.19014162934837087,2,0,1,0.087272074,1,13,1,1,50.80125
3,0.7400015516827914,5,1,0,0.048759334,0,7,0,0,45.875
0,0.5595758666699817,4,0,2,0.039751236,1,4,0,0,2.7738
1,0.7331007217182802,6,0,1,0.029366813,0,1,1,1,14.850000000000001
3,-1.4912497486312384,5,1,0,0.025842951,1,9,2,0,0.0
0,1.3750250067395753,4,0,2,0.139913045,0,1,1,0,12.5875
3,-0.7540633113194962,5,1,0,0.043029436,0,0,1,0,10.85
1,1.8545751290602313,2,0,1,0.011072173,1,9,2,1,0.0
1,-0.27981512416156507,7,0,1,0.106051405,0,1,1,1,27.5
0,-0.8945581975524872,4,0,2,0.03627089,0,1,1,0,32.875
1,0.17638154068419507,6,0,1,0.015766712,1,13,1,1,88.35000000000001
1,0.04169384037129326,1,2,0,0.02090277,0,7,0,0,36.75
0,0.8491485064319537,0,0,0,0.04774013,0,0,1,0,13.02
1,0.2726957657542178,7,0,1,0.114170506,0,8,2,1,0.0
1,-0.8876573675879761,6,0,1,0.094279004,1,6,1,1,11.927500000000002
1,0.0352566898993002,9,1,2,0.024693927,1,9,2,0,0.0
1,0.0017630415914740769,6,0,1,0.054223942,1,13,1,1,86.6875
2,-0.17655849786218497,3,1,0,0.067722325,1,13,1,1,90.25
3,0.3669058452650894,5,1,0,0.039385518,1,13,1,0,93.10000000000001
0,1.4000189302811037,4,0,2,0.0708009757993644,1,5,1,0,4.75
0,0.027809037912578067,0,0,0,0.059540542,0,0,1,0,11.640999999999998
1,-0.14298170702466548,8,0,2,0.067447572,1,13,1,0,90.25
1,-1.2761952000013332,9,1,2,0.143351652,1,5,1,0,4.4525
1,0.3674526672873004,8,0,2,0.104878967,1,13,1,0,83.60000000000001
1,1.3729208611804238,2,0,1,0.104035148,1,6,1,1,12.35
1,1.782749576774372,6,0,1,0.06464846,0,11,2,1,0.0
3,-0.41816429357055823,5,1,0,0.171761077,1,6,1,0,10.14
1,0.3557135816525832,7,0,1,0.050186726,1,6,1,1,7.7025
1,-0.19620891497614237,9,1,2,0.091008572,0,7,0,0,47.125
1,0.5888196525946587,9,1,2,0.083736551,1,5,1,0,10.375
1,-0.4735787896108791,2,0,1,0.034049703,0,12,1,1,23.766000000000002
1,-1.2149735180409236,1,2,0,0.112177581,0,8,2,0,0.0
0,-0.893547696037758,0,0,0,0.12341737,1,3,1,0,10.0
1,-0.8104883088745463,6,0,1,0.069403341,1,9,2,1,0.0
1,1.3281518067303986,7,0,1,0.159657596,0,14,0,1,4.79145
1,0.16569452782905342,8,0,2,0.086781204,0,7,0,0,22.200000000000003
1,0.2838880293667244,7,0,1,0.034968291666666665,1,9,2,1,0.0
1,0.4520278067226059,8,0,2,0.105296072,1,13,1,0,74.1
1,0.1673349938956864,6,0,1,0.027774002,0,0,1,1,21.21
2,-1.615250436088998,3,1,0,0.10714016000000001,1,5,1,1,8.625
1,1.8918965315235339,7,0,1,0.067212845,1,13,1,1,71.725
3,0.5355924446431823,5,1,0,0.040373936,0,8,2,0,0.0
1,1.9152499889984294,6,0,1,0.026865809,1,5,1,1,8.75
1,0.7570425724802332,8,0,2,0.0139376618,0,11,2,0,0.0
1,-0.7290278165131213,8,0,2,0.136497913,1,3,1,0,12.68
1,1.731668085646893,7,0,1,0.016054884,1,4,1,1,4.2780000000000005
3,0.5952568030666519,5,1,0,0.031743707,1,4,1,0,2.9348
1,-0.8317376207902907,6,0,1,0.097198194,1,4,0,1,8.096000000000002
1,0.7309965761591292,7,0,1,0.032242661,1,3,1,1,4.368
2,0.4722666171236212,3,1,0,0.136286138,0,7,0,1,41.5
3,-0.5118691223240653,5,1,0,0.084554569,1,13,1,0,33.4875
1,-1.3869410495522823,7,0,1,0.033970195,0,14,0,1,9.996
0,-1.0686298746229972,0,0,0,0.118827682,1,9,2,0,0.0
3,-0.7593652464822206,5,1,0,0.072928316,0,14,0,0,7.8285
1,-0.7993376165268863,9,1,2,0.073397129,0,14,0,0,7.8285
2,-0.5959805822668526,3,1,0,0.021416681,1,6,1,1,13.552500000000002
0,0.6373333186704686,4,0,2,0.053413906,0,11,2,0,0.0
0,1.9221923902277873,0,0,0,0.064871045,1,6,1,0,3.76025
0,-1.3358179871599567,0,0,0,0.021343732,1,13,1,0,64.8375
2,-0.7594068177470671,3,1,0,0.137053947,1,3,1,1,12.68
1,-0.6875396941963619,8,0,2,0.037581243,0,8,2,0,0.0
1,-0.4192995088798267,9,1,2,0.038789271,1,6,1,0,5.320250000000001
0,0.045438451997077786,4,0,2,0.0708009757993644,0,11,2,0,0.0
2,-1.2181713076444967,3,1,0,0.049279392,0,14,0,1,7.65
1,0.8799911871584178,8,0,2,0.033760862,0,10,1,0,17.6605
2,-0.3745304544298012,3,1,0,0.045165796,1,6,1,1,6.62675
1,0.20398486054223958,2,0,1,0.17179432,1,4,1,1,8.395
3,0.8268055504717874,5,1,0,0.014721719,1,4,1,0,9.315000000000001
2,-0.737063861786901,3,1,0,0.047458754,1,13,1,1,81.9375
1,-0.3415836281441861,1,2,0,0.032465432,1,6,1,0,5.71025
1,1.3345889572023912,1,2,0,0.097536998,0,15,1,0,18.765
1,-1.3438540324337362,7,0,1,0.16098885,1,9,2,1,0.0
1,0.6767172954280768,7,0,1,0.066918731,1,5,1,1,4.65
1,-0.2840649865447139,2,0,1,0.075975642,0,0,1,1,16.799999999999997
1,-0.5720387315048996,6,0,1,0.013363902,0,11,2,1,0.0
1,0.8294565180531499,1,2,0,0.054549098,1,6,1,0,13.065000000000001
0,1.541649031823363,0,0,0,0.011282165,1,9,2,0,0.0
0,1.8626111743340104,4,0,2,0.081458942,1,6,1,0,10.887500000000001
2,1.823227197576402,3,1,0,0.074221559,1,4,1,1,5.796
1,1.3580255572069795,6,0,1,0.060836524,0,15,1,1,14.4
2,1.777911321104166,3,1,0,0.161356273,1,3,1,1,15.76
1,0.39993581408039747,8,0,2,0.062528426,0,0,1,0,27.09
2,1.5953814905322041,3,1,0,0.149125615,1,6,1,1,4.85875
1,0.2162707681991678,7,0,1,0.085122855,1,3,1,1,15.36
1,-1.7068095480185075,2,0,1,0.17761810183333335,1,5,1,1,8.05
1,-1.3374584532265896,1,2,0,0.044771473,1,9,2,0,0.0
1,-1.2187181296667078,7,0,1,0.010652508,0,10,1,1,8.8231
1,0.000669397547052074,2,0,1,0.052239735,1,9,2,1,0.0
1,-0.25642009542182315,2,0,1,0.051783761,1,5,1,1,10.0
1,-0.365525478906139,8,0,2,0.067953506,1,4,1,0,8.671000000000001
2,-1.6035944929839736,3,1,0,0.020571083,1,9,2,1,0.0
3,-0.421950476461189,5,1,0,0.024047319,1,3,1,0,8.08
3,0.2641960409879201,5,1,0,0.149288779,1,5,1,0,3.9125
1,0.8188110764628542,9,1,2,0.030542489,0,8,2,0,0.0
1,0.4435280819563082,6,0,1,0.06982893325,1,6,1,1,9.425
1,0.8751945027530578,1,2,0,0.007273831,0,10,1,0,16.159
0,0.052844532718952994,4,0,2,0.039681781666666666,1,5,1,0,5.4475
1,-0.7466572305976206,1,2,0,0.047323963999999996,1,13,1,0,81.9375
1,-0.8701110960331695,6,0,1,0.099252438,1,5,1,1,8.0
1,-1.4933954654552357,9,1,2,0.082394321,0,0,1,0,27.09
1,1.180250839775532,9,1,2,0.034360687,1,9,2,0,0.0
0,0.016153094807553805,4,0,2,0.157528118,1,4,1,0,7.36
1,1.3191468312067363,8,0,2,0.053584207,1,6,1,0,6.565
2,-1.018095205517729,3,1,0,0.026428924,1,5,1,1,7.15
1,0.03799080001035566,8,0,2,0.105145451,1,5,1,0,7.0
1,1.2834658948100657,6,0,1,0.018801549,1,6,1,1,13.1625
1,0.41903940917214433,8,0,2,0.141642219,1,3,1,0,15.080000000000002
1,-0.7333192501611167,1,2,0,0.087102593,1,4,1,0,7.4750000000000005
2,-0.8738557076589538,3,1,0,0.062477955,0,0,1,1,29.19
2,0.6825660526130124,3,1,0,0.022959868,1,6,1,1,12.48
2,-0.2659718929676966,3,1,0,0.037841362,1,13,1,1,74.1
1,-1.0409849835001064,7,0,1,0.153930108,1,3,1,1,10.4
0,-0.4682352831833083,4,0,2,0.133279499,0,10,1,0,25.168
3,-1.361358732723696,5,1,0,0.014205168,1,9,2,0,0.0
2,-0.29841346849594713,3,1,0,0.005552224,1,5,1,1,3.965
2,-0.8536168972579388,3,1,0,0.014793124,1,3,1,1,11.040000000000001
1,0.8091761363872881,2,0,1,0.168531813,1,9,2,1,0.0
1,-0.4325959180514844,7,0,1,0.097258937,0,8,2,1,0.0
1,1.675243088091843,8,0,2,0.039294854,1,5,1,0,9.3
1,1.0689997394672186,8,0,2,0.122837694,0,15,1,0,6.6915
2,0.6000119162071654,3,1,0,0.06358934,1,4,1,1,7.406000000000001
1,-0.20845325136822457,6,0,1,0.087652908,1,6,1,1,4.322500000000001
1,-1.5120353810544642,9,1,2,0.04163619,1,5,1,0,9.8
2,1.360129702766131,3,1,0,0.042733625,1,6,1,1,4.78725
3,1.0673592734005855,5,1,0,0.095746519,1,13,1,0,59.85
1,-1.0026115082572273,2,0,1,0.052274691,1,6,1,1,5.018
2,-0.8200401064204197,3,1,0,0.142370445,0,15,1,1,18.45
3,1.3042515272332922,5,1,0,0.01871404,1,6,1,0,13.1625
1,-0.41606014801140717,2,0,1,0.094201018,1,13,1,1,33.5825
3,1.2627218336516859,5,1,0,0.080741927,0,10,1,0,17.875
1,-0.7306267113149079,9,1,2,0.022434418,1,6,1,0,11.765
3,-0.7375691125442655,5,1,0,0.178210285,0,10,1,0,8.83025
1,0.46427214311468806,6,0,1,0.024891881,0,0,1,1,14.42
1,-1.7355896544506668,8,0,2,0.051661272,0,1,1,0,25.4875
1,-1.2581436776891621,8,0,2,0.056602818,1,13,1,0,26.5525
3,-1.7435841284595999,5,1,0,0.076348933,1,13,1,0,56.050000000000004
2,-1.3549631535165496,3,1,0,0.014332439,1,9,2,1,0.0
3,-1.6717170049088947,5,1,0,0.0126594065,0,8,2,0,0.0
1,0.30517891254731483,6,0,1,0.025403898,1,6,1,1,3.93575
0,1.35322887280162,0,0,0,0.0708009757993644,0,8,2,0,0.0
1,-1.5051345510899532,9,1,2,0.046556408,1,6,1,0,5.320250000000001
1,0.05974536268346412,1,2,0,0.0708009757993644,1,3,1,0,6.684000000000001
1,-1.6030060996969162,6,0,1,0.125200788,0,2,1,1,60.375
1,0.4525746287448169,6,0,1,0.077150004,1,5,1,1,5.8
2,-0.713122011024948,3,1,0,0.027426689,1,6,1,1,6.695
1,0.006054475239469605,7,0,1,0.146960375,1,5,1,1,5.0975
2,-0.03126692722383398,3,1,0,0.041112694,1,13,1,1,76.0
3,-1.6408743241824306,5,1,0,0.066969525,1,9,2,0,0.0
2,-1.0090486587292202,3,1,0,0.104933928,1,3,1,1,7.6000000000000005
3,0.37649921407580905,5,1,0,0.059956876,0,15,1,0,16.425
1,-1.271986908883031,9,1,2,0.0383808,0,0,1,0,10.107999999999999
0,-0.3308966152890442,4,0,2,0.191500528,0,0,1,0,16.695
1,1.7194237492548108,6,0,1,0.119362409,1,5,1,1,8.5
1,-1.6344787449752842,1,2,0,0.067239404,1,9,2,0,0.0
2,1.4862345357830422,3,1,0,0.0674819,1,13,1,1,47.5
1,0.373301424472236,9,1,2,0.048762383,0,11,2,0,0.0
2,-1.5748559578166608,3,1,0,0.0389997054,0,0,1,1,28.0
1,-0.02116830765574978,7,0,1,0.056543464,0,14,0,1,6.7065
1,0.34771910764365005,1,2,0,0.039544237,1,13,1,0,93.10000000000001
1,1.4830783174443152,8,0,2,0.069587171,0,10,1,0,16.29485
1,-0.34743238532912146,9,1,2,0.083133128,0,0,1,0,28.84
1,-0.6034698055184211,1,2,0,0.007546808,1,13,1,0,98.5625
1,1.6272762440382442,2,0,1,0.05843112,1,4,0,1,6.348000000000001
1,0.16035102140148236,1,2,0,0.04157222966666666,1,4,0,0,8.441
1,1.9674666954351772,7,0,1,0.07429945,1,13,1,1,27.455000000000002
1,0.6585826305862129,8,0,2,0.04376368,1,13,1,0,62.4625
2,0.8741424299734822,3,1,0,0.069219165,1,6,1,1,5.824000000000001
1,-0.5619401119368151,9,1,2,0.078181964,0,10,1,0,13.14885
2,1.4319968263168363,3,1,0,0.085482761,1,13,1,1,50.5875
3,1.1647671425150303,5,1,0,0.081614376,1,5,1,0,4.5
1,0.6681344281320861,9,1,2,0.128126825,0,14,0,0,4.2177
3,-0.8370811272178614,5,1,0,0.041091215,1,9,2,0,0.0
1,-1.403435248327513,8,0,2,0.12790067433333333,1,6,1,0,3.9845
3,1.439949729060923,5,1,0,0.108382679,1,6,1,0,8.352500000000001
2,-0.7338245009184812,3,1,0,0.078060605,1,6,1,1,13.877500000000001
3,0.314772281358035,5,1,0,0.022685222,1,6,1,0,8.547500000000001
3,-1.3188185376273613,5,1,0,0.121043709,0,0,1,0,22.189999999999998
3,0.3621091608597298,5,1,0,0.084245356,0,8,2,0,0.0
1,-1.1128521070508117,9,1,2,0.008579863,0,10,1,0,23.9525
0,0.19763085259993945,0,0,0,0.126752975,1,9,2,0,0.0
1,-1.504587729067742,9,1,2,0.015180132999999998,0,8,2,0,0.0
3,-0.3985138764566006,5,1,0,0.039370913,0,10,1,0,29.8155
1,1.0418185278368457,1,2,0,0.073997843,1,6,1,0,11.115000000000002
1,-1.667467142525746,8,0,2,0.041395445,1,6,1,0,6.825
1,0.23280653823924505,2,0,1,0.076156245,1,9,2,1,0.0
1,0.3669058452650894,7,0,1,0.041700756,0,14,0,1,8.976
3,1.332948491135758,5,1,0,0.102949031,1,6,1,0,12.35
1,-1.3821443651469223,7,0,1,0.016164306,1,9,2,1,0.0
0,-1.4854425627111492,0,0,0,0.051564827,1,13,1,0,53.9125
3,1.7065910195756715,5,1,0,0.015016891,0,10,1,0,14.014000000000001
0,0.8687989235459116,0,0,0,0.139785104,1,3,1,0,10.4
1,0.18542808747270376,7,0,1,0.05610384,0,8,2,1,0.0
0,-0.24312368625016562,4,0,2,0.05514077666666667,1,6,1,0,4.888
1,0.8852931223211424,9,1,2,0.020729902,0,1,1,0,31.25
1,0.8502421504763757,1,2,0,0.136314863,1,13,1,0,32.7275
1,0.06832822997945473,1,2,0,0.028984804,1,9,2,0,0.0
1,-1.3661554171290562,2,0,1,0.013253936,1,9,2,1,0.0
3,1.58528287096412,5,1,0,0.022829734,0,0,1,0,28.349999999999998
1,0.051792459939377464,1,2,0,0.029850151499999998,0,14,0,0,6.171
2,-0.7636151088653697,3,1,0,0.074541867,1,9,2,1,0.0
0,1.8663142146949483,4,0,2,0.023876708,1,5,1,0,8.75
1,0.5212439626919491,2,0,1,0.083221904,1,9,2,1,0.0
3,-0.042459190836340636,5,1,0,0.089243504,1,3,1,0,11.280000000000001
1,0.310439276445193,6,0,1,0.015873285,1,13,1,1,37.73875
1,-0.46983417798509486,8,0,2,0.047237246,0,11,2,0,0.0
1,0.6633377437267265,8,0,2,0.072155462,1,3,1,0,6.968000000000001
1,-1.509384413473102,2,0,1,0.035307322,1,9,2,1,0.0
1,0.7134087333394764,2,0,1,0.066997921,1,6,1,1,4.407
1,-0.8157902440372709,6,0,1,0.062839798,0,0,1,1,24.29
2,-1.682909268521401,3,1,0,0.03549838,1,6,1,1,5.3950000000000005
1,-0.8041343009322464,6,0,1,0.035057688,1,4,0,1,7.9350000000000005
0,0.8730487859290602,4,0,2,0.045002624,1,9,2,0,0.0
3,-0.14298170702466548,5,1,0,0.067120954,1,13,1,0,90.25
1,-1.6818571957418256,1,2,0,0.081944045,0,0,1,0,8.071
2,-0.3186938501618087,3,1,0,0.088681966,1,13,1,1,42.25125
1,-0.90099534802448,9,1,2,0.030742083,1,3,1,0,15.600000000000001
2,-1.759026254455255,3,1,0,0.042056944,0,14,0,1,4.845
3,1.7428603492593993,5,1,0,0.022403117,1,4,1,0,9.315000000000001
1,1.8913497095013228,7,0,1,0.066865326,1,5,1,1,5.65
0,0.8193163272202187,4,0,2,0.0708009757993644,1,5,1,0,8.425
2,0.745303486845516,3,1,0,0.011307038,1,3,1,1,6.284000000000001
1,0.6809255865463794,1,2,0,0.13498355,0,15,1,0,15.93
0,1.955180787778249,4,0,2,0.121765124,0,8,2,0,0.0
2,-1.545570600627137,3,1,0,0.121674533,1,6,1,1,7.670000000000001
1,0.686227521709104,8,0,2,0.078786674,1,4,1,0,6.279000000000001
3,-0.421950476461189,5,1,0,0.014353676,0,10,1,0,10.381799999999998
1,-0.6343124862448851,2,0,1,0.01438222,1,9,2,1,0.0
1,-0.28940849297228494,2,0,1,0.075620262,1,13,1,1,86.6875
1,0.5616800122291328,1,2,0,0.045982389,1,13,1,0,97.85000000000001
3,0.7698337308945263,5,1,0,0.081841136,0,14,0,0,3.7689
3,-1.6567801296706042,5,1,0,0.012090074,1,6,1,0,4.03975
1,0.07838527828269291,7,0,1,0.086307051,1,5,1,1,3.65
1,-0.727470492976181,8,0,2,0.128816212,0,15,1,0,12.15
2,0.37809810887759604,3,1,0,0.06733283933333332,1,6,1,1,7.215
3,0.3040852685028928,5,1,0,0.114475357,0,14,0,0,3.12885
3,0.24071786971848524,5,1,0,0.015375557,0,8,2,0,0.0
0,-0.5618985406719688,0,0,0,0.04937018,1,13,1,0,24.58125
1,-1.5130458825691935,6,0,1,0.058540589,1,13,1,1,71.25
1,1.6310208556640282,2,0,1,0.050000257,1,6,1,1,7.0200000000000005
1,0.45627766910575496,1,2,0,0.058681957,0,0,1,0,16.31
1,-0.4347000636106355,2,0,1,0.075595405,1,4,1,1,2.645
1,-0.5342120782842317,9,1,2,0.042276746,1,9,2,0,0.0
1,1.964815727853815,2,0,1,0.11899616225000001,1,4,1,1,4.1147
1,0.05924011192609959,7,0,1,0.089333332,0,8,2,1,0.0
0,0.7985306947969929,0,0,0,0.082526478,1,13,1,0,99.75
2,0.748037596956571,3,1,0,0.100319317,1,9,2,1,0.0
1,0.6676707486395681,6,0,1,0.106731895,0,0,1,1,22.4
2,1.3542809455811955,3,1,0,0.049823839,0,0,1,1,8.700999999999999
3,0.25830571253813805,5,1,0,0.028410335,1,9,2,0,0.0
1,-1.0234387119453,6,0,1,0.104488444,1,3,1,1,7.6000000000000005
0,-0.023819275237111852,0,0,0,0.025002878,0,8,2,0,0.0
1,-0.7790572348610247,9,1,2,0.131128467,0,2,1,0,24.22
0,0.0901243639174101,0,0,0,0.043304681,1,6,1,0,12.415000000000001
1,0.6447809706571906,6,0,1,0.083590755,1,5,1,1,10.375
1,0.33496952049420337,9,1,2,0.096536082,0,1,1,0,14.450000000000001
2,0.05389660549852898,3,1,0,0.139985583,1,13,1,1,80.03750000000001
1,-1.5610127266227922,6,0,1,0.119930029,1,4,1,1,5.1290000000000004
1,1.469781908272658,2,0,1,0.056637129,0,2,1,1,48.475
1,-0.7338245009184812,7,0,1,0.115563679,1,5,1,1,4.5325
2,-0.7939525388344689,3,1,0,0.082085787,1,6,1,1,8.125
1,-0.8344717309013456,9,1,2,0.015295536,1,3,1,0,5.924
1,0.04060019632687126,8,0,2,0.035572183,0,0,1,0,11.640999999999998
2,-1.4907029266090273,3,1,0,0.097709541,1,5,1,1,9.5
3,0.5612163327366148,5,1,0,0.03100078,1,9,2,0,0.0
1,-0.3516406764474238,6,0,1,0.124428516,1,5,1,1,9.0
1,-1.4901976758516624,6,0,1,0.082250863,0,0,1,1,27.09
2,0.2859921749258755,3,1,0,0.029693277,1,13,1,1,46.05125
0,-1.6701181101071079,4,0,2,0.192650072,1,5,1,0,7.925
0,1.6321144997084502,0,0,0,0.05837308,1,13,1,0,67.2125
1,0.7022580409918167,1,2,0,0.044377096,1,6,1,0,10.9525
2,1.0652135565765875,3,1,0,0.099024124,1,9,2,1,0.0
1,-0.7035286422142282,7,0,1,0.029812563666666667,1,4,0,1,8.625
2,-0.4272939828887598,3,1,0,0.039516644999999996,0,10,1,1,29.8155
1,-1.5184309602616108,1,2,0,0.025947095,1,9,2,0,0.0
1,0.4232892715552929,2,0,1,0.005561798,1,6,1,1,7.3775
1,0.35731247645436975,1,2,0,0.037491314,1,5,1,0,7.0
1,-0.40701360122289826,7,0,1,0.024432767,0,8,2,1,0.0
0,-1.5796526422220207,0,0,0,0.057527544,0,0,1,0,28.0
1,-0.7583131737026451,2,0,1,0.121936216,1,3,1,1,6.968000000000001
3,0.9300621767711676,5,1,0,0.020597493,0,1,1,0,31.25
1,0.7128619113172654,7,0,1,0.03547905133333334,1,13,1,1,31.3975
1,0.8640022391405515,1,2,0,0.093307668,1,4,1,0,3.0429000000000004
1,-0.3149076672711779,7,0,1,0.021501067,1,6,1,1,12.5775
2,0.45316302203187436,3,1,0,0.019586115,1,9,2,1,0.0
1,1.1642203204928192,7,0,1,0.030155224,1,6,1,1,9.1
1,1.3596244520087666,2,0,1,0.129008866,0,0,1,1,13.573
1,1.290366724774577,6,0,1,0.118080437,1,13,1,1,91.91250000000001
1,-0.8397736660640702,2,0,1,0.063207198,0,0,1,1,24.29
0,0.5761116367100589,0,0,0,0.178622919,1,6,1,0,6.370000000000001
3,1.5048744513822707,5,1,0,0.018942606,1,13,1,0,72.19999999999999
1,0.37006206360381644,8,0,2,0.085274988,1,6,1,0,3.6757500000000003
1,0.3594166220135208,9,1,2,0.010998932,1,13,1,0,49.875
0,-1.6562333076483928,0,0,0,0.136124989,0,11,2,0,0.0
2,-1.4332258562744016,3,1,0,0.099535996,1,13,1,1,69.5875
1,1.0610052654582853,2,0,1,0.074245348,1,3,1,1,13.200000000000001
1,1.9387281602678645,9,1,2,0.063962842,0,1,1,0,36.25
1,-0.46348017004279496,8,0,2,0.090191431,1,9,2,0,0.0
1,-0.7684117932707295,1,2,0,0.099026525,1,6,1,0,11.927500000000002
1,-0.2052970330294975,6,0,1,0.173483253,1,6,1,1,7.4750000000000005
1,0.1369975639265869,8,0,2,0.020568574,1,13,1,0,57.475
1,-1.4635632862435008,2,0,1,0.151419185,0,14,0,1,7.446
1,0.832654307656723,6,0,1,0.096862255,1,9,2,1,0.0
1,-0.7907547492308957,2,0,1,0.011437302,1,5,1,1,3.0575
1,-1.705210653216721,8,0,2,0.082930699,1,5,1,0,3.875
1,-0.43840310397157334,2,0,1,0.112859454,0,7,0,1,25.4875
1,0.3807490764589581,7,0,1,0.012036432,1,3,1,1,13.76
1,-1.2868406415916287,7,0,1,0.030150193,1,3,1,1,10.4
1,0.12681580182880975,9,1,2,0.009883257,0,10,1,0,8.951799999999999
1,1.3590776299865555,1,2,0,0.005583951,0,15,1,0,17.28
1,0.7166065229430495,9,1,2,0.078909166,1,4,1,0,6.279000000000001
1,0.6777693682076523,8,0,2,0.042681522,0,10,1,0,17.3745
1,0.13750281468395142,9,1,2,0.04929502,1,6,1,0,8.8725
1,0.7054558305953897,6,0,1,0.116520447,1,13,1,1,84.075
1,-0.00517935963788352,7,0,1,0.093652168,0,0,1,1,20.79
1,1.0737964238725781,8,0,2,0.074059474,1,6,1,0,11.115000000000002
0,0.08263514066584152,0,0,0,0.089196394,1,3,1,0,5.32
2,1.1988491841099138,3,1,0,0.07044068,1,4,1,1,7.682
1,-0.6890970177333021,2,0,1,0.022694623,1,5,1,1,3.5375
3,-0.8440235284472191,5,1,0,0.014661762,1,3,1,0,11.040000000000001
1,1.4526993162103692,9,1,2,0.148163564,1,9,2,0,0.0
2,-1.6302288825921352,3,1,0,0.028711412,1,6,1,1,4.7775
1,1.1178939425058534,1,2,0,0.152024355,1,5,1,0,3.735
1,-0.5140148391480629,7,0,1,0.026843265,1,13,1,1,34.7225
1,-0.6327135914430985,1,2,0,0.026280116,1,6,1,0,10.075000000000001
0,0.8741840012383286,0,0,0,0.08760952875,0,1,1,0,44.625
1,-0.6060792018349369,9,1,2,0.062797771,1,5,1,0,6.3
1,-0.5475084874558892,6,0,1,0.029490377,1,13,1,1,24.58125
3,-0.7039923217067462,5,1,0,0.107714834,1,4,1,0,3.105
2,0.09753044463928577,3,1,0,0.07691533975,1,5,1,1,8.925
2,0.7362985113218538,3,1,0,0.045230944,1,13,1,1,79.5625
1,-0.7955930049011022,1,2,0,0.041886576,1,13,1,0,31.70625
1,1.3680826055102178,8,0,2,0.085703652,1,6,1,0,4.407
1,0.8741840012383286,2,0,1,0.072252888,1,4,1,1,3.9444999999999997
1,0.17743361346377062,2,0,1,0.021370201,0,14,0,1,10.5825
1,-1.2586904997113733,1,2,0,0.111127966,0,1,1,0,23.25
1,-0.40381581161932517,7,0,1,0.063946629,1,6,1,1,6.370000000000001
1,0.7495949204935115,1,2,0,0.085020342,0,7,0,0,23.75
1,1.850366837941928,2,0,1,0.042891098,1,3,1,1,15.080000000000002
1,1.960019043448455,8,0,2,0.02687089,1,5,1,0,8.75
2,0.44516854802294126,3,1,0,0.098803088,1,6,1,1,9.6525
0,0.4834588807361274,0,0,0,0.057667173,0,14,0,0,4.0647
0,-0.7492666269141365,0,0,0,0.049697923,0,0,1,0,9.023
3,0.5617215834939793,5,1,0,0.127800388,1,5,1,0,8.1
1,-0.6039334850109391,6,0,1,0.128235818,0,0,1,1,20.299999999999997
3,-0.2675292165046366,5,1,0,0.006727008,0,11,2,0,0.0
3,-1.0180536342528825,5,1,0,0.129783577,0,0,1,0,20.02
3,-1.6349424244678024,5,1,0,0.048522793,1,6,1,0,13.455
1,-0.582684173095195,6,0,1,0.111902259,1,5,1,1,9.5
1,-1.4103360782920242,1,2,0,0.092694107,1,3,1,0,4.708
1,-0.6162193926678676,8,0,2,0.146172453,0,10,1,0,14.729000000000001
1,-1.3183132868699967,6,0,1,0.076721393,1,4,0,1,2.8198
3,-0.33834426727576633,5,1,0,0.02573918,0,15,1,0,10.935
1,-0.7253247761521835,7,0,1,0.076214289,1,6,1,1,8.32
1,0.5388318055116018,9,1,2,0.037639672,1,6,1,0,8.515
0,-0.9264945223233733,0,0,0,0.032136417,1,5,1,0,10.25
0,0.7373921553662758,0,0,0,0.13187274,1,4,1,0,6.279000000000001
1,0.04914149235801539,9,1,2,0.089144149,1,3,1,0,7.440000000000001
3,-0.7721979761613603,5,1,0,0.022291121,1,6,1,0,11.765
1,-0.003538893571250516,7,0,1,0.129766301,1,13,1,1,24.201249999999998
1,0.05389660549852898,8,0,2,0.025477448,0,8,2,0,0.0
1,-1.5939595529084076,9,1,2,0.048218142,0,0,1,0,15.12
3,0.7182054177448365,5,1,0,0.066298469,1,6,1,0,4.407
1,-0.7865048868477469,1,2,0,0.093307668,1,6,1,0,4.76125
2,-0.2990018617830046,3,1,0,0.1062679,0,1,1,1,27.5
1,0.343469245260501,6,0,1,0.039920687,0,14,0,1,9.868500000000001
1,-1.624296982877507,7,0,1,0.01941154,0,7,0,1,29.125
0,0.7086536201989628,4,0,2,0.16147714,1,5,1,0,9.175
1,-1.5109417370100422,7,0,1,0.013869809,0,14,0,1,4.998
1,1.9487852085711028,1,2,0,0.141234932,1,4,1,0,6.348000000000001
2,-1.5253317902261219,3,1,0,0.013898123,0,14,0,1,4.998
3,0.7086120489341163,5,1,0,0.040318693,1,6,1,0,7.572500000000001
1,0.7038569357936032,2,0,1,0.162348584,1,3,1,1,12.0
1,1.8231856263115556,7,0,1,0.042736348,1,3,1,1,15.080000000000002
1,-0.41871111559276925,2,0,1,0.03061079775,1,6,1,1,6.695
1,-1.4247677027729502,2,0,1,0.102349519,1,4,1,1,8.855
0,-0.2633209253863343,4,0,2,0.0708009757993644,0,0,1,0,12.739999999999998
2,0.40523774924312206,3,1,0,0.104445322,0,0,1,1,9.282
1,0.4962500391504206,1,2,0,0.078339081,1,13,1,0,40.4225
1,-0.7216217357912457,6,0,1,0.034467286,0,8,2,1,0.0
1,0.7203095633039875,9,1,2,0.007468056,1,9,2,0,0.0
1,-0.21484883057537071,8,0,2,0.095795326,1,5,1,0,2.9925
1,-0.6715507461784956,6,0,1,0.020407296,0,10,1,1,17.16
1,-1.0329489382263268,9,1,2,0.064307102,1,6,1,0,8.97
0,-0.012627011624605649,0,0,0,0.054601779,0,8,2,0,0.0
1,0.6309377394633224,7,0,1,0.045295529,1,5,1,1,7.85
0,1.3622754195901285,0,0,0,0.104463896,1,6,1,0,10.627500000000001
0,0.8789806856436887,4,0,2,0.0708009757993644,1,4,1,0,4.6897
1,-0.7636566801302159,2,0,1,0.029859711,0,0,1,1,9.023
2,0.5824656446523586,3,1,0,0.032028115,1,4,1,1,2.9348
1,-0.2313846006154482,7,0,1,0.091051579,0,7,0,1,47.125
1,0.34771910764365005,7,0,1,0.00599072,1,9,2,1,0.0
1,-0.16056954984431873,8,0,2,0.017642229,0,8,2,0,0.0
3,-1.3411614935875276,5,1,0,0.115032648,1,6,1,0,10.4
1,-1.6690660373275323,6,0,1,0.043226398,0,15,1,1,14.265
0,-0.15631968746116967,0,0,0,0.056816465,0,11,2,0,0.0
3,0.635187601846471,5,1,0,0.06302467,1,4,1,0,7.406000000000001
3,-0.4937760287470478,5,1,0,0.031131455,1,6,1,0,6.175
3,0.9220677027622345,5,1,0,0.042949109,1,6,1,0,7.3775
0,0.5601226886921927,4,0,2,0.064625342,0,10,1,0,9.5667
1,-1.4880519590276649,1,2,0,0.0481669,1,4,1,0,4.83
1,0.28548692416851096,9,1,2,0.092811105,1,9,2,0,0.0
0,-1.4316685327374612,4,0,2,0.073462632,1,13,1,0,66.5
3,0.24711344892563183,5,1,0,0.089343433,0,8,2,0,0.0
3,0.9274112091898056,5,1,0,0.013951504,1,13,1,0,44.175000000000004
0,0.5414827730929639,4,0,2,0.063079544,1,5,1,0,5.55
1,1.5804861865587605,1,2,0,0.156701315,1,4,1,0,8.165000000000001
1,-1.299126549248557,6,0,1,0.077439606,0,8,2,1,0.0
1,-0.29576250091458484,7,0,1,0.031007381,1,6,1,1,4.9075
1,1.7204342507695398,9,1,2,0.092927148,1,9,2,0,0.0
1,-0.5326131834824449,1,2,0,0.153861181,0,15,1,0,13.5
2,0.6026628837885275,3,1,0,0.021583971,1,6,1,1,8.775
1,-0.9200989431162266,8,0,2,0.019199733,1,5,1,0,10.25
1,-0.8748662091736831,7,0,1,0.094488071,1,6,1,1,11.927500000000002
3,-0.5230198146717253,5,1,0,0.12342207300000001,0,10,1,0,18.0895
1,0.8757413247752688,8,0,2,0.033220169,1,6,1,0,8.352500000000001
2,0.9354056831987387,3,1,0,0.067148407,1,13,1,1,66.975
1,0.8427529272248071,1,2,0,0.167444431,1,9,2,0,0.0
1,-0.054156705206211374,6,0,1,0.045848263,1,5,1,1,5.0
3,0.16678817187347542,5,1,0,0.039055756,1,9,2,0,0.0
1,0.13746124341910496,8,0,2,0.021250002,0,14,0,0,10.5825
3,1.1834070581142586,5,1,0,0.013056494,1,9,2,0,0.0
0,-0.3623276893025657,0,0,0,0.187841082,1,3,1,0,10.0
1,-1.5402270941995662,9,1,2,0.028167478,1,6,1,0,13.0
3,-1.0218398171435135,5,1,0,0.080203852,0,0,1,0,20.09
0,0.8783922923566313,4,0,2,0.007301480666666666,0,10,1,0,16.159000000000002
3,0.8092177076521345,5,1,0,0.030347404,0,8,2,0,0.0
1,1.5181708605539284,2,0,1,0.168780385,0,14,0,1,5.04645
1,1.8290759547613378,2,0,1,0.03546967,1,3,1,1,11.32
1,1.3388388195855403,9,1,2,0.060942632,0,15,1,0,14.4
2,0.6404479657443491,3,1,0,0.047220268,0,10,1,1,7.586149999999999
1,-0.5129627663684874,2,0,1,0.017135155,0,8,2,1,0.0
1,-1.3943887015390044,1,2,0,0.092937216,1,9,2,0,0.0
1,1.841278719888573,2,0,1,0.07884393,1,6,1,1,5.232500000000001
1,-0.6460100006147561,8,0,2,0.05619195566666666,1,13,1,0,53.9125
1,-1.3214279339438768,6,0,1,0.061163967,0,2,1,1,27.6325
3,-0.4246014440425513,5,1,0,0.0229857905,1,6,1,0,8.32
2,1.1301382788979357,3,1,0,0.047684831,1,4,1,1,9.522
1,-0.23348874617459928,2,0,1,0.026992588,0,10,1,1,14.014000000000001
1,0.015059450763131801,1,2,0,0.103356186,1,13,1,0,73.625
0,-0.4421892868622041,0,0,0,0.106816919,1,6,1,0,6.370000000000001
1,-0.9590192403813168,7,0,1,0.015138834,1,5,1,1,2.74
1,1.099337169436318,9,1,2,0.071540443,1,13,1,0,41.800000000000004
2,1.610782045263013,3,1,0,0.067730081,0,14,0,1,3.9831
1,0.09168168745435018,9,1,2,0.139669224,1,5,1,0,6.675
1,0.5622268342513438,1,2,0,0.022824491,0,8,2,0,0.0
3,-1.5300869033666356,5,1,0,0.029500321,1,9,2,0,0.0
0,-0.42725241162391336,0,0,0,0.0708009757993644,1,6,1,0,11.505
1,1.899807863002774,8,0,2,0.038756864,1,6,1,0,3.76025
1,0.8304670195678789,8,0,2,0.099962524,1,13,1,0,34.36625
0,1.1541632721895816,4,0,2,0.173574402,1,9,2,0,0.0
0,-1.6940183896042142,0,0,0,0.180820798,1,9,2,0,0.0
1,0.10876427951663889,2,0,1,0.108004532,1,13,1,1,48.42625
2,0.18702698227449027,3,1,0,0.021336565,0,14,0,1,10.5825
1,-1.6620820648333283,6,0,1,0.06227604,0,15,1,1,10.935
3,1.3568903418977112,5,1,0,0.085392428,1,6,1,0,4.407
1,0.6697333229338727,9,1,2,0.135306012,0,15,1,0,15.93
2,1.9088544097912832,3,1,0,0.031866022,1,9,2,1,0.0
0,0.5803614990932076,0,0,0,0.0708009757993644,1,6,1,0,10.075000000000001
1,0.057135966366948523,9,1,2,0.02976887,1,4,1,0,6.44
1,-0.85572104281709,6,0,1,0.06321435,1,4,1,1,5.221
1,0.10076980550770577,9,1,2,0.033952603,1,13,1,0,30.78
1,-0.9499726935928081,6,0,1,0.039954281,0,11,2,1,0.0
1,1.1988076128450673,2,0,1,0.021327477,1,3,1,1,12.16
1,0.3493595737102831,9,1,2,0.010055503,1,13,1,0,83.60000000000001
1,0.8789391143788423,1,2,0,0.053980686,0,12,1,0,40.49400000000001
1,-1.6094016789040628,8,0,2,0.125224466,0,2,1,0,60.375
1,0.15719480306275574,6,0,1,0.054445198,1,5,1,1,10.05
1,1.6868990311968672,9,1,2,0.030311951,0,1,1,0,20.0
1,0.05494867827810452,9,1,2,0.039071642,1,13,1,0,85.5
3,0.0012577908341095444,5,1,0,0.029510313,1,6,1,0,11.5375
1,-0.47517768441266567,6,0,1,0.033851785,0,12,1,1,23.766000000000002
1,0.21361980061780572,7,0,1,0.075881475,1,9,2,1,0.0
1,-0.3905609737125139,1,2,0,0.020853376,1,4,1,0,6.026
1,1.955180787778249,7,0,1,0.124758619,1,3,1,1,5.172000000000001
0,-1.564168944961519,4,0,2,0.083862625,0,8,2,0,0.0
1,1.4575375718805759,7,0,1,0.060188932,1,9,2,1,0.0
1,0.4366272519917971,2,0,1,0.046023105,1,13,1,1,74.1
0,-0.6635562721695625,0,0,0,0.062903297,0,8,2,0,0.0
2,0.891183450770924,3,1,0,0.073209447,1,5,1,1,6.825
1,-0.997856395116714,9,1,2,0.017887238,1,13,1,0,64.125
1,-0.8024938348656131,1,2,0,0.028395167,1,13,1,0,78.375
1,0.24770184221268932,6,0,1,0.032152786,1,3,1,1,6.492000000000001
1,-0.8621166220242363,8,0,2,0.063226306,1,4,1,0,5.221
1,1.239326804911944,8,0,2,0.0552059,1,6,1,0,9.815
1,-1.2916788972618352,7,0,1,0.083009876,1,9,2,1,0.0
1,-0.29896029051815814,6,0,1,0.05074138,1,3,1,1,6.0
0,1.1648087137798766,4,0,2,0.019671473,1,13,1,0,84.78750000000001
0,0.1231127614678717,4,0,2,0.10818157,1,4,1,0,4.2642
1,-0.5044214703373432,1,2,0,0.183142346,1,4,1,0,8.395
1,-0.02592342079626292,8,0,2,0.044908404,0,8,2,0,0.0
1,-0.17386595901597598,6,0,1,0.054474158,0,1,1,1,21.5
0,0.33492794922935687,4,0,2,0.106907604,0,2,1,0,27.527499999999996
0,-1.023355569415607,4,0,2,0.094817105,0,7,0,0,29.500000000000007
1,0.7687816581149508,1,2,0,0.012437935,1,6,1,0,12.8375
2,1.4005657523033148,3,1,0,0.070979698,1,5,1,1,9.35
1,1.490020718673673,6,0,1,0.096715523,1,6,1,1,12.415000000000001
1,-1.7142987712700761,2,0,1,0.055301055,0,8,2,1,0.0
3,0.12096704464387416,5,1,0,0.027644732,0,0,1,0,21.21
1,-0.20689592783128405,2,0,1,0.10883825675,1,9,2,1,0.0
1,-1.3342606636230165,8,0,2,0.036037952,0,10,1,0,26.9555
3,1.6970807932946443,5,1,0,0.130544568,1,5,1,0,6.075
1,-0.5965274042890635,9,1,2,0.023988387,1,9,2,0,0.0
0,-0.9643211755440412,0,0,0,0.042464962,0,0,1,0,21.7
2,0.0331941156049956,3,1,0,0.105573769,1,5,1,1,7.0
1,1.731121263624682,8,0,2,0.021425341,1,9,2,0,0.0
3,1.790197228761094,5,1,0,0.09370568,1,9,2,0,0.0
1,1.7369284495447708,2,0,1,0.141398626,0,7,0,1,39.375
1,-0.292606282575858,8,0,2,0.112321218,1,9,2,0,0.0
1,-1.4768596954151585,8,0,2,0.139228412,1,3,1,0,6.968000000000001
0,0.28864314250723755,0,0,0,0.105265475,0,14,0,0,6.4515
1,-1.0000021119407114,9,1,2,0.008554102,0,0,1,0,25.2
2,-0.5613517186497577,3,1,0,0.175060504,1,13,1,1,44.175000000000004
1,0.1236595834900827,7,0,1,0.04551031,0,8,2,1,0.0
1,-1.6354892464900133,7,0,1,0.043322254,0,15,1,1,14.265
1,-1.234707077684574,7,0,1,0.11144608,0,1,1,1,23.25
3,0.8528931180577383,5,1,0,0.066358426,1,9,2,0,0.0
1,-1.2942882935783508,2,0,1,0.068256316,1,4,1,1,6.21
1,-1.6701181101071079,2,0,1,0.046350909,1,5,1,1,3.3175
2,-0.739168007346052,3,1,0,0.108679906,1,4,1,1,3.105
1,0.3376620593404119,2,0,1,0.13842353,1,5,1,1,4.4475
1,1.383524731505873,2,0,1,0.016055615,1,13,1,1,80.75
1,0.6798735137668038,8,0,2,0.092226754,1,5,1,0,9.175
3,1.6587073180517653,5,1,0,0.076183667,1,9,2,0,0.0
1,-1.0702287694247838,2,0,1,0.033568871,0,14,0,1,8.262
3,0.5590706159126168,5,1,0,0.035853059,1,5,1,0,5.55
1,-0.19301112537256931,1,2,0,0.026963909,1,9,2,0,0.0
1,0.1651477058068424,9,1,2,0.028461453,1,4,0,0,4.1078
1,-0.4389499259937843,6,0,1,0.071064499,0,14,0,1,3.7077
1,-0.8764651039754696,1,2,0,0.045334098,0,14,0,0,2.9223000000000003
1,-0.2547796293551901,1,2,0,0.09357779,1,13,1,0,56.050000000000004
2,-1.3880346935967043,3,1,0,0.077548732,0,8,2,1,0.0
2,0.3589113712561563,3,1,0,0.032387589,0,8,2,1,0.0
0,1.7353711260078306,0,0,0,0.016758569,1,13,1,0,37.54875
0,-0.8898030844119736,4,0,2,0.105893301,0,0,1,0,18.9
0,0.8368625987750256,0,0,0,0.036921781,0,10,1,0,13.584999999999999
1,-0.7418189749274143,9,1,2,0.119721451,1,9,2,0,0.0
1,1.386722521109446,9,1,2,0.102670882,1,4,1,0,6.141
1,1.4622926850210893,8,0,2,0.060699725,0,0,1,0,28.49
1,-1.6903153492432768,7,0,1,0.045358609,0,0,1,1,13.72
1,0.3525157920490097,7,0,1,0.048785427,0,11,2,1,0.0
0,1.8301280275409137,4,0,2,0.156304192,1,13,1,0,88.825
1,0.08802021835825904,2,0,1,0.024795057,1,9,2,1,0.0
1,1.6613998568979742,8,0,2,0.047429578,1,5,1,0,4.8475
1,-0.5576486782888199,1,2,0,0.151279591,1,3,1,0,5.6000000000000005
1,-0.7801093076406005,6,0,1,0.077178965,0,14,0,1,3.5496
0,1.3665252819732776,4,0,2,0.074517508,1,6,1,0,4.787249999999999
1,-0.20904164465528205,8,0,2,0.057827101,1,5,1,0,4.4925
1,-0.4027637388397494,7,0,1,0.024213342,1,3,1,1,8.08
1,-0.4272939828887598,6,0,1,0.028674471,1,9,2,1,0.0
0,0.7437461633085759,4,0,2,0.164438907,1,5,1,0,9.6
1,-0.5129211951036409,1,2,0,0.042923071,1,6,1,0,9.49
3,-0.3016528293643669,5,1,0,0.112119359,0,14,0,0,4.5135
1,0.5122389871682869,7,0,1,0.177629525,1,9,2,1,0.0
2,-0.3580362556545704,3,1,0,0.046154394,1,13,1,1,54.625
1,-0.6907374837999352,1,2,0,0.03951998725,1,13,1,0,39.87625
2,0.3552083308952187,3,1,0,0.117149075,0,0,1,1,14.7
2,-0.6204692550510165,3,1,0,0.031176157,1,6,1,1,8.125
1,-0.5177594507738471,9,1,2,0.017065268,0,8,2,0,0.0
2,0.6361981033612001,3,1,0,0.042855388,0,10,1,1,17.3745
0,0.8427529272248071,4,0,2,0.0708009757993644,1,9,2,0,0.0
1,-0.6300626238617364,8,0,2,0.022278477,0,1,1,0,24.0
1,-1.5178425669745532,7,0,1,0.058513255,1,13,1,1,71.25
1,-1.2996318000059217,7,0,1,0.112324552,1,13,1,1,49.37625
1,-0.033371072782985046,8,0,2,0.012607876,1,13,1,0,86.45
2,-0.5049682923595542,3,1,0,0.017108186,0,8,2,1,0.0
1,1.4064145094882503,6,0,1,0.085119855,1,13,1,1,50.5875
2,1.521410221422348,3,1,0,0.018982338,0,8,2,1,0.0
1,0.7820364960217621,7,0,1,0.050442528,1,9,2,1,0.0
1,-1.001054184720287,1,2,0,0.080527065,0,0,1,0,20.09
0,0.12416483424744769,0,0,0,0.046496777,0,0,1,0,21.21
3,-0.3245010360818976,5,1,0,0.071948252,1,5,1,0,6.425
1,-0.8173891388390574,1,2,0,0.052511611,1,5,1,0,5.25
1,-0.3883736856236699,1,2,0,0.0295762625,1,9,2,0,0.0
2,0.3019395516788953,3,1,0,0.091857904,1,9,2,1,0.0
2,1.9488267798359489,3,1,0,0.119157788,1,9,2,1,0.0
3,-1.5109833082748887,5,1,0,0.007180374,0,0,1,0,9.925999999999998
1,-0.3628329400599303,6,0,1,0.163910938,1,9,2,1,0.0
1,-0.28995531499449595,2,0,1,0.06478563,0,8,2,1,0.0
0,-1.6482804049043063,0,0,0,0.03242518,0,7,0,0,29.125
0,0.6309377394633224,0,0,0,0.075661985,1,5,1,0,7.85
1,0.5089996262998668,2,0,1,0.106928681,1,6,1,1,7.995000000000001
1,-0.007325076461881057,1,2,0,0.120180894,0,11,2,0,0.0
0,1.8306332782982777,4,0,2,0.118535581,0,1,1,0,14.2375
1,0.5942047302870763,2,0,1,0.017845372,1,3,1,1,9.28
2,-1.452959415918052,3,1,0,0.069707771,0,10,1,1,18.0895
0,0.5888196525946587,0,0,0,0.061330521,1,9,2,0,0.0
3,-0.3117098776676046,5,1,0,0.016531033,1,5,1,0,9.675
3,0.77458884403504,5,1,0,0.052554508,1,13,1,0,89.0625
0,1.8247845211133427,0,0,0,0.083536071,0,10,1,0,21.735999999999997
3,-0.5975379058037928,5,1,0,0.127638966,0,0,1,0,20.299999999999997
1,0.5749764214007905,8,0,2,0.032448523,0,0,1,0,29.19
0,0.5430816678947504,0,0,0,0.060302689,1,5,1,0,5.55
1,0.20192228624793454,8,0,2,0.028417272,1,4,0,0,4.1078
1,0.7400015516827914,6,0,1,0.014209811,1,13,1,1,45.6
3,-1.4140806899178084,5,1,0,0.041754584,1,13,1,0,66.5
2,0.7634381516873798,3,1,0,0.05271592,1,9,2,1,0.0
1,1.6858885296821382,7,0,1,0.059055045,1,9,2,1,0.0
2,-1.534883587771995,3,1,0,0.071425647,0,8,2,1,0.0
1,0.604261778590314,8,0,2,0.059405152,1,9,2,0,0.0
2,0.6080063902160986,3,1,0,0.022696131,1,6,1,1,8.352500000000001
3,1.438856085016501,5,1,0,0.076798609,0,14,0,0,9.945
0,-1.2432068024508718,4,0,2,0.155316936,1,6,1,0,5.06025
1,0.5973609486258029,8,0,2,0.065896556,1,13,1,0,72.4375
0,1.7406730611705552,4,0,2,0.19875618,1,9,2,0,0.0
1,0.16729342263083993,9,1,2,0.046159928,0,8,2,0,0.0
1,-1.4550635614772032,1,2,0,0.032075379,1,3,1,0,8.08
0,0.046448953511806855,0,0,0,0.012620221,1,4,1,0,8.05
1,-0.2548212006200366,9,1,2,0.059894378,1,6,1,0,13.13
1,0.7261998917537696,7,0,1,0.040597054,1,6,1,1,7.572500000000001
1,0.3136786373136125,6,0,1,0.115010655,0,14,0,1,3.12885
3,1.9088544097912832,5,1,0,0.026740767,1,5,1,0,8.75
0,-0.32079799572096,0,0,0,0.077622622,0,1,1,0,37.5
1,-1.4129870458733864,2,0,1,0.069817659,0,10,1,1,18.0895
1,0.03365779509751366,2,0,1,0.176070535,0,14,0,1,2.8840500000000002
3,0.3317717308906303,5,1,0,0.095919472,0,1,1,0,14.450000000000001
3,0.1821887266042842,5,1,0,0.046408928,1,3,1,0,5.460000000000001
1,1.5894911620824226,2,0,1,0.035780385,1,13,1,1,45.6
1,-0.203698138227711,7,0,1,0.093214866,1,9,2,1,0.0
1,-1.5929490513936784,6,0,1,0.047888606,0,8,2,1,0.0
1,0.7410951957272134,7,0,1,0.0480335,1,6,1,1,13.39
1,-1.3491559675964608,6,0,1,0.115570552,1,6,1,1,10.4
1,0.17743361346377062,6,0,1,0.023333338571428573,0,14,0,1,10.5825
1,1.5677365994093138,9,1,2,0.052149675,0,14,0,0,5.508000000000001
1,0.6505881565772799,1,2,0,0.043727261,1,13,1,0,62.4625
2,-0.5060203651391297,3,1,0,0.038657256,1,6,1,1,8.0275
2,1.2217389620922912,3,1,0,0.035731825,0,1,1,1,16.775
1,0.5680755914362794,2,0,1,0.046280998,1,13,1,1,97.85000000000001
1,-0.6284221577951031,9,1,2,0.045052492,1,13,1,0,53.9125
1,-0.2888200996852275,2,0,1,0.029236727,1,9,2,1,0.0
1,-0.42085683241676697,7,0,1,0.013064516,1,6,1,1,8.8725
1,-0.8664080556722317,2,0,1,0.025907416,0,10,1,1,26.455
1,0.5611747614717683,2,0,1,0.12639886,1,6,1,1,10.075000000000001
1,-0.3623276893025657,6,0,1,0.02587742425,0,15,1,1,10.935
1,-0.5853767119414036,6,0,1,0.015301418,0,7,0,1,45.875
3,1.3861756990872351,5,1,0,0.070349402,1,5,1,0,9.35
0,1.4852240342683132,4,0,2,0.0148370688,1,6,1,0,13.227500000000001
3,0.746943952912149,5,1,0,0.041663111,0,8,2,0,0.0
2,-0.3192406721840197,3,1,0,0.042463728,0,7,0,1,23.25
1,-1.4561156342567787,2,0,1,0.154363209,1,3,1,1,6.272
3,0.1651477058068424,5,1,0,0.02827966,1,4,0,0,4.1078
1,-0.5602996458701822,9,1,2,0.057021156,0,0,1,0,15.61
1,-0.9232967327198,2,0,1,0.015949001,0,0,1,1,12.873
2,-0.5060619364039762,3,1,0,0.01863822,1,13,1,1,91.91250000000001
1,0.4818599859343409,9,1,2,0.135944247,0,7,0,0,41.5
0,0.23167132292997658,4,0,2,0.0708009757993644,0,10,1,0,17.6605
0,0.6787798697223818,4,0,2,0.024531620400000002,0,12,1,0,15.136800000000001
1,-1.6158388293760557,1,2,0,0.028571132,1,6,1,0,4.7775
1,0.11086842507578996,8,0,2,0.04552193933333334,0,8,2,0,0.0
3,0.45417352354660345,5,1,0,0.135075924,1,6,1,0,11.05
1,0.045943702754442324,2,0,1,0.100423086,1,6,1,1,9.815
1,1.5395033149993653,1,2,0,0.032599801,1,5,1,0,3.75
1,1.2025937957356982,9,1,2,0.08995645,1,5,1,0,7.625
1,1.9951531578229145,1,2,0,0.069487587,0,8,2,0,0.0
1,0.22426524220810093,8,0,2,0.128206001,0,1,1,0,48.75
1,-0.8248367908257795,8,0,2,0.130955811,1,4,1,0,2.668
1,-1.4827500238649407,1,2,0,0.072334667,1,4,1,0,5.681
1,0.004919259930200678,8,0,2,0.058346939,1,4,1,0,3.2545
1,1.2887678299727903,1,2,0,0.056941603,1,6,1,0,11.18
1,0.18807905505406627,2,0,1,0.046348967,0,8,2,1,0.0
1,0.8305085908327254,2,0,1,0.049583899,1,13,1,1,99.75
1,1.6714984764660585,2,0,1,0.059268885,1,9,2,1,0.0
1,0.6596347033657884,2,0,1,0.01005532,0,10,1,1,30.3875
1,1.3361462807393316,8,0,2,0.103449993,1,6,1,0,12.35
1,-1.3326201975563836,8,0,2,0.052312034,1,5,1,0,3.68
3,0.2200153798249523,5,1,0,0.075361182,1,9,2,0,0.0
1,1.9408323058270156,9,1,2,0.118858866,1,9,2,0,0.0
1,0.3615623388375188,1,2,0,0.062476391,0,0,1,0,27.09
1,1.9296400422145095,8,0,2,0.019511288,1,4,1,0,6.831
1,0.5702628795251233,2,0,1,0.061008889,0,2,1,1,37.432500000000005
3,-0.32454260734674406,5,1,0,0.141129263,1,13,1,0,96.66250000000001
2,1.9110416978801272,3,1,0,0.066338717,0,7,0,1,16.425
1,-0.5097649767649141,7,0,1,0.087630566,1,6,1,1,8.19
1,-1.6025008489395518,8,0,2,0.105666833,1,6,1,0,9.815
1,0.4552671675910254,2,0,1,0.081096613,1,9,2,1,0.0
1,-0.90099534802448,7,0,1,0.060603014,0,0,1,1,18.9
2,-1.719642277697647,3,1,0,0.062541552,0,15,1,1,10.935
1,-0.35323957124921057,2,0,1,0.052025392,1,13,1,1,87.875
0,-1.0143090226270983,4,0,2,0.078576075,0,14,0,0,7.548000000000001
3,-1.3912324832002776,5,1,0,0.096592065,1,4,0,0,6.348000000000002
0,-0.3367869437388263,4,0,2,0.045465958,1,6,1,0,5.71025
3,-0.5518414923687309,5,1,0,0.033436336,1,9,2,0,0.0
1,1.4000605015459502,6,0,1,0.118868155,1,13,1,1,71.25
3,0.5707265590176415,5,1,0,0.053211728,1,4,1,0,2.9532
0,1.3691346782897933,4,0,2,0.160665697,1,13,1,0,72.19999999999999
1,-0.26222728134191226,6,0,1,0.055216312,1,3,1,1,6.248
1,1.7353711260078306,8,0,2,0.010012319,1,13,1,0,37.54875
2,-1.7307929700453069,3,1,0,0.160379061,1,5,1,1,8.05
0,1.7768592483245897,0,0,0,0.123727659,1,4,1,0,5.796
0,1.9248433578091495,0,0,0,0.146701312,1,4,1,0,4.1147
1,-0.9957106782927162,7,0,1,0.026375082,1,5,1,1,7.15
0,-0.4910834899008392,4,0,2,0.148764535,1,13,1,0,33.4875
1,0.8618980935814005,2,0,1,0.118025091,0,0,1,1,28.279999999999998
1,1.9509724966599469,1,2,0,0.038724612,1,6,1,0,3.76025
1,1.853564627545502,9,1,2,0.042716162,1,3,1,0,15.080000000000002
1,1.9163020617780053,9,1,2,0.075868843,0,0,1,0,21.7
1,0.831560663612301,9,1,2,0.167844438,1,9,2,0,0.0
1,-0.6614521266104114,7,0,1,0.125857678,1,5,1,1,5.75
3,0.6494945125328578,5,1,0,0.091780142,1,5,1,0,9.175
1,0.4664178599386856,8,0,2,0.14024028,0,12,1,0,10.944600000000001
0,0.13640917063952943,4,0,2,0.104784329,1,6,1,0,7.215
0,0.15025240183339814,4,0,2,0.098031771,0,8,2,0,0.0
1,0.48669824160454694,9,1,2,0.142632186,0,15,1,0,6.84
0,-0.49966635719682984,4,0,2,0.019117392,0,10,1,0,16.6595
1,-1.394430272803851,7,0,1,0.077390746,0,8,2,1,0.0
1,1.4277469639336873,2,0,1,0.03674399,1,9,2,1,0.0
0,-0.5948869382224306,4,0,2,0.10178199,0,8,2,0,0.0
1,-1.5349251590368416,2,0,1,0.099887103,1,9,2,1,0.0
1,1.90565662018771,7,0,1,0.087823675,1,4,1,1,4.1147
1,-0.6300626238617364,2,0,1,0.022404493,0,1,1,1,24.0
1,-0.24417575902974117,6,0,1,0.090850115,0,7,0,1,47.125
2,0.7118098385376899,3,1,0,0.066892471,1,6,1,1,4.407
2,1.6161671229554304,3,1,0,0.045168898,1,4,1,1,7.176
1,-0.39527451558818083,1,2,0,0.174228338,1,6,1,0,11.505
1,-1.3358179871599567,7,0,1,0.118419683,0,11,2,1,0.0
2,0.1342634538155319,3,1,0,0.02956104975,0,8,2,1,0.0
2,0.6767172954280768,3,1,0,0.067055339,1,5,1,1,4.65
1,-0.2005003486241379,1,2,0,0.0708009757993644,1,6,1,0,7.4750000000000005
0,-1.0079550146847982,4,0,2,0.086905536,1,6,1,0,12.5775
0,-0.42880973516085363,0,0,0,0.132183029,0,14,0,0,3.12885
1,0.8624449156036115,6,0,1,0.054920146,0,0,1,1,22.049999999999997
2,-0.6806388642318507,3,1,0,0.126114605,1,5,1,1,5.75
1,-1.341203064852374,1,2,0,0.030064132,1,3,1,0,10.4
1,0.9002299975594331,1,2,0,0.11507174,0,14,0,0,6.018000000000001
1,-0.9728209003103389,2,0,1,0.008589133,0,0,1,1,25.2
0,-0.5970326550464281,0,0,0,0.094512029,0,1,1,0,52.125
0,1.9845077162326195,4,0,2,0.104784329,0,8,2,0,0.0
1,-0.2553264513774011,9,1,2,0.038707694,0,7,0,0,49.25
1,1.119029157815122,8,0,2,0.015460726,1,5,1,0,6.075
0,-0.5161605559720607,0,0,0,0.124910635,1,4,1,0,9.246
3,0.6506297278421262,5,1,0,0.01561108,1,9,2,0,0.0
2,-1.4423139743277567,3,1,0,0.042352822,1,4,0,1,6.509
1,-1.3757903572046222,6,0,1,0.010937229,1,13,1,1,31.4925
1,-0.7231790593281857,8,0,2,0.050279604,0,14,0,0,7.752
1,-0.34524509724027747,7,0,1,0.12470444,1,5,1,1,9.0
1,-0.14138281222287893,9,1,2,0.1052096715,1,13,1,0,31.6825
1,-0.31650656207296446,9,1,2,0.021490911,1,6,1,0,12.5775
2,0.24980598777184038,3,1,0,0.021518435,0,0,1,1,28.979999999999997
1,-0.9227914819624354,6,0,1,0.010639596,1,3,1,1,8.88
2,-0.9951638562705052,3,1,0,0.079668739,1,3,1,1,7.2
1,0.7649954752243203,1,2,0,0.052766297,1,13,1,0,89.0625
1,-1.6424316477193708,7,0,1,0.029799965,1,13,1,1,79.5625
1,-1.4646153590230764,2,0,1,0.012184999,0,8,2,1,0.0
0,-0.00459096635082605,0,0,0,0.076755106,1,5,1,0,5.0
0,-0.2606283865401255,4,0,2,0.185306514,0,1,1,0,27.5
2,0.5371913394449689,3,1,0,0.096906831,0,10,1,1,28.886
1,1.3851236263076596,8,0,2,0.091763303,1,13,1,0,72.2
1,1.1317787449645687,1,2,0,0.099053537,1,9,2,0,0.0
2,1.8349247119462728,3,1,0,0.1026783142,1,13,1,1,88.825
1,1.1025349590398912,6,0,1,0.09619424,1,13,1,1,59.85
3,-0.1296852978530082,5,1,0,0.020876485,0,8,2,0,0.0
0,-1.2229679920498566,0,0,0,0.187918654,0,8,2,0,0.0
1,-0.3884152568885164,1,2,0,0.163805509,1,9,2,0,0.0
1,-0.5278580703419316,2,0,1,0.111931193,0,11,2,1,0.0
1,-1.0399329107205306,7,0,1,0.049736267,1,6,1,1,12.5775
0,-1.6520250165300905,0,0,0,0.021287234,0,10,1,0,9.0376
3,0.171038034256624,5,1,0,0.025164132,0,8,2,0,0.0
1,1.7630160171307216,8,0,2,0.018410515,1,5,1,0,6.075
1,-0.6641030941917735,2,0,1,0.135836828,1,9,2,1,0.0
0,-0.5459095926541024,0,0,0,0.080442371,1,9,2,0,0.0
1,0.8820953327175689,2,0,1,0.043402224,1,6,1,1,7.3775
3,0.4377208960362191,5,1,0,0.085538477,1,13,1,0,42.75
1,0.7714326256963129,1,2,0,0.119351235,0,10,1,0,11.661649999999998
0,1.7018774777000045,0,0,0,0.128136346,1,9,2,0,0.0
1,-0.4246014440425513,9,1,2,0.028765486,1,3,1,0,7.916
1,0.04914149235801539,8,0,2,0.107057186,1,6,1,0,3.549
1,0.35201054129164516,9,1,2,0.01950565,0,11,2,0,0.0
0,0.8682936727885471,0,0,0,0.129731747,1,9,2,0,0.0
0,-0.5709450874604776,4,0,2,0.028048877,1,9,2,0,0.0
1,0.689972133334888,7,0,1,0.021617397,0,12,1,1,15.136800000000001
3,0.3594166220135208,5,1,0,0.044391149,1,3,1,0,9.88
1,-0.8871105455657651,8,0,2,0.05272914,1,3,1,0,7.18
1,-0.4251066947999158,9,1,2,0.075287081,1,4,1,0,2.645
1,0.8071135620929835,1,2,0,0.075981306,1,5,1,0,6.325
0,-0.8898030844119736,0,0,0,0.101231721,0,0,1,0,18.9
2,0.40258678166176,3,1,0,0.053277342500000005,1,9,2,1,0.0
2,-0.6992372085662328,3,1,0,0.034551415,0,0,1,1,20.02
1,-0.39481083609566275,9,1,2,0.050369191,1,3,1,0,13.280000000000001
2,-0.8354822324160749,3,1,0,0.041459372,1,9,2,1,0.0
3,1.6486086984836812,5,1,0,0.038795212999999995,1,6,1,0,6.5
3,0.574512741908272,5,1,0,0.00994477,1,9,2,0,0.0
1,-0.6901906617777241,1,2,0,0.06082402,0,0,1,0,23.38
1,0.8991779247798571,6,0,1,0.072898645,1,5,1,1,6.825
1,0.011356410402193743,8,0,2,0.013130031,1,9,2,0,0.0
1,-1.6983513945170563,1,2,0,0.045653999,1,13,1,0,47.975
0,0.28064866849830444,4,0,2,0.19033746,1,13,1,0,98.5625
1,-1.4508136990940543,1,2,0,0.047081398,1,5,1,0,4.5975
1,1.1520175553655836,2,0,1,0.095195306,0,10,1,1,8.80165
1,0.9141148000181478,1,2,0,0.033192524,1,6,1,0,8.352500000000001
1,0.3557135816525832,8,0,2,0.048686689,0,11,2,0,0.0
1,1.907297086254343,7,0,1,0.080804019,1,5,1,1,6.825
1,1.9301868642367204,9,1,2,0.038817121,1,6,1,0,3.76025
0,0.39993581408039747,0,0,0,0.011211251,1,9,2,0,0.0
2,0.19872449664436145,3,1,0,0.015364173,1,13,1,1,34.74625
3,1.7646564831973546,5,1,0,0.030476541,1,13,1,0,74.575
1,-0.4911250611656857,2,0,1,0.037835765,1,6,1,1,12.155
1,-0.002486820791674982,8,0,2,0.034699737,1,3,1,0,15.4
1,0.6942219957180371,1,2,0,0.066565644,1,6,1,0,4.407
0,1.3367346740263892,0,0,0,0.089688978,1,6,1,0,6.565
1,-0.33889108929797734,6,0,1,0.026180032,1,9,2,1,0.0
0,1.4096122990918234,4,0,2,0.063121982,1,5,1,0,5.0
2,-1.5136342758562509,3,1,0,0.139795569,1,3,1,1,6.968000000000001
1,1.6778940556732052,7,0,1,0.131445848,1,5,1,1,6.075
1,0.31683485565233954,8,0,2,0.116673795,0,0,1,0,14.7
3,1.2866636844136388,5,1,0,0.17514326,1,6,1,0,12.902500000000002
1,0.44407490397851923,8,0,2,0.085931544,1,13,1,0,52.9625
1,0.6457914721719198,9,1,2,0.014482153,0,8,2,0,0.0
1,-0.2212444097825173,7,0,1,0.051596927,1,5,1,1,10.0
1,-1.7100073376220806,6,0,1,0.082915017,1,5,1,1,3.875
0,-1.6126410397724824,0,0,0,0.0708009757993644,0,0,1,0,9.401
1,-0.266013464232543,2,0,1,0.096337184,1,5,1,1,2.9925
1,-0.8786523920643137,7,0,1,0.062350672,0,0,1,1,29.19
1,1.8295396342538557,9,1,2,0.013658248,1,5,1,0,8.75
3,0.8874804104099864,5,1,0,0.077132215,1,9,2,0,0.0
1,1.9317441877736605,6,0,1,0.025822315,1,3,1,1,8.0
1,-1.22136909724807,6,0,1,0.054618573,0,15,1,1,15.03
1,1.410117549849188,9,1,2,0.056960814,1,13,1,0,65.55
1,0.6798735137668038,6,0,1,0.169776346,1,3,1,1,16.56
1,1.434606222633352,9,1,2,0.119361718,1,4,1,0,6.256
1,1.6698995816642719,2,0,1,0.131921819,1,5,1,1,6.075
2,1.6336718232453904,3,1,0,0.039454924,1,5,1,1,9.3
3,0.6000534874720119,5,1,0,0.034717799,1,3,1,0,4.752000000000001
1,0.20078707093866607,2,0,1,0.009995002,1,13,1,1,70.5375
0,-0.5608880391572396,0,0,0,0.071904258,1,6,1,0,9.49
1,0.09593154983749924,9,1,2,0.061883353,1,4,1,0,4.2642
1,0.16518927707168887,7,0,1,0.054565932,1,5,1,1,10.05
2,0.8778870415992668,3,1,0,0.008829806,1,9,2,1,0.0
1,0.7437877345734224,6,0,1,0.019046089,0,14,0,1,5.355
1,0.019897706433337877,8,0,2,0.040945898,1,13,1,0,76.0
0,0.8597523767574025,0,0,0,0.055603753,1,6,1,0,8.352500000000001
1,-0.7557037773861293,9,1,2,0.03928284,1,13,1,0,83.60000000000001
1,-1.2852833180546888,2,0,1,0.160095901,1,6,1,1,11.2125
1,-0.4421892868622041,2,0,1,0.034765901,0,7,0,1,34.625
2,-0.5230613859365717,3,1,0,0.083367473,1,6,1,1,10.855
1,0.5484251743223215,6,0,1,0.044976367,0,14,0,1,6.63
1,0.7884320752289082,2,0,1,0.021984639,1,5,1,1,6.15
1,0.40418567646354653,7,0,1,0.01100413,1,13,1,1,49.875
1,-1.5429196330457746,8,0,2,0.099325278,1,9,2,0,0.0
2,0.7331422929831267,3,1,0,0.021661527,0,12,1,1,15.136800000000001
1,-1.5445185278475615,1,2,0,0.013830218,0,14,0,0,4.998
2,1.5155198929725657,3,1,0,0.033024328,0,8,2,1,0.0
1,-0.3372921944961908,2,0,1,0.073289899,1,13,1,1,46.550000000000004
1,-0.3090589100862426,2,0,1,0.088693595,1,13,1,1,41.11125
1,-1.3863942275300711,1,2,0,0.0574301785,1,13,1,0,75.2875
2,-0.017970518052176258,3,1,0,0.068055818,0,8,2,1,0.0
2,0.19333941895194393,3,1,0,0.019457372,0,14,0,1,8.262
1,0.4626732483129011,6,0,1,0.046762633,1,6,1,1,5.7005
1,0.13590391988216488,8,0,2,0.146299902,0,12,1,0,35.394000000000005
1,-0.8924540519933359,8,0,2,0.045371855,0,14,0,0,2.9223000000000003
1,-0.015824801228178722,7,0,1,0.032687702,0,8,2,1,0.0
1,0.42753913393844195,1,2,0,0.035121963,1,6,1,0,6.175
1,-1.472651404296856,7,0,1,0.030869612,1,13,1,1,53.9125
1,0.6751184006262902,8,0,2,0.083799283,0,10,1,0,29.1005
1,-0.9808153743192719,1,2,0,0.020542737,0,11,2,0,0.0
3,-0.31970435167653777,5,1,0,0.026058181,1,9,2,0,0.0
0,0.6436457553479222,4,0,2,0.019114349,1,13,1,0,45.125
1,1.7060857688183066,8,0,2,0.021969896,1,6,1,0,8.19
1,-1.0021478287647092,6,0,1,0.151044881,0,10,1,1,29.1005
1,0.32588140244084823,8,0,2,0.120497266,1,9,2,0,0.0
3,0.3552083308952187,5,1,0,0.116108797,0,0,1,0,14.7
3,-0.9397909314950308,5,1,0,0.150341867,0,10,1,0,29.1005
3,-0.364978656883928,5,1,0,0.042412572,1,4,1,0,7.682
1,-1.3880346935967043,2,0,1,0.077670981,0,8,2,1,0.0
1,0.8097229584094991,8,0,2,0.037403973,1,5,1,0,10.425
1,1.1845007021586806,6,0,1,0.047482391,1,4,1,1,9.522
2,0.861939664846247,3,1,0,0.028638276,0,0,1,1,13.02
1,-0.4224972984834,2,0,1,0.038948125,1,6,1,1,5.320250000000001
3,-1.6339319229530733,5,1,0,0.045088724,1,4,0,0,8.786000000000001
1,-0.9121876116369865,7,0,1,0.011148865,1,13,1,1,48.925000000000004
1,1.6933361816688604,8,0,2,0.056434817,0,0,1,0,15.82
1,-1.402341604283091,8,0,2,0.092771309,1,3,1,0,4.708
1,-1.0419954850148354,6,0,1,0.02689477,1,9,2,1,0.0
2,0.20078707093866607,3,1,0,0.064030636,1,5,1,1,3.78
3,-0.2297441345488152,5,1,0,0.038549197,0,7,0,0,49.25
1,-0.3974202324121786,1,2,0,0.028696932,1,3,1,0,7.916
1,-0.9222446599402244,6,0,1,0.105225964,1,9,2,1,0.0
2,-1.6813103737196144,3,1,0,0.110479217,1,5,1,1,7.925
1,0.20242753700529906,1,2,0,0.060376776,1,5,1,0,7.0
3,0.10872270825179242,5,1,0,0.048980156,1,6,1,0,8.8725
1,0.5217492134493136,6,0,1,0.029158763,1,3,1,1,7.756
1,1.3292454507748206,8,0,2,0.05706009,1,4,1,0,7.36
1,-1.2581436776891621,8,0,2,0.11227101,0,8,2,0,0.0
3,-0.8557626140819364,5,1,0,0.062547321,0,0,1,0,24.29
1,-1.5471279241640772,8,0,2,0.121725411,1,13,1,0,61.0375
1,-1.3762956079619868,2,0,1,0.038736838,1,4,1,1,5.336
1,0.1763399694193486,7,0,1,0.027224917,1,3,1,1,6.04
1,1.382514229991144,9,1,2,0.10361083,1,6,1,0,12.35
1,0.9322078935951656,8,0,2,0.054630834,0,8,2,0,0.0
1,0.2652065425026492,2,0,1,0.025552424,1,6,1,1,3.93575
1,0.5612163327366148,7,0,1,0.103988736,1,6,1,1,9.879999999999999
0,-1.073426559028357,4,0,2,0.063649582,1,5,1,0,10.25
1,-0.565096330275542,8,0,2,0.111923422,1,5,1,0,9.5
1,-1.3171780715607282,2,0,1,0.115535487,1,5,1,1,4.5975
1,0.6591294526084239,6,0,1,0.066237024,0,2,1,1,57.75
0,-0.02062148563353878,0,0,0,0.02197698,1,9,2,0,0.0
0,-0.3027049021439424,0,0,0,0.011314423,0,11,2,0,0.0
1,0.9119690831941504,7,0,1,0.068219025,1,6,1,1,10.627500000000001
2,0.6926231009162501,3,1,0,0.032308482,1,3,1,1,4.368
1,-0.508124510698281,2,0,1,0.043201813,1,6,1,1,9.49
2,-0.954222555975957,3,1,0,0.015169739,1,5,1,1,2.74
1,1.5975272073562021,8,0,2,0.026064486,0,0,1,0,25.479999999999997
1,0.631442990220687,2,0,1,0.036879539,1,5,1,1,6.575
1,1.9365408721790205,1,2,0,0.069981909,1,4,1,0,4.738
0,-0.7306267113149079,0,0,0,0.130127365,1,6,1,0,13.877500000000001
1,-0.5129627663684874,1,2,0,0.017024598,0,8,2,0,0.0
1,-1.2405558348695094,6,0,1,0.112249781,0,8,2,1,0.0
1,1.5682418501666782,7,0,1,0.129864461,0,12,1,1,42.33
1,1.4080549755548835,9,1,2,0.064163983,0,7,0,0,19.7625
0,0.15824687584233127,0,0,0,0.035568147,0,14,0,0,10.5825
0,0.632536634265109,4,0,2,0.079146113,1,5,1,0,7.85
1,0.6585826305862129,8,0,2,0.044023213,0,0,1,0,10.527999999999999
1,0.6506297278421262,8,0,2,0.036672107,1,5,1,0,6.575
1,-0.18345932782669566,9,1,2,0.028907832,0,8,2,0,0.0
2,0.26045142936213606,3,1,0,0.15911489,0,10,1,1,17.6605
2,-0.3612756165229902,3,1,0,0.016679143,1,5,1,1,9.675
1,0.2327233957095521,2,0,1,0.114583922,0,8,2,1,0.0
3,-1.4007842807461508,5,1,0,0.112718928,0,0,1,0,19.74
1,-1.546117422649348,9,1,2,0.064241345,0,7,0,0,37.5
1,1.9328378318180826,7,0,1,0.02189371,1,5,1,1,3.5175
1,0.5367276599524508,8,0,2,0.033088472,0,10,1,0,27.6705
0,1.0530107914493523,0,0,0,0.0708009757993644,0,15,1,0,6.6915
1,1.4916196134754593,1,2,0,0.096653315,1,6,1,0,12.415000000000001
1,0.8342532024585095,8,0,2,0.075878519,0,15,1,0,6.0255
1,0.04005337430466026,9,1,2,0.04923932,1,6,1,0,4.199
3,-1.3486507168390962,5,1,0,0.057835325,1,13,1,0,58.425000000000004
2,-0.62522436819153,3,1,0,0.005496816,1,5,1,1,4.445
1,-1.4513605211162655,2,0,1,0.098438394,1,3,1,1,6.800000000000001
1,-0.24198847094089715,6,0,1,0.064409056,0,8,2,1,0.0
1,-0.596022153531699,7,0,1,0.052146456,0,8,2,1,0.0
1,-0.2942051773776448,2,0,1,0.038123176,0,15,1,1,12.735000000000001
1,0.8698925675903336,7,0,1,0.027135522,0,10,1,1,27.5275
1,1.4128100886953965,7,0,1,0.085308611,1,13,1,1,50.5875
1,-0.8871105455657651,2,0,1,0.153419412,0,8,2,1,0.0
3,0.07518748867911938,5,1,0,0.085715273,1,5,1,0,3.65
1,0.3695983841112979,8,0,2,0.025896485,1,5,1,0,6.925
1,0.8187695051980077,6,0,1,0.167552202,1,9,2,1,0.0
0,1.4521940654530048,4,0,2,0.098606543,0,2,1,0,48.475
0,0.5622684055161903,4,0,2,0.0708009757993644,1,9,2,0,0.0
1,1.9227392122499982,9,1,2,0.089608321,1,4,1,0,9.361
1,-0.681185686254062,7,0,1,0.005485618,1,5,1,1,4.445
0,-1.5146863486358266,4,0,2,0.140582485,1,9,2,0,0.0
2,-1.5982094152915562,3,1,0,0.134870732,1,3,1,1,6.48
2,-1.3821859364117688,3,1,0,0.01098386,1,13,1,1,31.4925
2,1.3132565027569543,3,1,0,0.128805815,0,0,1,1,13.573
1,-1.0340425822707489,6,0,1,0.130390458,0,0,1,1,20.02
1,-0.9398325027598772,2,0,1,0.014713909,0,0,1,1,11.165
3,0.18593333823006827,5,1,0,0.011762847,1,9,2,0,0.0
1,0.1874906617670088,7,0,1,0.058209079,0,10,1,1,25.168
1,0.1534917627018177,1,2,0,0.06575528,1,5,1,0,8.925
3,-0.40120641530280937,5,1,0,0.03294861,1,9,2,0,0.0
0,0.344562889304923,0,0,0,0.016804724,1,13,1,0,83.60000000000001
1,-0.6310731253764654,6,0,1,0.005962753,1,13,1,1,25.365
1,0.7416004464845783,8,0,2,0.012448294,1,6,1,0,12.8375
1,-0.714132512539677,8,0,2,0.03922186,1,13,1,0,83.60000000000001
1,1.8322321731000648,1,2,0,0.081252534,1,6,1,0,10.887500000000001
2,-1.5029888342659554,3,1,0,0.016664252,1,6,1,1,11.505
2,1.262175011629475,3,1,0,0.03408026,1,5,1,1,3.3475
1,-1.378946575543349,7,0,1,0.011212719,0,11,2,1,0.0
3,-0.25583170213476564,5,1,0,0.074830794,1,13,1,0,86.6875
2,-0.1946515914392023,3,1,0,0.041395775,1,9,2,1,0.0
1,-0.2521286617738278,6,0,1,0.047792845,1,5,1,1,8.05
0,-0.4129039296726803,0,0,0,0.064824502,1,6,1,0,5.320250000000001
1,-0.749771877671501,2,0,1,0.071104408,1,13,1,1,36.29
1,-0.03072010520162298,2,0,1,0.172042892,1,6,1,1,6.10675
0,0.7139555553616874,0,0,0,0.036109859,0,12,1,0,15.136800000000001
1,0.46746993271826115,8,0,2,0.177694846,1,9,2,0,0.0
1,-1.348103894816885,7,0,1,0.054488534,1,3,1,1,12.0
1,-0.6412548874742425,2,0,1,0.018126724,0,10,1,1,28.171
0,1.438392405523983,0,0,0,0.0708009757993644,1,5,1,0,4.75
0,0.6900137045997344,4,0,2,0.027532258,1,9,2,0,0.0
0,0.20297435902751007,0,0,0,0.078057026,1,3,1,0,5.460000000000001
1,1.553893368215445,9,1,2,0.032677678,1,5,1,0,3.75
1,-1.6254321981867756,9,1,2,0.024369007,1,9,2,0,0.0
1,-0.663051021412198,2,0,1,0.005997615,1,13,1,1,25.365
1,-1.694606782891272,6,0,1,0.038917891,0,14,0,1,4.59
1,0.5963088758462274,1,2,0,0.082483516,1,3,1,0,15.600000000000001
2,0.13804963670616244,3,1,0,0.010808272,0,7,0,1,20.525000000000002
1,0.6527338734012773,9,1,2,0.053950661,1,6,1,0,5.7525
1,-1.5402686654644127,6,0,1,0.024222321,1,4,0,1,9.016000000000002
3,-1.3448645339484653,5,1,0,0.052964982,1,6,1,0,12.805
3,0.8922770948153464,5,1,0,0.026949463,0,10,1,0,27.5275
0,-1.7153924153144982,4,0,2,0.024546148,1,5,1,0,7.675
1,-0.4548973027468041,8,0,2,0.079690403,1,13,1,0,80.03750000000001
1,0.04434480795265533,9,1,2,0.029054046,1,9,2,0,0.0
1,1.063614661774801,8,0,2,0.098622378,1,9,2,0,0.0
3,0.17528789663977307,5,1,0,0.048738407,1,6,1,0,10.5625
2,-0.277710978602414,3,1,0,0.126758324,1,9,2,1,0.0
0,-0.45763141285785935,4,0,2,0.164006137,1,13,1,0,33.5825
1,0.5058434079611402,9,1,2,0.058822142,0,0,1,0,16.31
1,0.7400015516827914,1,2,0,0.041634206,0,7,0,0,45.875
1,-1.6877059529267608,6,0,1,0.078540095,1,3,1,1,12.68
0,-0.5549561394426114,0,0,0,0.0708009757993644,1,13,1,0,44.175000000000004
1,0.7362569400570074,7,0,1,0.073029341,1,6,1,1,7.4750000000000005
3,-0.466677959646368,5,1,0,0.024088444,1,5,1,0,4.195
1,-0.520368847090363,7,0,1,0.013623294,1,6,1,1,10.465000000000002
1,-0.3617808672803547,9,1,2,0.020903193,1,4,1,0,6.026
2,-0.3357348709592505,3,1,0,0.052389407,1,13,1,1,84.78750000000001
1,-0.6156725706456566,8,0,2,0.009058845,1,3,1,0,7.18
1,0.4254765596441374,1,2,0,0.096217262,0,14,0,0,4.896
3,-0.911052396327718,5,1,0,0.045050674,1,13,1,0,44.62625
1,-0.353827964536268,2,0,1,0.047857877,1,4,1,1,3.5466
1,-1.3496612183538252,6,0,1,0.097043739,1,4,0,1,6.348000000000001
1,-1.3768008587193514,9,1,2,0.093159233,1,9,2,0,0.0
1,1.7332669804486796,8,0,2,0.030264897,0,1,1,0,20.0
2,1.845528582271722,3,1,0,0.067350054,1,13,1,1,71.725
1,0.5792678550487855,6,0,1,0.05232295099999999,1,13,1,1,97.85000000000001
1,-1.5545755761507993,8,0,2,0.047897663,0,8,2,0,0.0
1,0.8177174324184322,9,1,2,0.049381666,1,13,1,0,99.75
1,-0.5709866587253241,2,0,1,0.154860353,0,15,1,1,13.5
1,1.791754552298034,9,1,2,0.030975716,1,4,1,0,9.361
1,0.1523981186573957,8,0,2,0.039245805,1,9,2,0,0.0
1,-0.42089840368161346,6,0,1,0.010436256,1,3,1,1,5.140000000000001
1,-1.57586645933139,1,2,0,0.056245075,1,5,1,0,8.8
1,-0.508671332720492,9,1,2,0.028365524,1,9,2,0,0.0
1,-1.7132466984905006,1,2,0,0.026579951,0,10,1,0,19.5195
3,-0.16641830702925386,5,1,0,0.102422487,1,6,1,0,3.9715000000000003
1,-0.3516406764474238,2,0,1,0.093824276,1,13,1,1,58.6625
1,1.5485082905230279,9,1,2,0.025519534,1,4,1,0,2.5024
1,-0.36657755168571454,1,2,0,0.034623782,1,9,2,0,0.0
1,-0.334135976157464,6,0,1,0.030938774,1,6,1,1,4.9075
2,0.7315018269164937,3,1,0,0.074931201,1,6,1,1,5.6875
1,-0.6044803070331501,9,1,2,0.030294931,1,5,1,0,2.94
0,-1.6477335828820951,4,0,2,0.137539574,1,3,1,0,12.68
1,1.238233160867522,6,0,1,0.036319195,1,4,0,1,9.315000000000001
1,-0.5900902538170707,7,0,1,0.031112643,1,6,1,1,8.125
2,0.4829120587139164,3,1,0,0.110459828,1,6,1,1,4.615
3,-1.005304047103436,5,1,0,0.026194237,1,5,1,0,7.150000000000001
1,0.45947545870932804,6,0,1,0.135707553,0,7,0,1,41.5
1,0.5307957602378223,9,1,2,0.02557790366666667,1,4,0,0,2.7738
1,-0.1951984134614133,2,0,1,0.103503049,1,6,1,1,3.9715000000000003
1,-0.2287336330340859,2,0,1,0.143915417,0,2,1,1,54.6
3,0.5090411975647133,5,1,0,0.028139761,1,3,1,0,6.904000000000001
0,0.0853276795120505,4,0,2,0.044063785,1,3,1,0,13.76
0,-0.2574721682013987,4,0,2,0.046994717,0,10,1,0,14.014000000000001
3,1.2941529076652074,5,1,0,0.033777629,1,5,1,0,3.3475
1,-0.21438515108285264,6,0,1,0.102901425,1,6,1,1,3.9715000000000003
1,-0.9339837455749419,8,0,2,0.105597316,1,6,1,0,4.2835
1,-0.9909555651522028,8,0,2,0.078929571,1,5,1,0,5.8
1,-0.8168423168168464,2,0,1,0.043209581,1,6,1,1,6.045000000000001
1,-0.6805972929670044,8,0,2,0.04627095,0,0,1,0,8.61
3,-0.3346412269148285,5,1,0,0.082602127,0,0,1,0,28.84
2,-0.35963515045635697,3,1,0,0.085622362,0,10,1,1,19.8055
1,-0.3441930244607017,2,0,1,0.042860026,1,4,1,1,7.682
3,0.14225792782446503,5,1,0,0.060805497,0,14,0,0,5.508000000000001
1,0.1066185626926409,2,0,1,0.020684919,1,13,1,1,57.475
0,-1.2496023816580182,0,0,0,0.063529046,1,5,1,0,4.655
1,-1.7350844036933022,9,1,2,0.055075504,0,8,2,0,0.0
1,0.7693284801371618,7,0,1,0.041950753,0,8,2,1,0.0
2,0.7224137088631386,3,1,0,0.094603404,0,14,0,1,6.885
1,-1.128294233046467,7,0,1,0.009429612,0,0,1,1,17.22
2,-1.492301821410814,3,1,0,0.024325592,1,4,0,1,9.016000000000002
0,-1.2756899492439688,4,0,2,0.076868664,1,5,1,0,4.71
1,0.19817767462215047,8,0,2,0.08659036800000001,1,5,1,0,2.94
1,1.2313323309030109,1,2,0,0.035596378250000005,0,1,1,0,16.775
1,0.6410363590314067,7,0,1,0.119704498,1,6,1,1,10.855
1,-0.7439646917514119,2,0,1,0.121940099,1,13,1,1,95.95
1,0.7926819376120573,8,0,2,0.096880574,1,9,2,0,0.0
3,-0.6157141419105031,5,1,0,0.023835164,1,9,2,0,0.0
1,-0.14352852904687646,2,0,1,0.035949725,1,6,1,1,7.0817499999999995
3,0.03365779509751366,5,1,0,0.032296886,1,5,1,0,5.4475
2,-0.20904164465528205,3,1,0,0.020015391,1,5,1,1,7.55
2,0.6506297278421262,3,1,0,0.015750947,1,9,2,1,0.0
1,1.459641717439727,8,0,2,0.096733815,1,6,1,0,12.415000000000001
1,0.2801434177409399,8,0,2,0.097201128,1,13,1,0,68.875
1,-0.8317376207902907,8,0,2,0.065207559,1,6,1,0,9.295
1,1.9338899045976585,8,0,2,0.07575107,0,0,1,0,21.7
1,0.7714326256963129,6,0,1,0.040197932,1,3,1,1,6.88
0,0.4994062574891472,0,0,0,0.17797002,1,6,1,0,7.995000000000001
1,-0.7631514293728514,9,1,2,0.179355893,0,10,1,0,8.83025
0,0.06353154557409511,4,0,2,0.187443314,1,6,1,0,3.549
2,0.7378974061236403,3,1,0,0.029492018,0,1,1,1,14.850000000000001
1,-1.4768596954151585,8,0,2,0.025968706,1,9,2,0,0.0
1,-1.739334266076451,8,0,2,0.184843579,1,9,2,0,0.0
1,-0.3149492385360244,8,0,2,0.050750977,1,3,1,0,6.0
1,1.731668085646893,7,0,1,0.047879864,1,3,1,1,6.18
1,-0.2835181645225029,7,0,1,0.009641375,1,4,1,1,5.0117
1,1.818935763928407,7,0,1,0.020994339,0,8,2,1,0.0
1,0.7336475437404917,2,0,1,0.100477461,1,9,2,1,0.0
1,-1.2639508636092514,8,0,2,0.007348286,1,5,1,0,3.1825
1,-0.5613932899146041,1,2,0,0.032845997,0,0,1,0,21.7
1,0.30782988012867735,1,2,0,0.142419608,0,1,1,0,26.25
1,-0.5794448122267752,7,0,1,0.056580228,0,1,1,1,52.125
0,0.008705442820831674,4,0,2,0.097768728,1,9,2,0,0.0
1,-0.7338245009184812,8,0,2,0.022399592,1,6,1,0,11.765
1,0.7437461633085759,2,0,1,0.066005186,1,6,1,1,12.35
2,-0.8472213180507924,3,1,0,0.02586664,0,10,1,1,26.455
1,-0.768453364535576,6,0,1,0.146399663,0,1,1,1,44.625
1,-1.649332477683882,1,2,0,0.012627329,0,8,2,0,0.0
0,0.1465493614724601,4,0,2,0.037829469,0,8,2,0,0.0
2,-1.7073563700407186,3,1,0,0.073709686,0,12,1,1,36.21
1,-0.005726181660094522,2,0,1,0.12271346450000001,1,13,1,1,73.625
1,0.8129207480130726,1,2,0,0.037372847,1,5,1,0,10.425
1,-0.800936511328673,8,0,2,0.073283193,0,14,0,0,7.8285
0,-0.31335034373423787,4,0,2,0.091354948,1,13,1,0,84.78750000000001
1,0.3381257388329304,2,0,1,0.032438645,0,8,2,1,0.0
1,0.04909992109316892,1,2,0,0.139301634,1,13,1,0,80.03750000000001
3,-1.4023831755479375,5,1,0,0.06627464,1,13,1,0,61.393750000000004
0,0.20192228624793454,4,0,2,0.01533112875,1,13,1,0,34.74625
1,-0.9483737987910213,7,0,1,0.0582961575,1,5,1,1,9.625
1,-1.7579741816756795,1,2,0,0.051618281,0,1,1,0,25.4875
1,-0.47248514556645715,1,2,0,0.081036436,0,0,1,0,21.84
2,1.7204758220343863,3,1,0,0.047977607,1,3,1,1,6.18
2,-0.8259304348702015,3,1,0,0.020865797,1,3,1,1,5.816
1,-1.4337726782966125,6,0,1,0.017876417000000002,0,14,0,1,9.536999999999999
1,-0.32774039695031737,7,0,1,0.104890428,1,5,1,1,9.35
1,0.12845626789544276,9,1,2,0.010781158,0,7,0,0,20.525000000000002
1,0.009210693578196207,6,0,1,0.056418354,0,14,0,1,6.7065
1,-1.347010250772463,1,2,0,0.012741089,1,13,1,0,64.8375
1,0.6191570825637583,6,0,1,0.087791917,1,4,1,1,8.142
3,-0.8743193871514721,5,1,0,0.126924095,1,5,1,0,7.15
1,1.7806038599503744,7,0,1,0.061102235,1,9,2,1,0.0
1,-0.23672810704301903,7,0,1,0.141174838,0,1,1,1,11.587499999999999
1,-1.5199882837985508,1,2,0,0.12150063,1,6,1,0,7.670000000000001
1,-1.298579727226346,2,0,1,0.046848053,0,7,0,1,25.25
1,-1.3071210232574904,9,1,2,0.007359711,1,5,1,0,3.1825
1,-0.35117699695490573,8,0,2,0.025967624,1,6,1,0,5.71025
1,0.5670235186567034,7,0,1,0.017780986,1,3,1,1,9.28
1,-1.6696128593497432,2,0,1,0.024994069,0,14,0,1,8.5425
1,-0.012121760867241118,9,1,2,0.015700603,0,11,2,0,0.0
1,1.8317269223426997,2,0,1,0.089777214,1,13,1,1,88.825
3,-1.7579741816756795,5,1,0,0.039631495,1,5,1,0,6.825
2,0.1928341681945794,3,1,0,0.076036381,1,9,2,1,0.0
1,-0.021673558413114316,2,0,1,0.056155909,1,9,2,1,0.0
3,-1.594547946195465,5,1,0,0.047665717,0,8,2,0,0.0
1,0.7123150892950544,7,0,1,0.016238512,1,3,1,1,15.76
2,-0.5964858330242171,3,1,0,0.018098194,0,10,1,1,28.171
1,0.5313425822600333,6,0,1,0.036903419,0,10,1,1,9.5667
0,-1.3688479559752647,4,0,2,0.135226962,0,8,2,0,0.0
0,-0.3521874984696348,4,0,2,0.060672263,1,9,2,0,0.0
2,-0.2111457902144331,3,1,0,0.019465205,0,8,2,1,0.0
1,-1.5477163174511348,9,1,2,0.013863257,0,14,0,0,4.998
0,-0.8573199376188766,0,0,0,0.109144085,1,6,1,0,9.295
1,-0.20373970949255746,8,0,2,0.048526888,0,0,1,0,7.650999999999999
0,-1.3199121816717834,4,0,2,0.012865901,1,5,1,0,3.1825
1,-1.594547946195465,2,0,1,0.030877303,0,7,0,1,39.25
1,0.8869335883877754,1,2,0,0.096317593,0,14,0,0,7.8285
0,1.3334953131579692,4,0,2,0.109274313,1,6,1,0,10.627500000000001
2,0.07358859387733285,3,1,0,0.08276363,0,0,1,1,11.528999999999998
3,1.1588768140652481,5,1,0,0.06981517,1,4,1,0,7.682
1,1.971169735796115,1,2,0,0.005230786,1,4,1,0,9.131
1,0.261545073406558,9,1,2,0.009954237,1,13,1,0,70.5375
1,-0.5613517186497577,6,0,1,0.174317307,1,13,1,1,44.175000000000004
1,0.09117643669698565,1,2,0,0.08235926,0,0,1,0,11.528999999999998
1,-1.086764539464861,8,0,2,0.026899856,1,9,2,0,0.0
2,1.7039816232591556,3,1,0,0.026729068,1,9,2,1,0.0
0,0.2758935553577913,0,0,0,0.190711254,0,8,2,0,0.0
1,-0.011028116822819114,9,1,2,0.032672263,0,8,2,0,0.0
2,-0.8344301596364991,3,1,0,0.131489269,1,4,1,1,2.668
1,-1.6690660373275323,8,0,2,0.082012293,0,0,1,0,8.071
2,-1.4454701926664835,3,1,0,0.03093263,1,13,1,1,53.9125
1,-0.7274289217113346,6,0,1,0.1519838385,1,3,1,1,12.68
2,-1.3752019639175648,3,1,0,0.057546914,1,13,1,1,75.2875
3,-0.8807149663586185,5,1,0,0.037217847,1,3,1,0,4.14
1,-0.48687519878253666,7,0,1,0.076113671,0,0,1,1,24.849999999999998
1,-1.6355308177548598,8,0,2,0.026358005,1,3,1,0,9.440000000000001
1,0.8683352440533936,2,0,1,0.11830085,1,13,1,1,64.6
3,-1.7116062324238674,5,1,0,0.107507291,1,9,2,0,0.0
0,0.3301312648239973,4,0,2,0.087692636,1,6,1,0,7.7025
1,-0.4347000636106355,7,0,1,0.030219852,0,0,1,1,14.552999999999999
1,-0.5022757535133454,2,0,1,0.03959349,1,9,2,1,0.0
1,1.9674666954351772,1,2,0,0.074087369,1,13,1,0,27.455000000000002
2,-1.078223243433717,3,1,0,0.071282168,1,9,2,1,0.0
3,-1.246951414076656,5,1,0,0.056328717,1,13,1,0,26.5525
1,0.7570425724802332,9,1,2,0.072994847,1,6,1,0,7.4750000000000005
1,0.6719206110227172,9,1,2,0.066887123,1,5,1,0,4.65
1,1.278163959647341,8,0,2,0.087406863,1,6,1,0,9.815
0,-1.5258370409834865,0,0,0,0.0281975702,1,6,1,0,13.0
1,-1.3709936727992624,7,0,1,0.082568705,1,5,1,1,4.09
1,-0.03072010520162298,2,0,1,0.029821648,1,6,1,1,11.5375
0,1.5836839761623334,4,0,2,0.0708009757993644,1,6,1,0,8.2225
0,0.5319309755470908,4,0,2,0.057933643,0,10,1,0,27.6705
1,0.06247947279451958,1,2,0,0.058298384,1,4,1,0,3.2545
3,0.2647012917452846,5,1,0,0.094697274,0,0,1,0,21.139999999999997
1,0.5867570783003542,2,0,1,0.097059596,0,10,1,1,28.886
1,-0.6098238134607212,2,0,1,0.146999264,0,10,1,1,14.729000000000001
1,0.6361981033612001,7,0,1,0.022965292,1,6,1,1,12.48
3,0.2348691125335501,5,1,0,0.04778563,0,7,0,0,26.25
1,-1.5828504318255938,2,0,1,0.097012989,1,4,1,1,2.7255000000000003
1,1.7230852183509024,1,2,0,0.073605395,0,0,1,0,21.979999999999997
2,-0.5459095926541024,3,1,0,0.029616108,1,13,1,1,24.58125
1,-0.6231202226323788,1,2,0,0.024505418,0,1,1,0,16.375
2,0.8294149467883034,3,1,0,0.019559746,0,8,2,1,0.0
2,0.5313425822600333,3,1,0,0.029283081,1,3,1,1,7.756
2,0.695315639762459,3,1,0,0.113790879,0,14,0,1,6.018000000000001
1,-0.7753541945000869,9,1,2,0.035118834,1,4,0,0,7.9350000000000005
1,0.516447278286589,8,0,2,0.044823438,1,13,1,0,52.725
1,-0.5060619364039762,7,0,1,0.08126841,0,0,1,1,21.84
0,0.7442514140659404,0,0,0,0.199935881,0,10,1,0,11.661649999999998
1,0.5904185473964453,1,2,0,0.044155597,1,6,1,0,8.515
1,0.009252264843042675,6,0,1,0.029648306,1,6,1,1,11.5375
1,-0.024324525994476383,1,2,0,0.129395895,1,13,1,0,24.201249999999998
3,0.31317338655624793,5,1,0,0.081933378,0,8,2,0,0.0
1,1.577288396955187,9,1,2,0.157075658,1,4,1,0,8.165000000000001
3,0.06883348073681926,5,1,0,0.038341654,1,13,1,0,79.325
1,1.3138033247791654,7,0,1,0.014052469,1,9,2,1,0.0
1,-0.6598948030734711,6,0,1,0.079698503,1,6,1,1,10.725
3,-0.18720393945248018,5,1,0,0.060888514,1,9,2,0,0.0
3,-0.7477093033771961,5,1,0,0.142728113,0,8,2,0,0.0
0,1.7332669804486796,0,0,0,0.036773101,1,6,1,0,8.19
1,0.750646993273087,6,0,1,0.01209726,0,11,2,1,0.0
1,1.908349159033919,8,0,2,0.02288328,1,5,1,0,3.425
3,-0.45763141285785935,5,1,0,0.034237682,0,7,0,0,20.65
0,-1.0803273889928682,4,0,2,0.016476619,0,0,1,0,17.22
0,1.9727686305979022,0,0,0,0.0708009757993644,1,3,1,0,5.172000000000001
1,0.5984130214053784,7,0,1,0.022649893,1,6,1,1,8.352500000000001
2,-1.2708932648386089,3,1,0,0.1178252405,1,4,1,1,7.176
1,1.8045872819771738,9,1,2,0.018439138,1,5,1,0,6.075
1,0.6921178501588855,2,0,1,0.11397026,0,14,0,1,6.018000000000001
1,-1.304933735168646,7,0,1,0.043989429,0,15,1,1,6.354
1,1.724220433660171,9,1,2,0.119570595,1,5,1,0,8.5
1,-0.30060075658479113,7,0,1,0.112549008,1,9,2,1,0.0
1,0.2114740837938082,9,1,2,0.151087845,0,10,1,0,8.3798
1,-0.712575189002737,9,1,2,0.046342889,0,0,1,0,8.61
0,-0.3831133217257918,4,0,2,0.128478462,0,8,2,0,0.0
1,-1.217666056887132,1,2,0,0.070243155,1,13,1,0,61.75
2,-1.0016010067424983,3,1,0,0.020559752,0,11,2,1,0.0
1,-0.662504199389987,9,1,2,0.063127333,1,3,1,0,12.96
1,-0.4916718831878967,2,0,1,0.076389281,0,0,1,1,24.849999999999998
1,0.016111523542707333,8,0,2,0.065436581,0,14,0,0,4.4217
1,0.5797731058061502,7,0,1,0.06593557675,1,13,1,1,72.4375
0,0.6053554226347361,0,0,0,0.030166924,1,5,1,0,9.875
1,1.8184305131710425,8,0,2,0.073920438,1,4,1,0,5.796
1,-0.48317215842159883,9,1,2,0.112399145,0,7,0,0,25.4875
1,-0.6097822421958747,6,0,1,0.00819018,1,3,1,1,13.4
1,-1.314527103979366,8,0,2,0.053296868,1,5,1,0,5.3475
2,-1.0090486587292202,3,1,0,0.017932223,1,13,1,1,64.125
0,0.4824068079565519,4,0,2,0.0708009757993644,1,6,1,0,8.547500000000001
1,-0.8312739412977725,7,0,1,0.015302764,1,3,1,1,5.924
0,0.17743361346377062,0,0,0,0.0708009757993644,0,0,1,0,16.31
1,0.434523106432646,1,2,0,0.065530622,0,10,1,0,27.6705
1,0.5329414770618198,2,0,1,0.130663423,1,9,2,1,0.0
0,0.16779867338820448,4,0,2,0.0708009757993644,1,13,1,0,28.66625
1,-0.7460688373105632,2,0,1,0.080956792,0,8,2,1,0.0
1,1.6156203009332195,1,2,0,0.052295514,0,10,1,0,21.593
1,0.03794922874550919,6,0,1,0.107036943,1,6,1,1,3.549
1,0.6324950630002625,8,0,2,0.106752081,0,0,1,0,22.4
3,1.1136856513875513,5,1,0,0.038377013,1,6,1,0,12.415000000000001
3,0.2737478385337933,5,1,0,0.096730427,1,13,1,0,68.875
0,0.570221308260277,0,0,0,0.038235337,0,8,2,0,0.0
1,1.8045872819771738,6,0,1,0.018407033,1,5,1,1,6.075
1,-0.6316199473986764,1,2,0,0.04714777,0,0,1,0,13.72
0,0.21896330704537634,0,0,0,0.0708009757993644,1,13,1,0,28.66625
1,-1.5274775070501194,2,0,1,0.024363939,1,4,0,1,9.016000000000002
1,-1.550914107054708,9,1,2,0.099479703,1,9,2,0,0.0
3,-1.480645878305789,5,1,0,0.032892112,0,2,1,0,37.1
0,-0.5751949498436264,4,0,2,0.0708009757993644,1,4,1,0,3.5811
3,0.6729311125374462,5,1,0,0.134441765,0,15,1,0,15.93
1,1.8045457107123273,8,0,2,0.089272253,1,13,1,0,88.825
1,0.2615035021417116,6,0,1,0.113917889,0,8,2,1,0.0
1,-1.5125406318118289,7,0,1,0.053288857,0,15,1,1,15.840000000000002
1,-0.9754718678917011,2,0,1,0.066555152,0,15,1,1,9.450000000000001
1,1.55595594250975,7,0,1,0.026117345,0,0,1,1,25.479999999999997
1,-1.5460758513845017,2,0,1,0.02981155,1,9,2,1,0.0
1,1.4080549755548835,1,2,0,0.118791698,1,13,1,0,71.25
2,-0.6933884513812975,3,1,0,0.030274175,0,0,1,1,11.620000000000001
1,0.08368721344541705,2,0,1,0.032812669,1,5,1,1,8.55
3,-1.6696128593497432,5,1,0,0.032610007,1,9,2,0,0.0
1,0.2333117889966096,8,0,2,0.019378432,0,14,0,0,8.262
0,-1.3661554171290562,0,0,0,0.011212719,0,11,2,0,0.0
0,0.373301424472236,4,0,2,0.072864869,0,14,0,0,8.976
2,1.9391918397603827,3,1,0,0.1414550666,1,3,1,1,5.172000000000001
2,-1.4673494691341318,3,1,0,0.020631654,1,6,1,1,10.627500000000001
1,0.4818599859343409,9,1,2,0.024935297,0,0,1,0,14.42
1,1.6629987516997609,1,2,0,0.049677651,1,6,1,0,7.0200000000000005
3,-0.3452866685051239,5,1,0,0.07252476,1,13,1,0,46.550000000000004
3,-1.387993122331858,5,1,0,0.101281,1,4,1,0,8.855
3,0.44197075841936817,5,1,0,0.026055106,1,6,1,0,12.5775
1,-1.7435841284595999,1,2,0,0.159595473,1,5,1,0,8.05
1,-1.0276885743284487,8,0,2,0.026321701,1,5,1,0,7.15
2,0.8661895272293956,3,1,0,0.087824967,0,1,1,1,44.625
0,-1.5039993357806845,0,0,0,0.026827052,0,1,1,0,44.0
3,0.09382740427834817,5,1,0,0.049080853,1,6,1,0,11.83
1,1.8035352091975982,6,0,1,0.030645736333333336,0,15,1,1,11.565
1,-0.6593479810512601,6,0,1,0.092865746,0,8,2,1,0.0
1,0.45901177921680997,1,2,0,0.05732859433333334,1,13,1,0,74.1
3,0.04325116390823333,5,1,0,0.024536199,1,9,2,0,0.0
1,-0.36708280244307906,7,0,1,0.121767168,1,5,1,1,10.35
3,0.3541562581156431,5,1,0,0.082955719,1,9,2,0,0.0
1,-0.6694050293544981,2,0,1,0.06121901,0,0,1,1,23.38
1,-1.475807622635583,9,1,2,0.037555348,0,0,1,0,9.52
1,1.1551737737043106,7,0,1,0.082177842,1,5,1,1,4.5
1,-1.736683298495089,7,0,1,0.123961415,1,13,1,1,30.32875
1,0.5180461730883755,1,2,0,0.031125709,1,9,2,0,0.0
2,-1.326771440371448,3,1,0,0.02678995,1,3,1,1,9.88
0,0.5420295951151749,0,0,0,0.173703549,1,6,1,0,9.879999999999999
1,-1.3582025143849694,9,1,2,0.082529704,1,5,1,0,4.09
1,-1.5706060954335122,2,0,1,0.058725134,1,13,1,1,71.25
0,-0.346843992042064,4,0,2,0.163350221,1,13,1,0,58.6625
1,0.6372501761407756,2,0,1,0.079523619,1,4,1,1,5.888000000000001
3,0.8166653596388567,5,1,0,0.096411426,1,9,2,0,0.0
1,0.11617036023851456,6,0,1,0.021602001,0,8,2,1,0.0
0,0.8528931180577383,4,0,2,0.116750407,1,9,2,0,0.0
0,-1.5939595529084076,4,0,2,0.184035253,1,4,0,0,4.0917
1,0.38769147768831574,8,0,2,0.039577173,1,13,1,0,93.10000000000001
0,-1.4018363535257266,4,0,2,0.037160705,0,7,0,0,24.2375
1,-1.6685192153053214,6,0,1,0.04874969,1,6,1,1,13.455
1,-0.671045495421131,8,0,2,0.152058281,0,2,1,0,65.10000000000001
0,-1.5311805474110574,4,0,2,0.0708009757993644,1,13,1,0,36.2425
0,1.9317441877736605,0,0,0,0.100171568,0,8,2,0,0.0
3,-0.4740840403682437,5,1,0,0.093178729,1,13,1,0,80.03750000000001
3,1.0146373162064732,5,1,0,0.073470234,1,3,1,0,13.200000000000001
1,0.9322078935951656,7,0,1,0.054741627,0,8,2,1,0.0
1,-1.0718276642265703,1,2,0,0.070933894,1,9,2,0,0.0
3,0.5138378819700734,5,1,0,0.007962273,1,4,1,0,8.096000000000002
1,-0.3740252036724367,8,0,2,0.124452048,1,5,1,0,9.0
1,0.1534917627018177,2,0,1,0.049496899,1,6,1,1,8.8725
1,1.4447879847311291,7,0,1,0.088172355,1,4,0,1,6.486
1,0.7543916048988711,6,0,1,0.085075063,0,7,0,1,23.75
0,0.17049121223441302,4,0,2,0.081651443,0,10,1,0,25.5255
1,0.7054142593305432,7,0,1,0.078946455,1,4,1,1,6.279000000000001
1,-0.9089898220334132,2,0,1,0.020686161,1,4,1,1,5.29
2,1.6491139492410456,3,1,0,0.0591756,1,9,2,1,0.0
0,1.9344367266198694,4,0,2,0.12530484633333333,1,13,1,0,64.125
1,-0.5517999211038845,9,1,2,0.154228739,0,15,1,0,13.5
0,-0.6997424593235974,0,0,0,0.02844314,1,9,2,0,0.0
1,0.25990460733992504,2,0,1,0.028710065,1,9,2,1,0.0
1,-0.6279169070377386,6,0,1,0.14460413,1,13,1,1,34.2475
1,-0.6471036446591781,1,2,0,0.07964724,1,6,1,0,10.725
1,0.023559175529429464,1,2,0,0.088931701,1,3,1,0,7.440000000000001
1,0.5068539094758694,1,2,0,0.04506685566666666,0,14,0,0,6.63
2,-1.325214116834508,3,1,0,0.112553853,1,13,1,1,49.37625
3,0.6926646721810965,5,1,0,0.160653682,1,3,1,0,12.0
0,0.015564701520496334,4,0,2,0.1748389,1,6,1,0,9.815
1,-0.31280352171202686,8,0,2,0.064110725,0,8,2,0,0.0
1,-0.4389499259937843,8,0,2,0.0554487675,1,9,2,0,0.0
1,-1.51308745383404,6,0,1,0.080277707,1,9,2,1,0.0
1,-1.0979568030773674,7,0,1,0.02695441,1,9,2,1,0.0
1,0.3035800177455283,8,0,2,0.025408702,1,6,1,0,3.93575
1,-0.7636151088653697,8,0,2,0.100741209,1,9,2,0,0.0
3,0.2918409321108111,5,1,0,0.030952737,1,6,1,0,3.93575
2,-1.0138037718697337,3,1,0,0.065328932,1,4,1,1,7.36
1,-1.073973381050568,7,0,1,0.037708542,0,0,1,1,10.423
1,-0.7125336177378906,9,1,2,0.024987903,1,6,1,0,10.465000000000002
3,-1.3725509963362028,5,1,0,0.075192072,0,7,0,0,14.950000000000001
1,1.834377889924062,9,1,2,0.08563299571428572,1,6,1,0,3.7830000000000004
1,-1.0095954807514314,8,0,2,0.020559846,0,11,2,0,0.0
3,-0.6140736758438701,5,1,0,0.017937483,0,10,1,0,28.171
1,1.6326197504658149,2,0,1,0.040599963,1,9,2,1,0.0
2,-0.6449579278351804,3,1,0,0.122372504,0,10,1,1,25.310999999999996
1,1.2808149272287037,7,0,1,0.115107028,0,0,1,1,16.939999999999998
1,-0.1296852978530082,1,2,0,0.096020459,0,10,1,0,21.593
1,0.5829708954097237,2,0,1,0.016921927,0,7,0,1,30.25
1,-1.7350844036933022,8,0,2,0.021666335,1,9,2,0,0.0
1,-0.2356760342634435,7,0,1,0.014021626,0,14,0,1,3.50115
2,1.83652360674806,3,1,0,0.03099906825,1,4,1,1,9.361
0,0.013965806718709797,4,0,2,0.050790917,1,9,2,0,0.0
1,1.850366837941928,1,2,0,0.077254736,1,6,1,0,3.7830000000000004
1,1.3095118911311698,7,0,1,0.0064323978000000006,0,15,1,1,17.28
1,1.850366837941928,6,0,1,0.077304459,1,6,1,1,3.7830000000000004
3,-1.5439717058253501,5,1,0,0.134057426,1,13,1,0,36.2425
1,-0.7077785045973769,6,0,1,0.060863167,0,0,1,1,23.38
1,0.16089784342369334,1,2,0,0.04604992,0,8,2,0,0.0
1,0.578762604291421,1,2,0,0.0226848,1,4,0,0,2.7738
1,-0.5874808575005549,2,0,1,0.048331717,1,9,2,1,0.0
1,-1.675925296027197,6,0,1,0.030349723,0,8,2,1,0.0
1,-0.3942224428086053,6,0,1,0.008559557,0,8,2,1,0.0
3,0.6767172954280768,5,1,0,0.066459891,1,5,1,0,4.65
3,0.8847878715637778,5,1,0,0.033597374,0,10,1,0,17.6605
0,-1.3996906367017288,0,0,0,0.0708009757993644,1,5,1,0,7.0
1,-0.7344128942055387,2,0,1,0.034605882,0,0,1,1,20.02
1,1.6422131192765346,9,1,2,0.047503318,1,5,1,0,4.8475
3,1.8268886666724937,5,1,0,0.064052392,1,13,1,0,95.95
1,0.7405899449698489,9,1,2,0.040577878,1,6,1,0,7.572500000000001
1,-0.49752064037283206,8,0,2,0.037622954,1,6,1,0,12.155
1,0.6442341486349797,6,0,1,0.119439636,1,6,1,1,10.855
1,-0.5507062770594625,8,0,2,0.104083376,1,3,1,0,16.0
1,1.3899203107130191,9,1,2,0.01599013,1,13,1,0,80.75
1,-0.6390675993853986,1,2,0,0.05489331,0,8,2,0,0.0
1,-0.024324525994476383,1,2,0,0.044871033,0,8,2,0,0.0
1,0.27749245015957785,8,0,2,0.095158081,0,0,1,0,21.139999999999997
3,0.33926095414219887,5,1,0,0.076483451,1,13,1,0,88.35000000000001
1,0.7954160477231123,2,0,1,0.040432954,1,3,1,1,6.88
2,-0.2936583553554338,3,1,0,0.100583009,1,6,1,1,13.455
1,0.5058434079611402,9,1,2,0.078526225,1,13,1,0,40.4225
1,-0.16587148500704285,9,1,2,0.0636492505,0,1,1,0,21.5
2,-0.20689592783128405,3,1,0,0.01405025,0,14,0,1,3.50115
3,0.8161601088814922,5,1,0,0.082150145,1,4,1,0,4.968000000000001
1,1.5416074605585168,8,0,2,0.144017405,1,4,1,0,5.336
1,-1.507197125384258,6,0,1,0.065618434,1,5,1,1,6.825
1,-0.8791160715568319,1,2,0,0.03736783,1,3,1,0,4.14
1,-0.0013931767472525247,2,0,1,0.046116319,1,5,1,1,5.0
1,1.5591953033781696,9,1,2,0.144241314,1,4,1,0,5.336
2,-1.5801163217145389,3,1,0,0.067569539,1,9,2,1,0.0
1,-1.6110421449706958,2,0,1,0.024468806,1,9,2,1,0.0
1,-1.675925296027197,7,0,1,0.05510153,0,8,2,1,0.0
2,1.3058088507702321,3,1,0,0.014081156,1,9,2,1,0.0
2,-1.3310628740194432,3,1,0,0.068148886,1,4,1,1,6.21
1,1.4303979315150497,1,2,0,0.0708009757993644,1,5,1,0,4.75
1,-0.5800332055138328,9,1,2,0.15145152933333333,1,3,1,0,5.6000000000000005
2,-0.4564961975485909,3,1,0,0.125222705,1,9,2,1,0.0
0,1.7880515119370965,0,0,0,0.057422821,1,6,1,0,10.465000000000002
1,-0.476188185927395,9,1,2,0.069231189,1,13,1,0,35.55375
1,-0.7812029516850225,6,0,1,0.013926425,0,0,1,1,11.697
1,-1.2868822128564752,9,1,2,0.032230526,0,10,1,0,19.0905
1,-1.3736446403806246,1,2,0,0.053178425,1,6,1,0,12.805
1,1.1610641021540926,1,2,0,0.056783389,1,13,1,0,32.60875
1,0.1939278122390014,7,0,1,0.015332872,1,13,1,1,34.74625
0,-1.4939422874774468,0,0,0,0.143670179,1,5,1,0,7.75
1,1.6821023467915073,6,0,1,0.020387989,1,13,1,1,35.245
1,-1.4699588654506475,2,0,1,0.046747071,1,6,1,1,5.320250000000001
2,-0.32235531925790006,3,1,0,0.122015744,1,6,1,1,5.018
1,0.69106577737931,9,1,2,0.01558456,1,6,1,0,11.375
0,0.5244417522955221,0,0,0,0.042179884,1,13,1,0,74.1
1,-1.2629403620945223,6,0,1,0.161474419,1,6,1,1,13.715000000000002
0,0.07039080427375978,0,0,0,0.144167934,1,5,1,0,3.65
1,-0.7806561296628115,7,0,1,0.065082452,0,0,1,1,18.689999999999998
1,-0.6992787798310793,2,0,1,0.063385859,1,3,1,1,12.96
1,0.1295083406750183,6,0,1,0.049209192,1,6,1,1,8.8725
2,1.701835906435158,3,1,0,0.119871307,1,5,1,1,8.5
1,0.8805795804454752,9,1,2,0.087604647,0,1,1,0,44.625
1,0.17899093700071067,8,0,2,0.061986574,1,4,0,0,6.67
1,-1.6025008489395518,9,1,2,0.105831117,1,6,1,0,9.815
1,-0.2947104281350093,6,0,1,0.088305478,1,13,1,1,42.25125
1,1.555997513774596,9,1,2,0.028988288,1,13,1,0,51.300000000000004
1,0.4771048727938273,7,0,1,0.142699588,0,15,1,1,6.84
1,0.8033273792023525,1,2,0,0.090390357,0,11,2,0,0.0
1,0.05978693394831059,9,1,2,0.055159054,1,6,1,0,11.5375
1,-1.5051345510899532,8,0,2,0.019200003,0,14,0,0,3.0192
1,0.48615141958233593,6,0,1,0.095360186,0,14,0,1,7.2165
2,0.6441925773701332,3,1,0,0.014518575,0,8,2,1,0.0
1,0.7559904997006577,2,0,1,0.025886443,1,13,1,1,35.245
1,0.8672416000089711,9,1,2,0.121438886,1,13,1,0,99.03750000000001
1,0.3019395516788953,2,0,1,0.028478742,1,3,1,1,6.368
1,-0.3942224428086053,7,0,1,0.032009653,1,3,1,1,6.1240000000000006
1,0.8491069351671072,6,0,1,0.00879232,1,9,2,1,0.0
1,0.548930425079686,7,0,1,0.072545601,0,2,1,1,31.1325
2,-0.1935579473947803,3,1,0,0.020803054,0,2,1,1,73.85000000000001
1,-0.5113638715667008,6,0,1,0.087436672,1,6,1,1,8.19
2,1.731668085646893,3,1,0,0.066567121,1,6,1,1,11.83
1,-1.739334266076451,8,0,2,0.041737627,0,8,2,0,0.0
1,-0.539597155976649,6,0,1,0.026783871,1,13,1,1,34.7225
3,-1.3060689504779146,5,1,0,0.043690499,1,5,1,0,4.71
3,-1.2341602556623628,5,1,0,0.048841794,0,14,0,0,7.65
1,0.5749764214007905,7,0,1,0.030568919,0,11,2,1,0.0
3,-0.5842830678969816,5,1,0,0.047827139,1,9,2,0,0.0
1,-0.6683945278397687,1,2,0,0.122202946,1,6,1,0,5.97675
1,0.5994650941849544,1,2,0,0.033946163,1,3,1,0,9.600000000000001
3,0.4126438299649977,5,1,0,0.14095631,1,3,1,0,15.080000000000002
1,0.4803026623974004,8,0,2,0.142410775,0,15,1,0,6.84
1,0.8060199180485615,2,0,1,0.032771033,0,8,2,1,0.0
1,-0.21968708624557723,8,0,2,0.173516063,1,6,1,0,7.4750000000000005
0,-0.5054735431169187,4,0,2,0.194874778,0,11,2,0,0.0
1,1.6980912948093734,6,0,1,0.022507877,1,4,1,1,9.315000000000001
3,-1.5748143865518143,5,1,0,0.041779181,0,10,1,0,9.70255
1,-1.4614175694195033,1,2,0,0.016582833,1,6,1,0,11.505
3,0.3296260140666323,5,1,0,0.042270751,1,5,1,0,8.85
1,-0.5118691223240653,1,2,0,0.070133177,1,6,1,0,10.855
1,-0.7386627565886875,1,2,0,0.022548195,1,5,1,0,3.5375
1,1.964774156588969,8,0,2,0.124506117,1,3,1,0,5.172000000000001
1,0.26945640488579825,9,1,2,0.031151714,1,6,1,0,3.93575
1,-0.8498722856321544,9,1,2,0.041355366,1,9,2,0,0.0
1,-0.8312739412977725,8,0,2,0.077193561,0,14,0,0,3.5496
2,0.11086842507578996,3,1,0,0.032761024,1,5,1,1,8.55
1,-1.351260113155612,6,0,1,0.054630544,0,8,2,1,0.0
1,0.8864283376304108,6,0,1,0.088807455,1,5,1,1,9.125
1,-0.2659718929676966,7,0,1,0.064551885,0,8,2,1,0.0
1,1.962123189007606,9,1,2,0.025867353,1,3,1,0,8.0
0,-0.30161125809952044,0,0,0,0.032465432,1,6,1,0,5.71025
1,0.8709862116347556,1,2,0,0.01946418,0,8,2,0,0.0
2,-0.40646677920068724,3,1,0,0.037018218666666665,1,13,1,1,58.425000000000004
1,1.8050925327345384,6,0,1,0.035263498,1,3,1,1,11.32
1,0.8858815156081998,9,1,2,0.117543713,0,0,1,0,28.279999999999998
1,-1.0606769718789106,1,2,0,0.116815953,1,5,1,0,7.8
1,0.03475143914193567,7,0,1,0.100060762,1,6,1,1,9.815
1,-0.4783339027513925,8,0,2,0.128705095,1,6,1,0,11.115000000000002
1,-0.7183823749228259,7,0,1,0.108458498,1,4,1,1,3.105
1,-0.495416494813681,7,0,1,0.076276208,0,10,1,1,25.168
1,0.38764990642346925,9,1,2,0.104183308,0,0,1,0,9.282
0,0.5601226886921927,4,0,2,0.126760908,0,2,1,0,31.1325
1,0.5382849834893909,2,0,1,0.093983518,1,6,1,1,4.1762500000000005
1,-1.2229679920498566,1,2,0,0.049038621,0,14,0,0,7.65
1,-1.449214804292268,6,0,1,0.0557385295,0,0,1,1,16.59
1,1.3047567779906566,2,0,1,0.041065647,0,7,0,1,23.75
3,1.6108236165278595,5,1,0,0.014295564,1,6,1,0,4.777499999999999
1,-0.3250894293689553,2,0,1,0.126480422,0,8,2,1,0.0
1,0.05448499878558646,7,0,1,0.058465268,1,4,1,1,3.2545
3,-0.4044042049063827,5,1,0,0.163148041,1,9,2,0,0.0
1,0.5265458978546732,6,0,1,0.066922802,1,13,1,1,93.575
1,0.7304081828720718,7,0,1,0.01247354,1,6,1,1,12.8375
1,-1.4093255767772948,9,1,2,0.014296484,1,9,2,0,0.0
1,1.1887505645418297,6,0,1,0.081996013,1,5,1,1,4.5
3,-0.5459095926541024,5,1,0,0.127469857,1,13,1,0,90.25
1,-0.2942051773776448,1,2,0,0.112227747,1,9,2,0,0.0
1,0.8507058299688938,2,0,1,0.012528611,0,10,1,1,14.57885
0,1.7108824532236666,0,0,0,0.026818196,1,4,1,0,4.2780000000000005
1,0.6740247565818682,2,0,1,0.176175402,0,8,2,1,0.0
3,-0.334135976157464,5,1,0,0.051924192,1,13,1,0,84.78750000000001
1,1.5474977890082984,1,2,0,0.032862976,0,8,2,0,0.0
0,-0.5507062770594625,4,0,2,0.099681705,0,0,1,0,15.61
0,0.25514949419941146,4,0,2,0.0708009757993644,1,4,1,0,8.395
1,-0.85572104281709,7,0,1,0.100602552,0,0,1,1,13.152999999999999
2,-0.4458923272231419,3,1,0,0.024304264,1,5,1,1,4.195
1,0.6809255865463794,1,2,0,0.035930784,1,13,1,0,64.8375
1,1.84287761469036,9,1,2,0.078522357,1,6,1,0,5.232500000000001
1,0.5505293198814726,8,0,2,0.05696122,1,6,1,0,3.7277500000000003
1,-0.8610229779798144,1,2,0,0.08924267866666667,0,0,1,0,18.9
1,-0.6923363786017217,8,0,2,0.020411155,0,10,1,0,17.16
1,0.5138378819700734,8,0,2,0.177270016,1,9,2,0,0.0
1,-1.5349251590368416,1,2,0,0.168312678,1,5,1,0,6.425
1,1.4282106434262054,1,2,0,0.119077255,1,4,1,0,6.256
0,-1.5769185321109656,4,0,2,0.117825569,1,9,2,0,0.0
3,-1.3922429847150066,5,1,0,0.138008431,1,4,1,0,2.4495
1,-1.3757903572046222,7,0,1,0.014470060000000002,1,13,1,1,64.8375
3,1.5783404697347625,5,1,0,0.181769264,0,11,2,0,0.0
1,1.3052620287480212,6,0,1,0.023526504,0,10,1,1,18.304
1,0.5585237938904057,7,0,1,0.130191993,1,9,2,1,0.0
1,-0.8663664844073852,8,0,2,0.038211537,1,4,1,0,3.8180000000000005
1,0.24875391499226485,1,2,0,0.009930514,1,13,1,0,70.5375
1,1.349442689910989,8,0,2,0.022425236,1,6,1,0,13.065000000000001
1,-1.39064408991322,9,1,2,0.040245222,1,5,1,0,4.4675
1,1.5783820409996088,1,2,0,0.143897558,1,4,1,0,5.336
2,-1.6897685272210656,3,1,0,0.041907648,0,8,2,1,0.0
1,-1.3693947779974756,8,0,2,0.118180011,0,11,2,0,0.0
1,-0.3351880489370395,6,0,1,0.025962714,1,6,1,1,5.71025
1,1.1003892422158936,6,0,1,0.098603729,1,9,2,1,0.0
2,0.12260751071050717,3,1,0,0.020652362,1,13,1,1,57.475
1,0.06668776391282172,2,0,1,0.15816079200000002,1,13,1,1,80.03750000000001
3,-0.8632102660686586,5,1,0,0.141106202,0,15,1,0,18.45
1,1.3154437908457983,2,0,1,0.107662745,1,4,1,1,5.428000000000001
1,0.6250474110135403,7,0,1,0.026005891,1,9,2,1,0.0
1,-1.2724921596403955,9,1,2,0.094037291,1,6,1,0,9.815
1,0.7565373217228687,9,1,2,0.024515221,0,8,2,0,0.0
0,1.7726093859414414,4,0,2,0.0708009757993644,1,9,2,0,0.0
1,-0.3606872232359327,2,0,1,0.088864488,1,6,1,1,5.018
1,1.5027703058231197,8,0,2,0.103751236,1,13,1,0,44.62625
1,1.1541632721895816,9,1,2,0.099290166,1,9,2,0,0.0
1,0.7283040373129207,6,0,1,0.07461309,1,6,1,1,5.6875
2,0.6750768293614438,3,1,0,0.170500183,1,3,1,1,16.56
1,-0.14138281222287893,2,0,1,0.063532672,0,2,1,1,22.4875
1,-1.4194241963453793,6,0,1,0.16350770833333333,0,0,1,1,6.832
2,-0.2776694073375675,3,1,0,0.075856062,0,0,1,1,16.799999999999997
0,-0.49432285076925875,0,0,0,0.0708009757993644,1,3,1,0,8.156
1,0.2354575058206076,7,0,1,0.151159243,0,10,1,1,8.3798
3,1.4128100886953965,5,1,0,0.072317217,1,9,2,0,0.0
1,0.6239953382339648,1,2,0,0.036611104,1,9,2,0,0.0
1,0.691612599401521,9,1,2,0.053527105,0,8,2,0,0.0
1,-1.0127932703550044,1,2,0,0.008533716,0,0,1,0,25.2
0,0.14011221100046747,4,0,2,0.047377447,0,14,0,0,4.3452
3,-1.2773304153106018,5,1,0,0.013745883,1,5,1,0,7.675
3,-0.6651967382361957,5,1,0,0.055648052,0,0,1,0,24.29
1,-1.0484326354868283,2,0,1,0.021447102,1,9,2,1,0.0
1,-1.6791230856307704,9,1,2,0.045337184,0,0,1,0,13.72
1,0.07363016514217932,7,0,1,0.038606365,1,13,1,1,79.325
1,1.556502764531961,2,0,1,0.059827007,0,11,2,1,0.0
1,-0.5815905290507728,1,2,0,0.087187488,1,5,1,0,3.3825
3,-1.570059273411301,5,1,0,0.096000183,1,4,1,0,2.7255000000000003
3,1.7587661547475726,5,1,0,0.071628097,0,7,0,0,20.987499999999997
0,-0.004127286858307986,4,0,2,0.181114059,1,13,1,0,73.625
1,0.5808667498505721,7,0,1,0.046114018,1,13,1,1,97.85000000000001
1,1.055620187765868,9,1,2,0.127647181,1,3,1,0,5.04
0,-0.4725267168313036,4,0,2,0.06216667,1,13,1,0,74.1
2,-0.39266511927166525,3,1,0,0.054277132,1,13,1,1,96.66250000000001
1,1.1610225308892461,7,0,1,0.013146636,1,9,2,1,0.0
0,-1.6930078880894852,4,0,2,0.068153091,0,14,0,0,4.59
3,-1.3060689504779146,5,1,0,0.13852789233333332,1,6,1,0,9.815
1,-0.967477393882768,1,2,0,0.017844609,1,13,1,0,64.125
2,0.2705916201950667,3,1,0,0.034745307,0,1,1,1,16.375
0,1.1104878617839777,4,0,2,0.067520165,1,6,1,0,12.415000000000001
1,1.5879338385454824,6,0,1,0.026059557,0,0,1,1,25.479999999999997
3,-0.7806561296628115,5,1,0,0.077790204,1,3,1,0,13.0
1,0.21412505137517027,7,0,1,0.173109453,1,13,1,1,76.0
2,-0.8876989388528226,3,1,0,0.03810738,1,13,1,1,62.4625
1,-0.8466744960285811,2,0,1,0.124126756,1,13,1,1,31.6825
1,1.4830367461794687,8,0,2,0.018905326,0,8,2,0,0.0
1,-0.8221858232444172,7,0,1,0.076229769,0,0,1,1,21.139999999999997
1,1.3617285975679176,9,1,2,0.042626422,1,6,1,0,4.78725
1,0.20028182018130153,9,1,2,0.058181585,0,10,1,0,25.168
1,-0.9962575003149272,8,0,2,0.10447483066666667,1,3,1,0,7.6000000000000005
1,1.701289084412947,1,2,0,0.047743195,1,3,1,0,6.18
1,0.47651647950676984,7,0,1,0.110234793,1,6,1,1,4.615
3,0.4057430000004866,5,1,0,0.029793955,1,13,1,0,84.075
1,0.9012820703390086,2,0,1,0.053924587,1,3,1,1,4.324000000000001
1,-0.9190884416014976,1,2,0,0.035163639,0,8,2,0,0.0
1,0.9124743339515149,7,0,1,0.020739698,0,1,1,1,31.25
1,-1.5429196330457746,1,2,0,0.120443298,1,6,1,0,4.134
1,0.16359038226990189,8,0,2,0.015769693,1,13,1,0,88.35000000000001
2,-1.2772888440457555,3,1,0,0.020961192,1,13,1,1,94.28750000000001
2,-1.011658055045736,3,1,0,0.186616421,0,0,1,1,17.29
2,1.722074716836173,3,1,0,0.016087659,1,4,1,1,4.2780000000000005
1,-0.28461180856692486,8,0,2,0.037864721,1,5,1,0,7.85
1,-1.5855013994069562,6,0,1,0.121702394,1,13,1,1,61.0375
1,-0.8749077804385296,6,0,1,0.0629822765,1,6,1,1,3.76025
1,-0.799842867284251,2,0,1,0.131665479,0,2,1,1,24.22
1,1.6124225113296464,8,0,2,0.052339069,0,10,1,0,21.593
1,0.8970322079558596,9,1,2,0.015302653,1,13,1,0,86.6875
0,-0.00778875595439912,4,0,2,0.022074764,1,13,1,0,86.45
1,-0.2947104281350093,1,2,0,0.12566436,0,8,2,0,0.0
1,-0.6439058550556048,1,2,0,0.02295878,1,9,2,0,0.0
1,0.11511828745893857,8,0,2,0.065810045,1,5,1,0,8.925
1,-0.47193832354424614,7,0,1,0.128674983,1,6,1,1,11.115000000000002
0,0.39884217003597544,0,0,0,0.174110803,0,0,1,0,9.282
3,0.7410951957272134,5,1,0,0.07472623240000001,1,6,1,0,5.6875
1,0.4227840207979284,2,0,1,0.157718931,0,2,1,1,40.6
2,1.2893562232598479,3,1,0,0.045838211,1,3,1,1,4.724
1,0.6538275174456993,8,0,2,0.119462225,1,6,1,0,10.855
1,-1.4540114886976276,2,0,1,0.099692906,1,13,1,1,69.5875
2,0.7235073529075606,3,1,0,0.048131556,1,6,1,1,13.39
1,-0.7849059920459603,8,0,2,0.028418817,1,13,1,0,78.375
2,-0.34688556330691045,3,1,0,0.071548187,1,5,1,1,5.25
1,0.08797864709341258,8,0,2,0.025993423,1,5,1,0,7.55
1,0.7874215737141792,2,0,1,0.007084185,0,14,0,1,3.11865
1,0.02250710274985393,8,0,2,0.0264722655,0,0,1,0,14.7
1,-1.5924022293714672,9,1,2,0.109265987,0,14,0,0,4.79145
1,1.0449747461755727,8,0,2,0.096212432,1,13,1,0,59.85
1,0.4707092935866807,1,2,0,0.142292265,0,15,1,0,6.84
1,0.32861551255190324,9,1,2,0.156541861,0,10,1,0,24.595999999999997
0,1.9258954305887255,0,0,0,0.124110349,1,13,1,0,27.455000000000002
1,0.2519517045958384,8,0,2,0.039247736,0,2,1,0,70.7
1,1.9365824434438665,1,2,0,0.069560905,0,15,1,0,11.520000000000001
3,-0.015824801228178722,5,1,0,0.013066448,1,9,2,0,0.0
1,-1.6749147945124678,8,0,2,0.046090204,1,5,1,0,3.3175
1,1.8647153198931614,8,0,2,0.013637046,1,5,1,0,8.75
2,0.8661479559645491,3,1,0,0.054245722,0,12,1,1,40.49400000000001
1,1.7923429455850917,7,0,1,0.06479182,0,11,2,1,0.0
0,1.4479442030698562,0,0,0,0.095064731,1,4,0,0,4.876
1,-0.2606283865401255,9,1,2,0.037967687,0,15,1,0,12.735000000000001
1,-0.9381920366932442,1,2,0,0.078863888,1,5,1,0,5.8
1,1.1493665877842214,8,0,2,0.184167712,1,3,1,0,10.920000000000002
1,0.07097919756081725,2,0,1,0.029949818,0,14,0,1,6.171
1,-0.5358109730860182,9,1,2,0.148302815,0,8,2,0,0.0
2,-1.4125233663808683,3,1,0,0.026645307,1,5,1,1,8.3
1,-1.576960103375812,7,0,1,0.030765898,0,7,0,1,39.25
1,-0.5183062727960581,2,0,1,0.129140919,1,6,1,1,11.115000000000002
1,1.532560913770008,7,0,1,0.16817143,0,14,0,1,5.04645
1,-1.5674083058299386,9,1,2,0.04605781,1,4,1,0,4.006600000000001
0,-1.0686298746229972,0,0,0,0.060847634,1,5,1,0,10.25
1,-0.8498722856321544,2,0,1,0.143495952,1,6,1,1,11.700000000000001
2,-0.23298349541723473,3,1,0,0.050256604,0,8,2,1,0.0
1,1.7598182275271481,8,0,2,0.094161662,1,9,2,0,0.0
0,-0.9259892715660087,4,0,2,0.069968018,0,11,2,0,0.0
2,-0.8541637192801498,3,1,0,0.076385385,0,0,1,1,21.139999999999997
1,-0.4299449504701221,9,1,2,0.029569276,1,9,2,0,0.0
1,0.5510761419036836,7,0,1,0.167722519,1,9,2,1,0.0
1,0.3046320905251038,9,1,2,0.035311852,1,6,1,0,9.6525
1,-0.5847883186543461,2,0,1,0.087753682,1,5,1,1,3.3825
1,-0.8408257388436458,6,0,1,0.04295842,1,6,1,1,6.045000000000001
1,-0.40646677920068724,6,0,1,0.170251293,1,3,1,1,9.440000000000001
0,-1.5157799926802487,0,0,0,0.137697119,0,0,1,0,27.09
1,-0.7360117890073252,1,2,0,0.034445116,0,8,2,0,0.0
1,0.6351460305816246,1,2,0,0.066727717,1,5,1,0,4.65
3,-0.5028641468004029,5,1,0,0.058198141,0,8,2,0,0.0
1,1.9344782978847155,9,1,2,0.080765853,1,5,1,0,6.825
0,1.2036458685152738,0,0,0,0.043663452,1,13,1,0,46.550000000000004
1,-0.9009537767596336,9,1,2,0.06775671966666667,0,1,1,0,42.75
2,0.39299341285103984,3,1,0,0.011026594,1,13,1,1,49.875
0,1.4085602263122479,4,0,2,0.061999648,0,0,1,0,17.71
1,0.14015378226531394,7,0,1,0.008296692,1,4,1,1,5.1290000000000004
1,-0.8834075052048272,2,0,1,0.011189235,1,13,1,1,48.925000000000004
1,-1.2368112232437252,2,0,1,0.038169783,1,5,1,1,4.655
1,1.068958168202372,2,0,1,0.096756649,1,13,1,1,59.85
1,-0.3548800373158436,2,0,1,0.071660976,1,5,1,1,5.25
1,0.6532391241586419,8,0,2,0.091917786,0,11,2,0,0.0
1,0.7746304152998864,6,0,1,0.007043008,0,14,0,1,3.11865
1,-1.6701181101071079,7,0,1,0.166174549,1,4,0,1,7.245
1,1.9088959810561301,2,0,1,0.081096613,1,5,1,1,6.825
1,-1.4561572055216252,2,0,1,0.020664178,1,6,1,1,10.627500000000001
1,1.8615175302895883,1,2,0,0.015704130599999998,1,5,1,0,8.75
1,0.8188110764628542,2,0,1,0.050625182,1,9,2,1,0.0
1,-0.9110939675925644,8,0,2,0.127541722,1,5,1,0,7.15
1,-0.8935061247729115,6,0,1,0.127517605,1,5,1,1,7.15
3,1.9487852085711028,5,1,0,0.138846289,1,3,1,0,13.600000000000001
0,-1.6562333076483928,0,0,0,0.0708009757993644,1,6,1,0,11.83
1,-0.6827845810558485,8,0,2,0.122304725,1,6,1,0,5.97675
1,0.36799948930951143,9,1,2,0.025936747,1,5,1,0,6.925
1,0.8853346935859888,8,0,2,0.054025644,0,12,1,0,40.49400000000001
1,1.783843220818794,9,1,2,0.113694957,1,9,2,0,0.0
3,-1.416226406741806,5,1,0,0.173206192,1,4,1,0,5.359
1,1.7880515119370965,2,0,1,0.026289984,1,13,1,1,83.125
1,0.6388490709425626,1,2,0,0.015711807,1,9,2,0,0.0
1,-0.672139139465553,2,0,1,0.026072872,0,10,1,1,16.874
1,1.844981760249511,9,1,2,0.066833743,1,5,1,0,5.65
3,-1.7297408972657313,5,1,0,0.073055148,0,12,1,0,36.21
2,-0.6108758862402968,3,1,0,0.052657753,1,13,1,1,83.125
1,-0.43154384527190864,9,1,2,0.024201905,1,3,1,0,8.08
0,0.7687400868501044,0,0,0,0.039463564,0,14,0,0,8.211
1,0.8922355235505,2,0,1,0.014098693,1,13,1,1,44.175000000000004
1,-1.011658055045736,2,0,1,0.131152799,0,0,1,1,20.02
3,-0.8589604036855095,5,1,0,0.075707087,0,0,1,0,21.139999999999997
1,0.23752008011491219,1,2,0,0.176069023,0,0,1,0,15.54
3,0.4227840207979284,5,1,0,0.012481638,1,9,2,0,0.0
0,-1.5610127266227922,4,0,2,0.0708009757993644,1,4,1,0,5.1290000000000004
0,-0.32929772048725764,4,0,2,0.07051345459990613,0,0,1,0,16.695
1,1.3596244520087666,6,0,1,0.009761175,1,13,1,1,55.1
0,1.8519241614788682,4,0,2,0.117442838,1,13,1,0,71.725
1,1.4187004171451787,1,2,0,0.102426197,1,4,1,0,6.141
1,-1.4077266819755083,6,0,1,0.011212719,0,11,2,1,0.0
1,0.08322353395289898,1,2,0,0.089078338,0,8,2,0,0.0
1,0.5329414770618198,9,1,2,0.1427783335,1,6,1,0,6.370000000000001
1,0.05069881589495546,6,0,1,0.027942357,1,13,1,1,34.55625
0,-0.4703810000073058,0,0,0,0.187841082,0,7,0,0,25.4875
1,0.7027217204843347,1,2,0,0.047896393,1,6,1,0,13.39
1,1.211640342524207,2,0,1,0.070551723,1,4,1,1,7.682
2,0.3195273944985481,3,1,0,0.028478742,1,3,1,1,6.368
1,-0.4139144311874094,1,2,0,0.039113587,1,9,2,0,0.0
1,-1.7270483584195226,7,0,1,0.038559926,1,9,2,1,0.0
1,-1.7047054024593564,2,0,1,0.169137707,0,1,1,1,17.8875
3,0.7857811076475462,5,1,0,0.112668963,1,6,1,0,8.352500000000001
1,0.579309426313632,7,0,1,0.017096552,0,0,1,1,7.616
1,1.2754714208011326,1,2,0,0.106968096,1,4,1,0,5.428000000000001
3,-0.6194171822714409,5,1,0,0.056192276,0,1,1,0,52.125
1,-1.3741498911379892,7,0,1,0.069229076,0,2,1,1,31.5
1,0.3194858232337016,6,0,1,0.104859135,1,13,1,1,83.60000000000001
3,1.0498130018457787,5,1,0,0.122242847,0,15,1,0,6.6915
1,-0.2308377785932372,6,0,1,0.059790095,1,6,1,1,13.13
1,0.5696744862380659,6,0,1,0.070431235,0,7,0,1,24.2375
1,-1.0462869186628307,6,0,1,0.027059264,0,10,1,1,14.443
1,-0.6422653889889718,6,0,1,0.054928641,0,8,2,1,0.0
1,0.6058606733921006,9,1,2,0.036729122,1,5,1,0,6.575
1,-1.7153924153144982,9,1,2,0.03898577,0,14,0,0,4.59
1,1.7566620091884215,2,0,1,0.139087683,1,13,1,1,89.53750000000001
1,-0.2835181645225029,1,2,0,0.024129332,1,6,1,0,13.4875
1,1.8955580006196258,6,0,1,0.063851475,0,1,1,1,36.25
3,-0.650806685020116,5,1,0,0.121712459,1,6,1,0,5.97675
0,-0.9169427247774998,4,0,2,0.094910421,0,1,1,0,42.75
2,-0.7561674568786475,3,1,0,0.103142373,1,3,1,1,16.2
1,-1.3964928470981557,8,0,2,0.135775701,1,5,1,0,7.0
1,-1.0755722758523545,1,2,0,0.026877471,1,9,2,0,0.0
1,-0.6465568226369671,9,1,2,0.093027718,0,8,2,0,0.0
1,-0.8152434220150598,6,0,1,0.014730322,1,3,1,1,11.040000000000001
0,-1.2879342856360507,0,0,0,0.077545229,0,8,2,0,0.0
0,-1.672727506423624,0,0,0,0.186250852,0,0,1,0,17.22
1,0.4403718636175812,6,0,1,0.019502965,1,9,2,1,0.0
1,-0.012080189602394648,6,0,1,0.040938155,1,13,1,1,76.0
1,0.3802438257015936,2,0,1,0.105472205,1,13,1,1,83.60000000000001
1,1.2546857883779063,6,0,1,0.107036943,1,4,1,1,5.428000000000001
1,-0.46608956635931054,6,0,1,0.034350673,1,5,1,1,2.2775
1,0.06029218470567512,1,2,0,0.066121873,1,5,1,0,7.575
1,-0.466677959646368,9,1,2,0.049144165,1,13,1,0,83.60000000000001
1,-0.36493708561908156,1,2,0,0.028677182500000002,1,9,2,0,0.0
0,-0.5810852782934083,4,0,2,0.0708009757993644,1,13,1,0,51.5375
3,-1.306027379213068,5,1,0,0.029943463,1,3,1,0,10.4
1,0.2647012917452846,8,0,2,0.089778187,0,8,2,0,0.0
1,0.7059610813527543,2,0,1,0.031271134,1,13,1,1,40.99250000000001
1,-1.07506702509499,2,0,1,0.093214498,1,4,0,1,9.522
1,0.6920762788940391,6,0,1,0.129889831,1,6,1,1,6.30175
1,1.4000189302811037,9,1,2,0.015973794666666666,0,1,1,0,34.125
1,-1.267737046499882,1,2,0,0.056555715,1,13,1,0,26.5525
0,0.3908892672918888,0,0,0,0.10084386,0,15,1,0,16.425
1,1.0588179773694415,6,0,1,0.127424932,1,3,1,1,5.04
1,1.5331077357922192,6,0,1,0.037041676,1,5,1,1,3.75
1,1.2425245945155174,6,0,1,0.048017962,0,1,1,1,33.375
1,1.0087885590215375,2,0,1,0.00878535,0,10,1,1,22.450999999999997
1,0.8300033400753609,1,2,0,0.014781046,1,4,1,0,9.315000000000001
1,-0.11849303424050155,9,1,2,0.096249842,0,10,1,0,21.593
2,0.24711344892563183,3,1,0,0.095545715,0,0,1,1,21.139999999999997
2,1.6619051076553388,3,1,0,0.131714183,1,5,1,1,6.075
1,-0.9430302923634505,8,0,2,0.049865399,1,4,0,0,3.2292
0,0.198136103357304,0,0,0,0.033259081,1,9,2,0,0.0
1,-0.20214081469077091,2,0,1,0.01619866,0,8,2,1,0.0
1,-1.3470518220373096,2,0,1,0.062395455,1,13,1,1,79.325
1,0.7405483737050024,6,0,1,0.018568129,1,3,1,1,11.88
1,1.498478872175124,9,1,2,0.07804043633333334,0,10,1,0,21.45
1,-0.37831663732043197,8,0,2,0.073379745,0,8,2,0,0.0
1,0.11835764832735857,2,0,1,0.0828941,0,0,1,1,11.528999999999998
1,0.47756855228634537,2,0,1,0.098457814,0,14,0,1,8.925
1,-1.4731566550542208,7,0,1,0.1718014585,1,6,1,1,9.5225
1,-0.8152849932799063,2,0,1,0.077630199,0,14,0,1,3.5496
1,0.07043237553860625,7,0,1,0.014584584,0,14,0,1,2.9478
1,0.8730487859290602,6,0,1,0.025698134,1,9,2,1,0.0
1,-1.0191472782973046,2,0,1,0.051908824,0,0,1,1,12.873
1,-1.544476956582715,2,0,1,0.034563936,0,0,1,1,28.0
1,1.5230091162241344,2,0,1,0.019012262,0,8,2,1,0.0
2,0.45417352354660345,3,1,0,0.077478931,1,5,1,1,5.8
1,-0.3340944048926175,6,0,1,0.092576144,0,1,1,1,11.9625
1,0.3365268440311434,1,2,0,0.060198496,0,15,1,0,16.425
0,0.33122490886841927,4,0,2,0.03409886,0,11,2,0,0.0
1,1.8572676679064393,2,0,1,0.064728148,1,13,1,1,95.95
1,0.4152947975463598,7,0,1,0.086105815,1,13,1,1,52.9625
0,-0.4229609779759181,4,0,2,0.057620562,1,13,1,0,40.99250000000001
1,-1.6499208709709394,1,2,0,0.029760052,1,6,1,0,5.41125
3,-0.8711631688127452,5,1,0,0.064607378,1,3,1,0,15.76
1,-1.3438540324337362,8,0,2,0.067872402,1,4,1,0,6.21
1,-1.3022827675872841,6,0,1,0.036031137,0,10,1,1,26.9555
1,-0.7147209058267345,8,0,2,0.07929647,0,0,1,0,28.979999999999997
1,1.065801949863645,9,1,2,0.07413949233333333,1,6,1,0,11.115000000000002
1,-0.5879861082579194,8,0,2,0.024541277,0,10,1,0,8.050899999999999
3,-0.6540044746236893,5,1,0,0.031867464,1,9,2,0,0.0
1,-0.7290278165131213,1,2,0,0.054507422,0,10,1,0,16.159
1,0.5026456183575667,2,0,1,0.136500981,0,7,0,1,41.5
2,-1.009007087464374,3,1,0,0.075035902,0,1,1,1,19.3
0,-0.5624869339590264,0,0,0,0.062885197,1,13,1,0,54.625
1,0.2934398269125976,1,2,0,0.117387066,1,13,1,0,43.67625
3,-1.5828088605607473,5,1,0,0.108568067,0,14,0,0,4.79145
1,0.8267639792069409,7,0,1,0.117874024,1,13,1,1,64.6
3,-1.731339792067518,5,1,0,0.183948465,1,9,2,0,0.0
1,0.3072414868416199,7,0,1,0.034945416,1,9,2,1,0.0
1,1.116295047704067,2,0,1,0.034501405,1,9,2,1,0.0
1,0.18429287216343526,7,0,1,0.033505804,0,10,1,1,13.299000000000001
1,-0.8397320947992237,1,2,0,0.097135675,1,4,0,0,8.096000000000002
1,-0.6518587577996915,1,2,0,0.151931742,0,2,1,0,65.10000000000001
1,1.7790465364134342,2,0,1,0.114160573,1,9,2,1,0.0
0,1.0210328954136196,0,0,0,0.024482433,1,3,1,0,10.68
1,-0.7546101333417072,1,2,0,0.119436131,1,9,2,0,0.0
1,-0.2265463449452419,7,0,1,0.071516201,0,8,2,1,0.0
1,0.7022580409918167,6,0,1,0.161404914,1,3,1,1,12.0
1,0.2109688330364432,9,1,2,0.141475625,1,13,1,0,28.66625
1,-1.2863353908342643,8,0,2,0.057792343,1,6,1,0,6.9517500000000005
1,-1.0734681302932034,1,2,0,0.030102335,1,3,1,0,9.68
1,-0.5177594507738471,6,0,1,0.076547632,1,5,1,1,4.42
3,-0.8210921791999952,5,1,0,0.141997869,1,6,1,0,11.700000000000001
1,-1.7563752868738929,6,0,1,0.159698192,1,5,1,1,8.05
1,0.862403344338765,1,2,0,0.083444376,1,3,1,0,10.4
1,0.04379798593044433,9,1,2,0.163233667,0,7,0,0,19.625
2,-0.20740117858864857,3,1,0,0.091237452,0,7,0,1,47.125
1,1.2456392415893978,9,1,2,0.055519561,1,4,1,0,7.82
3,0.6415831810536177,5,1,0,0.0350152,1,13,1,0,91.2
3,0.041105447084235795,5,1,0,0.025354072,0,8,2,0,0.0
1,-1.4822032018427294,2,0,1,0.082731751,0,0,1,1,27.09
3,1.8268886666724937,5,1,0,0.065272284,1,5,1,0,2.8475
3,0.5063486587185048,5,1,0,0.007006883,0,15,1,0,19.08
1,-1.3081315247722194,2,0,1,0.012273747,1,6,1,1,11.83
1,-0.8759598532181051,6,0,1,0.125756824,1,6,1,1,9.165000000000001
0,-0.9461865107021773,0,0,0,0.0708009757993644,0,10,1,0,29.1005
1,-0.9286402391473708,2,0,1,0.04981074966666666,1,4,0,1,3.2292
1,-0.2238953773638796,2,0,1,0.0470743215,1,9,2,1,0.0
1,0.15079922385560915,1,2,0,0.054410179,1,5,1,0,10.05
3,-1.0127932703550044,5,1,0,0.00799548,1,5,1,0,4.55
3,1.8774649070426086,5,1,0,0.068489201,1,3,1,0,17.080000000000005
2,0.29983540611974424,3,1,0,0.01785932,1,5,1,1,3.5725
0,0.23701482935754764,0,0,0,0.0708009757993644,1,4,1,0,8.326
0,-1.3725509963362028,0,0,0,0.022059594,1,9,2,0,0.0
1,0.06773983669239725,7,0,1,0.043651198,1,6,1,1,3.8870000000000005
3,1.7140802428272397,5,1,0,0.047551568,1,3,1,0,6.18
3,-0.18186043302490912,5,1,0,0.057827101,1,5,1,0,4.4925
1,0.571314952304699,9,1,2,0.081914677,0,1,1,0,39.625
1,0.8470443608728027,7,0,1,0.136705075,1,13,1,1,32.7275
2,-1.73399075964888,3,1,0,0.108470504,1,9,2,1,0.0
0,1.1993544348672784,4,0,2,0.096658404,1,6,1,0,9.815
3,0.6990602513882431,5,1,0,0.015485016,1,6,1,0,11.375
1,0.17739204219892415,2,0,1,0.086945823,1,5,1,1,2.94
0,-1.524784968203911,0,0,0,0.121674533,1,6,1,0,7.670000000000001
0,-1.448162731512692,0,0,0,0.163838951,1,3,1,0,6.800000000000001
2,-1.5311805474110574,3,1,0,0.065898197,1,5,1,1,6.825
1,-0.507660831205763,2,0,1,0.123159656,1,6,1,1,10.205
1,-1.6903153492432768,8,0,2,0.024194731,1,4,1,0,5.796
1,1.439949729060923,9,1,2,0.056884225,1,4,0,0,4.876
1,-1.3449061052133118,1,2,0,0.012194556,1,6,1,0,11.83
1,0.3897956232474668,6,0,1,0.038730229,1,9,2,1,0.0
1,1.8966516446640478,7,0,1,0.048761046,1,5,1,1,4.9475
2,0.575564814687848,3,1,0,0.036382524,0,8,2,1,0.0
1,1.3095118911311698,1,2,0,0.079152918,1,5,1,0,9.125
2,1.785400544355734,3,1,0,0.186825823,1,9,2,1,0.0
2,0.6372501761407756,3,1,0,0.010039493,0,10,1,1,30.3875
1,1.787546261179732,2,0,1,0.065026434,0,11,2,1,0.0
1,0.31098609846740394,9,1,2,0.083488992,1,9,2,0,0.0
1,1.839679825086787,1,2,0,0.029420857,1,9,2,0,0.0
0,0.22367684892104345,4,0,2,0.076434542,1,6,1,0,8.84
1,-1.455610383499414,2,0,1,0.047387144,1,5,1,1,4.5975
3,-0.6896854110203596,5,1,0,0.182514881,1,6,1,0,5.84025
2,-1.3513016844204584,3,1,0,0.108036187,0,14,0,1,8.0835
1,1.0732496018503672,1,2,0,0.039008625,0,0,1,0,12.453
1,-0.6380155266058231,2,0,1,0.056235142,0,0,1,1,24.29
2,-0.5406076574913781,3,1,0,0.042383069,1,9,2,1,0.0
2,-0.5262176042752986,3,1,0,0.091408076,0,11,2,1,0.0
1,-1.2682422972572467,1,2,0,0.038422076,1,4,1,0,3.1832000000000003
3,0.8448570727839587,5,1,0,0.088394115,1,5,1,0,9.125
1,-0.3399431620775529,7,0,1,0.068091318,1,4,1,1,8.671000000000001
3,-0.4942812795044123,5,1,0,0.069851683,1,6,1,0,10.855
3,0.21412505137517027,5,1,0,0.072838381,1,3,1,0,14.4
1,-0.23353031743944574,8,0,2,0.037764307,1,13,1,0,47.5
1,0.7548968556562357,2,0,1,0.038040837,0,14,0,1,9.1035
3,0.2109688330364432,5,1,0,0.110901004,1,13,1,0,38.095
0,-0.3803792116147368,0,0,0,0.040446145,1,3,1,0,8.08
1,-0.26121677982718294,1,2,0,0.05089667,1,9,2,0,0.0
1,-0.2952572501572203,9,1,2,0.100330684,1,6,1,0,13.455
1,0.8523047247706808,1,2,0,0.173237171,1,13,1,0,71.725
1,0.2923877541330221,8,0,2,0.022795611,1,6,1,0,8.547500000000001
0,-0.6465152513721206,0,0,0,0.105498192,1,3,1,0,12.96
0,0.63464077982426,4,0,2,0.02746599,1,9,2,0,0.0
1,-1.5577733657543724,1,2,0,0.053327763,0,14,0,0,7.905
2,-0.28991374372964945,3,1,0,0.052421981,0,8,2,1,0.0
1,1.1125920073431288,1,2,0,0.127929521,1,6,1,0,5.265
3,0.6154540422028207,5,1,0,0.118883724,1,6,1,0,10.855
1,0.5462378862334776,9,1,2,0.022879017,0,8,2,0,0.0
1,-0.9350773896193638,2,0,1,0.12826315,1,5,1,1,7.15
1,0.3003822281419552,6,0,1,0.082316506,0,8,2,1,0.0
1,-1.6983098232522098,1,2,0,0.021648305,1,9,2,0,0.0
2,-0.6779463253856421,3,1,0,0.039653081,1,13,1,1,39.87625
1,0.6708269669782951,6,0,1,0.010914988,1,13,1,1,45.125
1,-1.62593744894414,8,0,2,0.048143292,0,0,1,0,15.12
2,-0.5187699522885765,3,1,0,0.119848041,0,0,1,1,28.7
1,1.8615175302895883,7,0,1,0.027399064,1,13,1,1,45.6
1,-0.8136860984781196,7,0,1,0.028476451,1,13,1,1,78.375
3,0.7826248893088196,5,1,0,0.052247806,1,9,2,0,0.0
0,-0.3441930244607017,0,0,0,0.071335395,1,4,1,0,7.682
0,-1.3853837260153419,0,0,0,0.087559621,1,5,1,0,3.68
1,-0.6348593082670961,8,0,2,0.062700289,1,5,1,0,6.3
1,0.23327021773176312,9,1,2,0.0501775424,1,6,1,0,8.84
1,-0.638562348628034,2,0,1,0.008238064,1,3,1,1,13.4
1,-0.7264184201966055,8,0,2,0.13267058,1,4,0,0,5.4510000000000005
1,0.1939278122390014,9,1,2,0.023179181,0,11,2,0,0.0
1,-0.5906786471041282,2,0,1,0.112556507,1,5,1,1,9.5
1,0.7719794477185239,9,1,2,0.129534812,1,9,2,0,0.0
2,-0.6752953578042798,3,1,0,0.059594017,1,13,1,1,36.86
1,0.8890793052117729,8,0,2,0.089901774,1,6,1,0,11.83
1,0.5861686850132967,6,0,1,0.016823566,0,7,0,1,30.25
1,1.1019465657528336,9,1,2,0.017746826,0,8,2,0,0.0
1,0.38289479328295567,2,0,1,0.015521768,1,9,2,1,0.0
1,-1.6483219761691528,6,0,1,0.045299563,1,4,0,1,8.786000000000001
1,-0.2830129137651383,8,0,2,0.020714523,1,6,1,0,9.1975
1,0.3301312648239973,2,0,1,0.060589424,0,15,1,1,16.425
0,-0.3085536593288778,0,0,0,0.051794958,1,6,1,0,4.9075
0,0.662327242211997,4,0,2,0.116928924,1,5,1,0,4.65
1,0.8358105259954496,6,0,1,0.071832909,1,4,1,1,3.9444999999999997
1,1.0700518122467941,9,1,2,0.039101813,0,0,1,0,12.453
1,-0.42935655718306465,9,1,2,0.032960823,1,13,1,0,40.99250000000001
1,0.7719378764536774,9,1,2,0.05213575,0,8,2,0,0.0
1,-0.8530700752357278,8,0,2,0.142688846,1,6,1,0,11.700000000000001
1,0.3317301596257838,9,1,2,0.037580877,1,5,1,0,7.0
2,-0.4246014440425513,3,1,0,0.008596051,0,8,2,1,0.0
1,0.5888196525946587,8,0,2,0.036641597,1,9,2,0,0.0
1,0.11457146543672757,9,1,2,0.028642712,1,9,2,0,0.0
0,1.3170426856475848,0,0,0,0.179191782,1,4,1,0,5.428000000000001
1,0.6990186801233966,1,2,0,0.019033838,0,14,0,0,5.355
2,-0.5374098678878048,3,1,0,0.123531974,0,10,1,1,18.0895
1,0.861939664846247,1,2,0,0.028498354,0,0,1,0,13.02
3,0.5809083211154186,5,1,0,0.066611321,1,13,1,0,93.575
1,0.4654073584239566,9,1,2,0.141862435,1,3,1,0,15.080000000000002
1,-0.4628917767557372,2,0,1,0.018667601,1,13,1,1,91.91250000000001
1,1.3217977987880984,8,0,2,0.014024028,1,9,2,0,0.0
2,0.12626897980659876,3,1,0,0.153655348,0,0,1,1,16.31
1,0.11511828745893857,7,0,1,0.06594351,1,5,1,1,8.925
1,-0.9573787743146835,6,0,1,0.183472595,0,14,0,1,7.2165
1,0.3035800177455283,7,0,1,0.025460232,1,6,1,1,3.93575
1,0.5659298746122814,6,0,1,0.04796580225,1,6,1,1,7.865
1,0.19657877982036392,2,0,1,0.003612411,0,7,0,1,14.7
1,0.17949618775807566,6,0,1,0.033431669,0,10,1,1,13.299000000000001
1,-0.7939525388344689,2,0,1,0.020898691,1,3,1,1,5.816
2,1.8641684978709503,3,1,0,0.078041216,1,13,1,1,86.6875
2,1.3478853663740489,3,1,0,0.005611367,0,15,1,1,17.28
1,0.49200017676727154,2,0,1,0.10589167,1,13,1,1,74.1
1,0.35196897002679867,6,0,1,0.0076006704,1,9,2,1,0.0
2,0.4999946507762047,3,1,0,0.042413704,1,4,0,1,7.9350000000000005
1,-0.4421477155973576,8,0,2,0.071077939,0,14,0,0,3.7077
3,0.49200017676727154,5,1,0,0.042037073,1,4,0,0,7.9350000000000005
0,-0.2825076630077738,0,0,0,0.080010553,1,5,1,0,8.05
3,1.785905795113099,5,1,0,0.041621987,1,9,2,0,0.0
1,-1.5860066501643209,2,0,1,0.020603511,1,9,2,1,0.0
3,1.2866636844136388,5,1,0,0.106538757,1,4,1,0,5.428000000000001
2,-0.893000874015547,3,1,0,0.030819397,1,3,1,1,15.600000000000001
0,0.04703734679886432,4,0,2,0.10314345066666668,0,0,1,0,12.838
0,1.7049921247738846,0,0,0,0.025257508,0,10,1,0,14.014000000000001
1,0.8730903571939067,7,0,1,0.173833129,1,13,1,1,71.725
1,-0.17016291865503838,2,0,1,0.090456903,1,13,1,1,31.6825
1,1.5464041449638763,7,0,1,0.029001987,1,13,1,1,51.300000000000004
1,-0.008335577976610121,7,0,1,0.114085368,0,1,1,1,32.0
2,0.4818599859343409,3,1,0,0.04220037033333333,0,14,0,1,4.0647
3,-0.45763141285785935,5,1,0,0.057850699,1,13,1,0,34.36625000000001
1,0.7644902244669554,8,0,2,0.037826873,0,14,0,0,9.1035
1,-0.4182058648354047,2,0,1,0.032125561,1,3,1,1,6.1240000000000006
1,-1.5072386966491045,6,0,1,0.041563696,1,5,1,1,9.8
2,-0.5502425975669442,3,1,0,0.085312137,1,13,1,1,33.4875
1,-0.7508655217159229,9,1,2,0.114294512,1,4,1,0,9.522
0,-1.5226392513799134,4,0,2,0.177354373,0,0,1,0,12.873
1,-0.24632147585373892,6,0,1,0.14086247,0,1,1,1,11.587499999999999
1,-1.673821150468046,2,0,1,0.014098693,1,5,1,1,7.675
1,-0.954769377998168,9,1,2,0.058365706,1,5,1,0,9.625
0,-1.265549758411038,4,0,2,0.033144603,1,6,1,0,10.205
2,1.3196520819641009,3,1,0,0.0708009757993644,0,8,2,1,0.0
1,-1.08621771744265,7,0,1,0.033447756,0,14,0,1,8.262
0,0.3530210428063742,4,0,2,0.019227816,1,13,1,0,49.875
0,-1.5471694954289237,0,0,0,0.0708009757993644,1,13,1,0,36.2425
1,1.3313495963339717,7,0,1,0.042646566,1,6,1,1,4.78725
1,-0.27981512416156507,9,1,2,0.112495847,1,9,2,0,0.0
1,-0.2036565669628645,6,0,1,0.050929429,1,9,2,1,0.0
1,0.7123150892950544,8,0,2,0.045047439,1,13,1,0,79.5625
1,-0.4708862507646704,9,1,2,0.07607772,0,0,1,0,24.849999999999998
1,-1.5844077553625342,1,2,0,0.006759519,1,9,2,0,0.0
1,0.1598457706441178,8,0,2,0.061101383,0,14,0,0,5.508000000000001
0,0.3365268440311434,4,0,2,0.010467749,1,9,2,0,0.0
1,-1.093665369429372,9,1,2,0.011443222,1,13,1,0,50.80125
1,0.03054314802363353,2,0,1,0.0132043,1,9,2,1,0.0
1,-1.4247677027729502,7,0,1,0.093203257,1,9,2,1,0.0
0,0.1321593082563808,0,0,0,0.03616416,0,8,2,0,0.0
2,-1.309730419574006,3,1,0,0.012254429,1,6,1,1,11.83
1,-0.8349769816587101,8,0,2,0.052555346,1,5,1,0,5.25
1,0.171038034256624,6,0,1,0.153655348,0,0,1,1,16.31
0,0.6830297321055304,4,0,2,0.056338482,1,3,1,0,4.368
1,-0.5454459131615844,1,2,0,0.111209003,0,11,2,0,0.0
1,-1.4635632862435008,1,2,0,0.019184026,0,14,0,0,3.0192
1,-1.5551223981730105,6,0,1,0.041934387,1,13,1,1,48.42625
1,-0.539050333954438,6,0,1,0.033592687,1,9,2,1,0.0
1,1.4521940654530048,6,0,1,0.079791176,1,4,1,1,6.118
3,1.897156895421412,5,1,0,0.089035961,1,4,1,0,9.361
1,-0.6694050293544981,6,0,1,0.008834023,1,5,1,1,4.34
1,-0.4777870807291815,2,0,1,0.076995176,1,5,1,1,4.42
1,1.1802092685106855,8,0,2,0.030094192,1,6,1,0,9.1
0,0.7831301400661841,0,0,0,0.13564792,0,10,1,0,21.164
1,-0.33300076084819547,7,0,1,0.036207786,1,4,1,1,3.6294
1,-0.9211925871606487,1,2,0,0.056339618,0,1,1,0,24.5
0,1.1898026373214052,4,0,2,0.052691046,1,6,1,0,9.1
1,1.6353122893120233,7,0,1,0.040740934,1,13,1,1,67.2125
0,0.23276496697439858,0,0,0,0.195721125,0,8,2,0,0.0
1,-0.7663076477115782,6,0,1,0.023448504,1,6,1,1,13.39
1,0.4578765639075415,6,0,1,0.028271345,1,3,1,1,6.904000000000001
0,-0.6220265785879567,4,0,2,0.078758649,1,13,1,0,53.9125
3,1.7965512367033942,5,1,0,0.088839949,1,13,1,0,88.825
1,-0.4964269963284101,9,1,2,0.183579854,1,4,1,0,8.395
1,-1.456704027543836,6,0,1,0.05606697,0,12,1,1,25.704
1,-1.2181713076444967,7,0,1,0.054739692,0,15,1,1,15.03
1,1.961576366985395,2,0,1,0.005264755,1,4,1,1,9.131
1,0.7890204685159657,1,2,0,0.072820885,1,6,1,0,7.4750000000000005
2,-0.5475500587207357,3,1,0,0.021623214,0,12,1,1,16.2588
1,-1.4928486434330248,7,0,1,0.041655865,1,5,1,1,9.8
0,0.3855457608643182,0,0,0,0.036360676,0,1,1,0,30.375
2,1.7028879792147336,3,1,0,0.020474913,1,13,1,1,35.245
3,0.862403344338765,5,1,0,0.083109455,1,3,1,0,10.4
3,0.45627766910575496,5,1,0,0.033018559,1,13,1,0,61.0375
3,-0.8466744960285811,5,1,0,0.02974207,1,4,1,0,6.141
1,-0.28137244769850533,9,1,2,0.030992735,1,6,1,0,4.9075
1,-0.8125924544336975,8,0,2,0.020605032,1,6,1,0,13.325000000000001
0,0.6697748941987192,4,0,2,0.074729835,0,10,1,0,17.3745
1,1.1179355137706999,7,0,1,0.093954022,1,13,1,1,49.875
3,-0.9041931376280533,5,1,0,0.011072421,1,13,1,0,48.925000000000004
1,1.844518080756993,9,1,2,0.03048292,1,4,1,0,8.165000000000001
3,1.434142543140834,5,1,0,0.03523927,0,0,1,0,17.71
3,1.8151911523026225,5,1,0,0.083536071,0,10,1,0,21.735999999999997
1,0.284393280124089,7,0,1,0.029632784,1,13,1,1,46.05125
1,0.8151080361019166,9,1,2,0.023613955,0,14,0,0,8.211
1,-0.8088894140727597,8,0,2,0.093385381,1,6,1,0,4.76125
1,-0.0515057376248493,2,0,1,0.047073322,1,3,1,1,13.680000000000001
1,-0.782255024464598,1,2,0,0.064565202,0,15,1,0,11.07
1,0.08743182507120158,9,1,2,0.081290366,1,6,1,0,4.563
1,1.3079545675942297,6,0,1,0.053574075,1,6,1,1,6.565
1,-0.6108758862402968,2,0,1,0.068511103,1,3,1,1,13.200000000000001
1,0.07257809236260378,8,0,2,0.075507758,0,1,1,0,16.4375
1,-1.5167904941949777,6,0,1,0.134684292,1,13,1,1,36.2425
1,-1.378946575543349,7,0,1,0.075711199,0,7,0,1,14.950000000000001
1,0.662327242211997,2,0,1,0.092095924,0,10,1,1,26.740999999999996
1,-0.21009371743485758,8,0,2,0.093026207,1,9,2,0,0.0
1,1.9365408721790205,8,0,2,0.070040195,1,4,1,0,4.738
1,1.820029407972829,2,0,1,0.034501016,1,6,1,1,10.465000000000002
3,0.7272103932684987,5,1,0,0.014143673,1,13,1,0,45.6
1,0.1369559926617404,8,0,2,0.02859825,1,9,2,0,0.0
0,0.23276496697439858,4,0,2,0.0708009757993644,1,13,1,0,61.0375
1,-0.73651703976469,2,0,1,0.039443715,1,13,1,1,83.60000000000001
0,0.16518927707168887,0,0,0,0.0544833926,1,5,1,0,10.05
1,-0.8578667596410876,1,2,0,0.142570104,1,6,1,0,11.700000000000001
2,0.007611798776409671,3,1,0,0.09384335,0,0,1,1,20.79
1,-0.28137244769850533,1,2,0,0.04152307,1,6,1,0,8.19
1,-1.6163856513982666,6,0,1,0.00676387,1,9,2,1,0.0
1,0.21357822935295925,9,1,2,0.087723518,1,5,1,0,5.5
1,-1.710048908886927,6,0,1,0.070234306,0,7,0,1,20.025
1,0.13161248623416935,8,0,2,0.059846975,1,6,1,0,7.215
1,-1.020704601834245,9,1,2,0.117095014,1,5,1,0,7.8
3,-0.7221685578134567,5,1,0,0.008792907,1,5,1,0,4.34
1,-1.6254321981867756,1,2,0,0.121485195,0,0,1,0,9.401
1,1.4542982110121563,6,0,1,0.069574013,0,10,1,1,16.29485
1,-0.49962478593198334,7,0,1,0.043982464,0,1,1,1,37.0
2,-0.5688409419013263,3,1,0,0.023983258,0,14,0,1,4.37325
0,1.353692552294138,0,0,0,0.19899855,1,13,1,0,71.25
1,0.14335157186888703,7,0,1,0.021649904,0,8,2,1,0.0
1,1.3702698935990618,2,0,1,0.062764429,1,6,1,1,10.627500000000001
1,0.027345358420060004,2,0,1,0.032806066,0,8,2,1,0.0
0,-1.0249544642173938,0,0,0,0.107469819,1,6,1,0,8.97
2,-0.4932707779896832,3,1,0,0.058719568,0,8,2,1,0.0
0,-1.4869998862480893,4,0,2,0.065652494,0,0,1,0,9.52
1,-0.9068025339445691,8,0,2,0.075849167,1,13,1,0,55.3375
1,-0.7428710477069899,6,0,1,0.06105276,0,14,0,1,3.8913
1,-0.4788807247736035,6,0,1,0.12472797999999999,1,9,2,1,0.0
1,0.6309377394633224,6,0,1,0.040351229,1,13,1,1,27.47875
3,-1.3076678452797013,5,1,0,0.048545853,0,1,1,0,31.5
1,-1.6919558153099097,8,0,2,0.112896669,0,14,0,0,7.752
1,-1.5913501565918915,7,0,1,0.053480419,0,14,0,1,7.905
3,-0.4757245064348769,5,1,0,0.076387367,1,13,1,0,91.91250000000001
1,-1.353447401244456,7,0,1,0.068010049,1,4,1,1,6.21
0,0.20398486054223958,4,0,2,0.18358896,1,13,1,0,79.5625
3,0.3615623388375188,5,1,0,0.011953902,1,3,1,0,13.76
1,-0.00778875595439912,7,0,1,0.016767995,0,10,1,1,25.025
1,1.960019043448455,9,1,2,0.125469442,1,13,1,0,64.125
1,0.540935951070753,1,2,0,0.155250377,1,13,1,0,100.9375
1,0.5814135718727831,9,1,2,0.0204199256,1,3,1,0,9.28
1,0.575564814687848,8,0,2,0.022703693,1,4,0,0,2.7738
2,-1.3518069351778228,3,1,0,0.082737261,1,5,1,1,4.09
1,0.7362985113218538,7,0,1,0.045138797,1,13,1,1,79.5625
3,1.6805034519897206,5,1,0,0.021863506,1,6,1,0,8.19
1,-1.2789293101123886,6,0,1,0.049070183,0,14,0,1,7.65
2,-0.3117514489324511,3,1,0,0.050957715,1,3,1,1,6.0
1,-1.5727102409926632,9,1,2,0.121914662,1,13,1,0,61.0375
1,-0.7514123437381339,2,0,1,0.018125948,0,8,2,1,0.0
1,-1.6743264012254104,8,0,2,0.123710526,1,13,1,0,30.32875
1,1.0423237785942105,8,0,2,0.010365546,1,9,2,0,0.0
1,0.46696468196089663,2,0,1,0.027430696,1,9,2,1,0.0
1,0.34081827767913897,2,0,1,0.042716709,1,5,1,1,8.85
0,-1.3757487859397757,4,0,2,0.120965853,0,2,1,0,31.5
1,-1.3549631535165496,1,2,0,0.014262413,1,9,2,0,0.0
1,-0.41871111559276925,1,2,0,0.024185517,1,5,1,0,4.195
1,0.09811883792634324,7,0,1,0.025924623,1,6,1,1,12.415000000000001
1,-1.3380052752488005,9,1,2,0.112271498,1,13,1,0,49.37625
2,0.5164888495514355,3,1,0,0.044430561,0,7,0,1,45.625
1,-0.7892389969588021,9,1,2,0.080626601,0,8,2,0,0.0
3,-1.3534058299796095,5,1,0,0.010886324,1,13,1,0,31.4925
2,-0.3739836324075902,3,1,0,0.0295762625,1,9,2,1,0.0
1,-0.8354822324160749,9,1,2,0.142910689,1,6,1,0,11.700000000000001
1,-0.5060619364039762,7,0,1,0.018600249,1,13,1,1,91.91250000000001
1,-1.4178253015435927,2,0,1,0.139464425,1,4,1,1,2.4495
1,1.6933361816688604,6,0,1,0.056424146,0,0,1,1,15.82
0,0.7097056929785384,4,0,2,0.0708009757993644,0,14,0,0,4.2177
1,-0.15362714861496113,2,0,1,0.06153089,1,9,2,1,0.0
2,0.37704603609802007,3,1,0,0.041942549,0,0,1,1,7.363999999999999
1,0.6367449253834111,2,0,1,0.084273286,0,10,1,1,29.1005
1,0.6484424397532823,6,0,1,0.023318068,1,4,1,1,5.221
1,1.619828592051522,7,0,1,0.049819857,1,6,1,1,7.0200000000000005
0,0.895433313154073,4,0,2,0.117091213,1,13,1,0,66.975
2,0.10611331193527637,3,1,0,0.188322664,1,3,1,1,6.684000000000001
1,1.1408252917530772,9,1,2,0.009791467,0,11,2,0,0.0
3,-0.9861173094819965,5,1,0,0.025795293,1,13,1,0,64.8375
3,0.48615141958233593,5,1,0,0.094916347,0,14,0,0,7.2165
2,0.006054475239469605,3,1,0,0.114318263,0,1,1,1,32.0
1,-0.540060835469167,2,0,1,0.05233528,0,8,2,1,0.0
1,-1.3821443651469223,2,0,1,0.014355033,1,9,2,1,0.0
3,-0.1397839174210924,5,1,0,0.089512542,1,13,1,0,31.6825
1,1.2148381321277801,1,2,0,0.070096518,1,4,1,0,7.682
1,0.35091689724722314,2,0,1,0.050368454,1,6,1,1,7.7025
1,-1.2597010012261025,2,0,1,0.099704558,1,4,1,1,7.176
1,1.2978559480261456,6,0,1,0.175962247,1,6,1,1,12.902500000000002
1,0.7304497541369182,7,0,1,0.006075007,1,5,1,1,6.55
1,-0.4810264415976013,1,2,0,0.076058484,0,10,1,0,25.168
1,-1.5381229486404149,7,0,1,0.120788077,1,6,1,1,4.134
1,0.925812314388019,2,0,1,0.046214971,0,0,1,1,6.888
0,0.693716744960672,4,0,2,0.198424841,0,14,0,0,6.018000000000001
1,-0.290965816509225,2,0,1,0.052471995,1,13,1,1,84.78750000000001
1,1.793900269122032,7,0,1,0.16102755,1,3,1,1,15.76
1,1.7646564831973546,8,0,2,0.030624844,1,13,1,0,74.575
1,-1.590761763304834,9,1,2,0.045378573,1,4,0,0,8.786000000000001
1,-1.3155791767589415,8,0,2,0.114885647,1,5,1,0,4.5975
1,-1.6483219761691528,1,2,0,0.045270426,1,4,0,0,8.786000000000001
1,0.19443306299636595,2,0,1,0.038102203,0,0,1,1,24.849999999999998
1,1.1280757046036305,8,0,2,0.049676157,0,10,1,0,20.449
0,1.31910525994189,0,0,0,0.083056555,0,0,1,0,8.700999999999999
1,0.1598457706441178,1,2,0,0.131394793,0,0,1,0,16.31
1,-0.02806913762026091,6,0,1,0.034693175,1,3,1,1,15.4
1,0.3674110960224539,1,2,0,0.042716235,0,8,2,0,0.0
1,-0.6885917669759376,7,0,1,0.018887088,0,8,2,1,0.0
1,0.07152601958302825,7,0,1,0.029782937,1,4,1,1,6.44
1,1.0828013993962409,7,0,1,0.098822387,1,9,2,1,0.0
1,-1.306027379213068,6,0,1,0.121609722,0,0,1,1,22.189999999999998
0,1.0913011241625385,0,0,0,0.083147702,0,10,1,0,20.449
0,-0.3181054568747512,4,0,2,0.029084548,1,5,1,0,9.675
1,1.177053050171959,6,0,1,0.084749164,1,3,1,1,12.240000000000002
1,-0.6412548874742425,6,0,1,0.030242184,1,5,1,1,2.94
0,-0.7907963204957421,4,0,2,0.024387984,0,0,1,0,11.697
1,0.08961911316004557,1,2,0,0.038496166,1,13,1,0,79.325
1,0.18004300978028667,8,0,2,0.03020851,0,8,2,0,0.0
0,0.1135609639219985,4,0,2,0.150806666,1,5,1,0,3.65
3,0.7538447828766601,5,1,0,0.04379158,0,14,0,0,2.55
1,1.0716507070485806,1,2,0,0.159062948,1,4,1,0,3.4063000000000003
1,-0.5384619406673805,6,0,1,0.151376958,1,3,1,1,5.6000000000000005
2,0.09753044463928577,3,1,0,0.062038986,1,4,1,1,4.2642
1,0.36530695046330286,7,0,1,0.068386192,0,15,1,1,16.425
1,-1.5530182526138592,1,2,0,0.061045133,0,10,1,0,22.665499999999998
0,0.2497644165069939,4,0,2,0.025527994,1,6,1,0,11.5375
3,-0.1397839174210924,5,1,0,0.048292189,0,0,1,0,7.650999999999999
1,-0.999413718653654,9,1,2,0.065165046,1,4,1,0,7.36
0,1.238233160867522,4,0,2,0.129425145,1,4,1,0,3.6133
2,0.5819188226301476,3,1,0,0.053688479,1,4,1,1,2.9532000000000003
1,-1.3251725455696615,6,0,1,0.114863923,1,5,1,1,4.5975
1,0.04649052477665332,2,0,1,0.026520107,0,0,1,1,14.7
1,-0.3767177425186454,2,0,1,0.082250143,0,14,0,1,3.8428500000000003
1,-0.6880865162185729,9,1,2,0.031494041,1,3,1,0,10.920000000000002
1,-0.5896265743245523,2,0,1,0.085434195,0,0,1,1,13.44
3,-1.4321737834948258,5,1,0,0.06908877,0,10,1,0,18.0895
3,0.0022682923488386094,5,1,0,0.102941345,1,13,1,0,73.625
2,0.833201129678934,3,1,0,0.030619301,0,8,2,1,0.0
1,-1.6003967033804003,8,0,2,0.0919385255,1,13,1,0,36.31375
1,0.10926953027400343,8,0,2,0.032628111,1,5,1,0,8.55
1,1.5480446110305093,1,2,0,0.077949334,0,10,1,0,21.45
1,1.76570855597693,8,0,2,0.1524400698,1,6,1,0,8.352500000000001
2,1.1488197657620105,3,1,0,0.011281018,1,13,1,1,84.78750000000001
1,-0.060552284413357964,9,1,2,0.045928229,1,5,1,0,5.0
1,0.2790497736965179,9,1,2,0.142759833,0,1,1,0,26.25
1,0.6948103890050945,8,0,2,0.010917052,1,13,1,0,45.125
2,1.9296400422145095,3,1,0,0.026980351,1,5,1,1,8.75
1,0.30568416330467935,1,2,0,0.076791671,1,13,1,0,88.35000000000001
1,0.6213027993877558,8,0,2,0.041291169,0,15,1,0,12.6
3,-0.24783722812583253,5,1,0,0.020614212,1,6,1,0,9.1975
1,0.5654661951197634,8,0,2,0.036027524,1,5,1,0,5.55
1,-0.5092597260075495,9,1,2,0.093178729,1,13,1,0,80.03750000000001
1,-0.582684173095195,1,2,0,0.029471408,1,13,1,0,24.58125
1,-0.6375102758484584,9,1,2,0.128459481,0,0,1,0,20.299999999999997
3,-0.8716684195701098,5,1,0,0.056184991833333336,0,14,0,0,2.9223000000000003
2,-0.9068025339445691,3,1,0,0.040124625,0,11,2,1,0.0
1,0.25935778531771403,1,2,0,0.014568036,1,6,1,0,11.5375
3,-0.24998294494983028,5,1,0,0.037505332,1,13,1,0,74.1
1,0.7336475437404917,6,0,1,0.048676324,0,15,1,1,8.55
3,-1.3289171571954455,5,1,0,0.107076832,0,14,0,0,8.0835
1,-0.5507062770594625,7,0,1,0.162571649,1,13,1,1,51.5375
1,-0.8067852685136084,7,0,1,0.099309997,1,6,1,1,11.927500000000002
1,0.719804312546623,6,0,1,0.040507228,1,6,1,1,7.572500000000001
1,0.8784338636214777,8,0,2,0.108625052,1,5,1,0,9.125
1,0.22262477614146792,9,1,2,0.034658144,0,1,1,0,16.375
3,0.1902247718780638,5,1,0,0.023333338571428573,0,14,0,0,10.5825
0,-0.41021139082647157,4,0,2,0.169943195,0,8,2,0,0.0
1,-0.16166319388874073,6,0,1,0.122470805,1,3,1,1,12.56
1,-0.6816909370114265,1,2,0,0.031418984,1,3,1,0,10.920000000000002
1,-0.5768354159102594,6,0,1,0.099101845,1,13,1,1,44.62625
0,-1.004757225081225,0,0,0,0.086396038,0,0,1,0,12.873
1,0.5681171627011259,9,1,2,0.072511335,0,2,1,0,31.1325
1,1.8833136642275436,6,0,1,0.08062523,1,5,1,1,6.825
1,0.6298025241540535,2,0,1,0.044011225,1,13,1,1,62.4625
1,-0.005137788373037051,2,0,1,0.147492524,1,5,1,1,5.0975
3,0.2503528097940514,5,1,0,0.063462048,1,5,1,0,3.78
2,1.559700554135534,3,1,0,0.017703044,0,15,1,1,9.175500000000001
1,0.5031924403797777,6,0,1,0.042233642,1,4,0,1,7.9350000000000005
2,1.4703287302948689,3,1,0,0.108633372,1,6,1,1,8.352500000000001
1,1.783843220818794,7,0,1,0.030686952,1,13,1,1,74.575
1,0.6996070734104541,6,0,1,0.01572192,1,9,2,1,0.0
1,1.9695708409943282,6,0,1,0.141325834,1,4,1,1,6.348000000000001
3,0.685722270951739,5,1,0,0.011937183,1,3,1,0,16.2
1,-1.5476747461862883,9,1,2,0.16334971,0,8,2,0,0.0
1,-0.9483737987910213,1,2,0,0.010632752,1,3,1,0,8.88
2,-0.8775171767550451,3,1,0,0.035336287,0,8,2,1,0.0
2,0.5415243443578104,3,1,0,0.007069662,0,15,1,1,19.08
1,0.2508996318162624,9,1,2,0.019901356,1,9,2,0,0.0
3,-1.268747548014611,5,1,0,0.057512481,1,6,1,0,6.9517500000000005
1,-0.6060792018349369,6,0,1,0.052434201,1,13,1,1,83.125
1,-1.054828214693975,8,0,2,0.130415118,0,0,1,0,20.02
1,0.6681759993969326,9,1,2,0.04274788,0,10,1,0,17.3745
1,-0.43474163487548195,7,0,1,0.029583249,1,9,2,1,0.0
3,-0.9147970079535023,5,1,0,0.010590075,1,3,1,0,8.88
2,-1.479005412239156,3,1,0,0.009918699,0,8,2,1,0.0
1,-0.23298349541723473,8,0,2,0.090867297,0,7,0,0,47.125
1,0.7932287596342683,8,0,2,0.014793357,1,4,1,0,9.315000000000001
0,-0.7844423125534422,0,0,0,0.191008614,1,4,1,0,9.522
1,0.5244833235603686,1,2,0,0.14492016,1,6,1,0,4.9335
1,-0.9414313975616637,9,1,2,0.015131684,1,5,1,0,2.74
1,1.3861756990872351,2,0,1,0.071091591,1,5,1,1,9.35
0,-1.4561572055216252,0,0,0,0.034393057,1,6,1,0,10.627500000000001
1,0.0768279547457524,9,1,2,0.089291137,0,8,2,0,0.0
1,-0.15577286543895866,2,0,1,0.048801674,0,0,1,1,7.650999999999999
2,1.9147447382410652,3,1,0,0.022976497,1,5,1,1,3.425
1,1.3122044299773787,8,0,2,0.097618234,0,15,1,0,18.765
1,-0.9600713131608923,7,0,1,0.110215444,1,6,1,1,8.125
1,0.0022682923488386094,8,0,2,0.026568875,1,3,1,0,13.600000000000001
2,0.1390601382208915,3,1,0,0.052058629,1,9,2,1,0.0
1,-1.241061085626874,2,0,1,0.038671588,1,4,1,1,3.1832000000000003
3,-0.7849475633108067,5,1,0,0.026391403,1,3,1,0,13.480000000000002
1,0.26945640488579825,6,0,1,0.142511272,0,1,1,1,26.25
1,1.9871586838139814,9,1,2,0.005243282,1,4,1,0,9.131
1,-0.8898030844119736,7,0,1,0.03075661,1,3,1,1,15.600000000000001
1,0.4286743492477104,9,1,2,0.034043503,1,13,1,0,37.0975
0,0.13325295230080283,0,0,0,0.054612768,1,5,1,0,8.55
1,-0.4783339027513925,6,0,1,0.128390273,1,6,1,1,11.115000000000002
1,-1.6206355137814155,7,0,1,0.028652919,1,6,1,1,4.7775
1,-0.2803203749189296,9,1,2,0.122761775,1,4,1,0,6.578
1,0.3796970036793826,2,0,1,0.037396492,0,14,0,1,8.7975
1,-0.45014218960629077,2,0,1,0.100322104,1,6,1,1,8.0275
1,-0.6896438397555131,1,2,0,0.026826919,1,9,2,0,0.0
1,-0.0014763192769454627,6,0,1,0.020916223,0,7,0,1,36.75
1,-1.2634871841167332,9,1,2,0.037955309,0,10,1,0,17.3745
1,-0.693346880116451,6,0,1,0.016989991,1,9,2,1,0.0
0,1.8019363143958118,4,0,2,0.113212516,0,11,2,0,0.0
1,0.6096052850178851,7,0,1,0.036715907,1,9,2,1,0.0
1,-1.4098308275346596,8,0,2,0.138679995,1,4,1,0,2.4495
0,0.47870376759561384,0,0,0,0.0708009757993644,0,15,1,0,6.84
0,0.6053554226347361,4,0,2,0.136417078,0,0,1,0,27.58
1,-1.6370881412918,1,2,0,0.041360997,1,6,1,0,6.825
1,-0.7854943853330177,8,0,2,0.121250374,1,3,1,0,6.968000000000001
1,0.7113045877803253,8,0,2,0.03596071,1,13,1,0,64.8375
1,0.2029327877626636,6,0,1,0.019866705,1,9,2,1,0.0
1,1.6374164348711748,9,1,2,0.040434372,1,9,2,0,0.0
1,0.16035102140148236,2,0,1,0.0273235,1,3,1,1,6.04
1,-0.6039334850109391,9,1,2,0.026342897,1,6,1,0,10.075000000000001
1,-1.4880519590276649,1,2,0,0.17133418,0,10,1,0,26.598000000000003
1,0.5419880238503285,8,0,2,0.042836778,1,4,1,0,9.522
2,-0.3713742360910744,3,1,0,0.042792568,1,4,1,1,7.682
1,-1.5178841382393997,2,0,1,0.080747059,1,9,2,1,0.0
1,-1.0697235186674192,7,0,1,0.054264078,0,7,0,1,29.5
3,-0.6492077902183294,5,1,0,0.046958533,0,0,1,0,13.72
1,0.8305085908327254,6,0,1,0.037396901,1,5,1,1,10.425
1,0.19018320061321733,2,0,1,0.046898544,1,3,1,1,5.460000000000001
1,1.1338828905237197,9,1,2,0.056919038,1,13,1,0,32.60875
1,1.7422719559723416,1,2,0,0.138190277,1,13,1,0,89.53750000000001
1,0.20137546422572353,1,2,0,0.061934991,1,4,0,0,6.67
1,-0.5124159443462764,6,0,1,0.046878474,0,0,1,1,11.732000000000001
1,-1.5684603786095144,6,0,1,0.09644909,1,4,1,1,2.7255000000000003
1,-0.30910048135108903,7,0,1,0.032530255499999994,0,14,0,1,4.2126
1,-0.31764177738223315,1,2,0,0.112571187,0,14,0,0,4.5135
1,1.562898343739107,8,0,2,0.15604396,1,6,1,0,8.2225
1,0.5100516990794424,2,0,1,0.037793818,1,6,1,1,8.515
1,0.8155717155944346,9,1,2,0.117818348,1,13,1,0,64.6
1,1.5378628489327322,2,0,1,0.018920019,0,8,2,1,0.0
3,1.9727686305979022,5,1,0,0.005209791,1,4,1,0,9.131
2,-0.3207564244561135,3,1,0,0.128247408,1,4,1,1,4.919700000000001
1,1.844981760249511,8,0,2,0.066729996,1,5,1,0,5.65
1,-0.19149537310047526,7,0,1,0.012288171,1,13,1,1,71.9625
1,0.10131662752991677,2,0,1,0.026018497,1,6,1,1,12.415000000000001
0,0.7618808281504397,4,0,2,0.078872251,1,13,1,0,79.5625
1,0.0352566898993002,8,0,2,0.045463773,1,4,1,0,8.51
1,1.4075081535326723,2,0,1,0.103091351,1,4,1,1,6.141
0,0.49835418470957166,4,0,2,0.171417316,0,14,0,0,8.925
1,-0.32929772048725764,9,1,2,0.071368699,1,5,1,0,5.25
1,0.7708858036741019,8,0,2,0.039844429,1,6,1,0,5.437250000000001
1,-1.706851119283354,8,0,2,0.026602089,0,10,1,0,19.5195
3,0.05389660549852898,5,1,0,0.06631904920000001,1,5,1,0,7.575
0,0.5095048770572315,0,0,0,0.10154201,0,2,1,0,37.432500000000005
1,1.952024569439522,6,0,1,0.118651919,1,9,2,1,0.0
3,1.709830380444091,5,1,0,0.118806857,1,5,1,0,8.5
1,-0.4144612532096204,1,2,0,0.036908933,1,13,1,0,58.425000000000004
1,0.4195862311943553,1,2,0,0.025715562,1,6,1,0,10.5625
3,-0.6997424593235974,5,1,0,0.086752988,1,4,1,0,7.4750000000000005
1,-0.5762885938880484,8,0,2,0.048059871,1,9,2,0,0.0
1,0.17478264588240855,7,0,1,0.059968347,1,6,1,1,7.215
0,0.1018218782872813,4,0,2,0.044000492,0,8,2,0,0.0
1,-0.391024653205032,8,0,2,0.034570357,0,7,0,0,34.625
1,-1.714845593292287,9,1,2,0.062384659,0,15,1,0,10.935
1,0.5180461730883755,2,0,1,0.025342692,1,13,1,1,74.1
1,-0.4884740935843234,9,1,2,0.034410585,1,5,1,0,2.2775
1,0.27109687095243123,9,1,2,0.11411658,0,8,2,0,0.0
1,1.436246688699985,6,0,1,0.021372636,0,2,1,1,28.21
0,0.23970736820375618,0,0,0,0.145253944,1,13,1,0,50.80125
1,-0.4596939871521642,1,2,0,0.124610886,1,9,2,0,0.0
0,0.6186934030712402,4,0,2,0.14453827,1,3,1,0,15.600000000000001
1,-0.7993376165268863,2,0,1,0.073697713,0,14,0,1,7.8285
0,-1.061182222636275,4,0,2,0.047098175,1,9,2,0,0.0
1,-0.4000711999935409,2,0,1,0.037148619,1,13,1,1,58.425000000000004
1,0.662327242211997,8,0,2,0.066249551,0,2,1,0,57.75
0,-0.30060075658479113,4,0,2,0.100493148,1,6,1,0,10.5625
1,0.9322078935951656,9,1,2,0.115346634,0,14,0,0,6.018000000000001
1,1.5421127113158812,2,0,1,0.156926608,1,6,1,1,8.2225
1,0.1593405198867533,2,0,1,0.063925726,1,5,1,1,6.65
1,0.026210143110791534,6,0,1,0.07549348,0,1,1,1,16.4375
1,1.4660788679117198,7,0,1,0.091098018,1,5,1,1,7.175
1,-0.5555029614648224,6,0,1,0.056921876,0,0,1,1,15.61
1,0.13270613027859182,7,0,1,0.14632864125,0,12,1,1,35.394000000000005
1,-0.8775587480198916,7,0,1,0.026663778,1,13,1,1,72.4375
1,0.3621091608597298,1,2,0,0.00597362,1,9,2,0,0.0
3,-0.9839715926579987,5,1,0,0.049395242,1,6,1,0,12.5775
1,-0.33304233211304196,7,0,1,0.083172413,0,0,1,1,28.84
1,-0.6204692550510165,1,2,0,0.009051307,1,3,1,0,7.18
1,0.5957620538240164,1,2,0,0.077849003,0,0,1,0,27.58
1,1.4548450330343672,1,2,0,0.077108099,0,14,0,0,9.945
3,-1.6163440801334201,5,1,0,0.029640604,1,6,1,0,5.41125
1,-0.9350358183545174,2,0,1,0.045525961,1,13,1,1,44.62625
1,-0.3602235437434144,7,0,1,0.088373591,1,13,1,1,41.11125
1,0.4238360935775039,1,2,0,0.141524348,1,3,1,0,15.080000000000002
1,-0.7194344477024014,2,0,1,0.054861393,0,10,1,1,16.159
1,-0.6683945278397687,9,1,2,0.122494876,1,6,1,0,5.97675
1,-0.9201405143810731,7,0,1,0.020757926,0,1,1,1,32.875
1,1.8146443302804116,8,0,2,0.081458942,1,6,1,0,10.887500000000001
1,-0.408612496024685,1,2,0,0.09698132,0,8,2,0,0.0
1,-0.9094535015259312,9,1,2,0.045340279,1,13,1,0,44.62625
1,-0.3862279687996722,9,1,2,0.022980361,1,6,1,0,8.32
1,1.154668522946946,6,0,1,0.07595723,1,13,1,1,86.6875
1,-1.0047987963460714,7,0,1,0.008558144,0,0,1,1,25.2
1,0.6378385694278331,6,0,1,0.059393919,1,9,2,1,0.0
1,-0.6135268538216591,8,0,2,0.041282286,1,13,1,0,32.94125
1,-0.5464564146763137,8,0,2,0.151405587,1,3,1,0,5.6000000000000005
1,0.08162463915111245,2,0,1,0.160624116,1,6,1,1,8.775
1,0.5143015614625914,1,2,0,0.060615254,0,2,1,0,37.432500000000005
0,-1.5194830330411864,0,0,0,0.162882227,1,5,1,0,9.5
1,1.0130384214046866,1,2,0,0.122735471,0,15,1,0,6.6915
1,0.547373101542746,1,2,0,0.106238768,1,6,1,0,7.995000000000001
1,1.1594236360874592,2,0,1,0.090324849,1,5,1,1,7.625
0,1.1371222513921397,0,0,0,0.051068365,1,4,1,0,9.476
0,0.24551455412384532,0,0,0,0.155105614,1,9,2,0,0.0
1,-0.787598530892169,7,0,1,0.04200648,1,13,1,1,31.70625
2,-0.4389914972586308,3,1,0,0.097457483,0,8,2,1,0.0
1,0.4515225559652414,7,0,1,0.035222503,1,6,1,1,6.175
0,-0.2628156746289697,0,0,0,0.086187886,1,5,1,0,10.0
1,-0.45123583365071274,1,2,0,0.058083831,1,13,1,0,34.36625
0,-0.2691281113064234,0,0,0,0.087387669,0,8,2,0,0.0
1,0.02094977921291341,7,0,1,0.090153756,1,4,1,1,7.36
0,-0.6593064097864136,4,0,2,0.103918113,1,13,1,0,36.86
2,1.7609118715715701,3,1,0,0.152747503,1,6,1,1,8.352500000000001
1,0.04863624160065086,9,1,2,0.015186146,1,9,2,0,0.0
1,-0.39901912721396515,1,2,0,0.008554052,0,8,2,0,0.0
2,0.18429287216343526,3,1,0,0.085296625,1,3,1,1,15.36
1,-1.4588081731029874,8,0,2,0.027047774,0,11,2,0,0.0
2,0.8071135620929835,3,1,0,0.043964058,0,7,0,1,23.25
1,-0.9148385792183488,8,0,2,0.090295708,1,9,2,0,0.0
1,-0.3676296244652901,1,2,0,0.11687203366666665,1,13,1,0,58.6625
1,0.6478956177310713,8,0,2,0.044414056,1,6,1,0,10.9525
1,0.11570668074599604,9,1,2,0.025205909,1,3,1,0,13.76
1,-0.005684610395248053,9,1,2,0.034753686,1,3,1,0,15.4
1,-1.7244389621030067,2,0,1,0.076164013,0,8,2,1,0.0
3,0.42808595596065296,5,1,0,0.080249973,1,9,2,0,0.0
1,-0.7907547492308957,7,0,1,0.020823289,1,3,1,1,5.816
1,-1.7164444880940737,1,2,0,0.062235983,0,15,1,0,10.935
3,-1.2155203400631345,5,1,0,0.079243005,0,10,1,0,11.18975
1,0.15770005382012028,1,2,0,0.086708987,0,7,0,0,22.200000000000003
1,-1.7105957309091382,8,0,2,0.038925251,0,14,0,0,4.59
1,-0.8791576428216784,1,2,0,0.125675936,1,6,1,0,9.165000000000001
0,0.3717025296704495,0,0,0,0.025834128,1,9,2,0,0.0
2,-1.2144682672835587,3,1,0,0.070588037,1,13,1,1,61.75
1,-1.019105707032458,8,0,2,0.116913245,1,5,1,0,7.8
2,0.9028809651407952,3,1,0,0.020782036,0,1,1,1,31.25
0,1.6720452984882694,0,0,0,0.074753743,1,9,2,0,0.0
0,-0.9238851260068575,0,0,0,0.088257771,1,3,1,0,7.18
2,-1.651983445265244,3,1,0,0.045878153,1,13,1,1,47.975
1,0.7858226789123927,6,0,1,0.052492122,1,9,2,1,0.0
1,1.738063664854039,1,2,0,0.016009057,1,4,1,0,4.2780000000000005
3,-1.3337138416008056,5,1,0,0.054114924,1,3,1,0,12.0
3,-0.9594829198738348,5,1,0,0.065860323,0,15,1,0,9.450000000000001
1,-0.7194760189672479,2,0,1,0.047533568,1,13,1,1,81.9375
1,-0.5980847278260039,6,0,1,0.058121214,0,8,2,1,0.0
1,1.4138621614749725,2,0,1,0.021497594,0,2,1,1,28.21
1,-1.546117422649348,8,0,2,0.013841737,0,14,0,0,4.998
1,0.4121385792076332,2,0,1,0.081916124,0,1,1,1,49.625
3,-1.5764548526184474,5,1,0,0.034203092,0,0,1,0,28.0
1,1.379821691144935,8,0,2,0.09504806000000002,0,1,1,0,12.5875
1,1.7551046856514814,7,0,1,0.021468792,1,9,2,1,0.0
1,-1.5652210177410946,2,0,1,0.067083367,1,13,1,1,36.31375
1,1.7832548275317364,9,1,2,0.0343603,1,6,1,0,10.465000000000002
3,0.4999530795113582,5,1,0,0.03292824,0,10,1,0,27.6705
1,-0.5571018562666089,8,0,2,0.128090139,1,13,1,0,90.25
1,0.2519517045958384,1,2,0,0.039215075,0,2,1,0,70.7
1,1.4862761070478887,1,2,0,0.14781046,1,9,2,0,0.0
1,-0.5215040623996314,6,0,1,0.126359196,1,3,1,1,8.156
1,0.20831786545508113,8,0,2,0.03321399,1,4,0,0,8.441
2,0.4637668923573231,3,1,0,0.080131363,1,9,2,1,0.0
1,-0.8131392764559086,6,0,1,0.036383293,1,13,1,1,80.03750000000001
1,0.5254938250750977,6,0,1,0.060654268,0,2,1,1,37.432500000000005
1,-1.4875051370054537,9,1,2,0.080417724,1,9,2,0,0.0
2,-1.534336765749784,3,1,0,0.122221269,1,13,1,1,61.0375
1,0.7645317957318017,8,0,2,0.041865848,0,8,2,0,0.0
1,1.7774060703468009,6,0,1,0.186032678,1,9,2,1,0.0
3,0.49460957308378717,5,1,0,0.122058364,0,7,0,0,11.525
1,0.6904773840922526,9,1,2,0.047964395,1,13,1,0,88.35000000000001
1,-0.3399431620775529,6,0,1,0.08264165216666668,0,8,2,1,0.0
1,1.6454524801449546,6,0,1,0.040043608833333334,1,13,1,1,45.6
1,-0.48897934434168794,9,1,2,0.029735965,1,6,1,0,5.70375
1,-0.34633874128469944,7,0,1,0.025916883,0,15,1,1,10.935
2,0.5015935455779912,3,1,0,0.031663212,0,0,1,1,17.639999999999997
1,-0.453339979209864,1,2,0,0.032882271,1,13,1,0,40.99250000000001
1,-1.4997910446623823,7,0,1,0.016630303,1,6,1,1,11.505
2,0.7293561100924962,3,1,0,0.094300933,1,5,1,1,9.6
1,0.25990460733992504,2,0,1,0.093191195,1,9,2,1,0.0
1,0.1093111015388499,7,0,1,0.073852383,1,5,1,1,9.25
1,0.7320070776738583,7,0,1,0.041753387,0,7,0,1,45.875
1,-0.48367740917896357,1,2,0,0.079624087,1,13,1,0,80.03750000000001
3,-0.5236082079587827,5,1,0,0.182407266,1,4,1,0,8.395
1,-0.4985727131524076,7,0,1,0.074778547,1,4,1,1,9.246
1,-1.6402859308953732,8,0,2,0.098993139,1,5,1,0,6.425
1,-0.5810852782934083,9,1,2,0.112097433,1,5,1,0,9.5
1,-0.46718321040373256,7,0,1,0.079132212,0,14,0,1,3.12885
1,-0.2803203749189296,6,0,1,0.035143024,1,9,2,1,0.0
1,0.694768817740248,2,0,1,0.021695674,0,12,1,1,15.136800000000001
1,-0.3255946801263198,9,1,2,0.012673238,1,9,2,0,0.0
1,-1.364598093592116,7,0,1,0.052418124,1,5,1,1,3.68
0,0.8576898024630979,4,0,2,0.028207784,1,9,2,0,0.0
1,1.5804861865587605,1,2,0,0.022921735,0,0,1,0,28.349999999999998
0,0.02574646361827347,4,0,2,0.094957079,1,13,1,0,86.6875
2,-0.4256535168221268,3,1,0,0.058369013,1,13,1,1,34.36625
1,-0.006736683174823586,8,0,2,0.046808553,1,3,1,0,13.680000000000001
1,-0.8083841633153952,6,0,1,0.031397503,0,0,1,1,11.472999999999999
1,-1.7137935205127115,9,1,2,0.143506376,1,9,2,0,0.0
0,0.9055735039870038,4,0,2,0.127660257,1,5,1,0,6.825
1,1.9152499889984294,8,0,2,0.118674359,1,9,2,0,0.0
0,-1.0942121914515832,4,0,2,0.124299531,1,9,2,0,0.0
3,-1.3965344183630022,5,1,0,0.068754395,0,2,1,0,31.5
1,0.15770005382012028,2,0,1,0.063684145,0,2,1,1,72.625
1,-0.6571606929624161,6,0,1,0.098395216,0,10,1,1,15.444
1,1.8151911523026225,8,0,2,0.077319079,1,6,1,0,3.7830000000000004
1,1.1967034672859163,6,0,1,0.02498633,1,6,1,1,6.825
1,0.5877675798150832,1,2,0,0.045166237,1,5,1,0,7.85
1,-0.6279169070377386,6,0,1,0.0945493,0,2,1,1,27.6325
1,-0.6300626238617364,2,0,1,0.104058452,1,3,1,1,12.96
1,0.5739659198860609,2,0,1,0.04307908,1,4,1,1,9.522
2,0.2407594409833317,3,1,0,0.105282932,1,13,1,1,79.5625
1,-0.030214854444258445,1,2,0,0.013485235,1,13,1,0,49.875
2,1.957873326624458,3,1,0,0.137368051,1,4,1,1,5.0117
1,0.34506814006228753,1,2,0,0.120396991,1,9,2,0,0.0
1,0.14120585504488947,9,1,2,0.039306822,1,9,2,0,0.0
1,-0.5880276795227659,9,1,2,0.085085743,0,0,1,0,13.44
1,0.7953744764582659,1,2,0,0.0824812,1,4,1,0,4.968000000000001
1,0.5345403718636064,7,0,1,0.106933748,1,6,1,1,6.370000000000001
1,-0.23618128502080804,1,2,0,0.09079168,0,7,0,0,47.125
0,-0.8802512868661004,4,0,2,0.0708009757993644,1,13,1,0,31.682499999999994
1,-0.32349053456716853,6,0,1,0.009620042,1,4,1,1,5.0117
1,-1.6434837204989463,1,2,0,0.019356132,0,7,0,0,29.125
1,1.4948174030790329,9,1,2,0.077292302,0,14,0,0,9.945
3,-1.4257782042876794,5,1,0,0.097410707,1,3,1,0,6.800000000000001
1,-0.7897026764513202,8,0,2,0.069416467,1,9,2,0,0.0
0,-1.3513016844204584,0,0,0,0.180096791,0,14,0,0,8.0835
1,0.5600811174273462,7,0,1,0.070587419,0,7,0,1,24.2375
1,1.9791642098050484,2,0,1,0.140311123,1,3,1,1,13.600000000000001
1,-1.6248438048997178,7,0,1,0.032835147,1,9,2,1,0.0
3,-0.5944232587299124,5,1,0,0.150672399,1,3,1,0,5.6000000000000005
1,-0.23134302935060172,8,0,2,0.038736781,0,7,0,0,49.25
1,1.347338544351838,1,2,0,0.103363904,1,6,1,0,12.35
0,-0.9600297418960458,4,0,2,0.0085548606,0,0,1,0,25.2
1,-0.3553852880732081,8,0,2,0.047257328,1,13,1,0,83.60000000000001
1,-0.6023345902091527,7,0,1,0.01433033,1,9,2,1,0.0
1,-0.8365758764604969,1,2,0,0.020587886,1,6,1,0,13.325000000000001
2,1.180250839775532,3,1,0,0.08511049,1,3,1,1,12.240000000000002
1,0.3381257388329304,2,0,1,0.006012413,1,9,2,1,0.0
1,-0.44694440000271746,9,1,2,0.076878416,1,13,1,0,91.91250000000001
1,0.5941631590222298,2,0,1,0.15021128,1,13,1,1,63.4125
1,1.9487852085711028,9,1,2,0.1627111056,1,4,1,0,6.348000000000001
1,0.6298440954189,2,0,1,0.034166609,1,3,1,1,9.600000000000001
0,-1.5753612085740252,0,0,0,0.0307294678,0,7,0,0,39.25
1,-1.6099900721911202,1,2,0,0.041947547,0,10,1,0,9.70255
1,0.2620087528990761,6,0,1,0.027341529,1,3,1,1,15.600000000000001
1,-1.417320050786228,9,1,2,0.061270647,0,14,0,0,6.171
1,0.5569248990886192,9,1,2,0.010008699,1,9,2,0,0.0
1,-1.654170733354088,9,1,2,0.037953762,0,8,2,0,0.0
1,-0.40381581161932517,9,1,2,0.076975118,1,9,2,0,0.0
1,-1.3022827675872841,6,0,1,0.058105769,1,13,1,1,58.425000000000004
1,0.2119793345511727,2,0,1,0.039469737,0,2,1,1,70.7
1,-1.5328210134776905,1,2,0,0.041536962,1,5,1,0,9.8
1,-0.935541069111882,2,0,1,0.0413383,1,3,1,1,5.5840000000000005
1,1.9403270550696516,1,2,0,0.063810405,0,1,1,0,36.25
1,1.532602485034854,9,1,2,0.018934719,0,8,2,0,0.0
1,0.031048398780998063,2,0,1,0.120961347,0,11,2,1,0.0
2,0.3839468660625312,3,1,0,0.006725388,1,9,2,1,0.0
1,0.2455561253886918,7,0,1,0.06390019,1,5,1,1,3.78
1,1.9871586838139814,1,2,0,0.124402507,1,3,1,0,5.172000000000001
3,-1.3161259987811524,5,1,0,0.053038775,1,5,1,0,5.3475
1,-1.2171192348649211,8,0,2,0.111220521,0,1,1,0,23.25
1,0.31203817124697947,7,0,1,0.015908485,1,13,1,1,37.73875
0,1.8620227810469532,0,0,0,0.086145867,1,13,1,0,45.6
1,-1.1032587382400918,7,0,1,0.011448629,1,13,1,1,50.80125
2,1.5815798306031823,3,1,0,0.144604071,1,4,1,1,5.336
0,-0.8125924544336975,4,0,2,0.133198355,0,0,1,0,21.139999999999997
1,-0.42935655718306465,1,2,0,0.055382616,1,9,2,0,0.0
1,-0.5475500587207357,7,0,1,0.07821891,0,10,1,1,13.14885
1,-1.6141983633094223,2,0,1,0.038109194,0,8,2,1,0.0
0,1.0375270941888506,4,0,2,0.046124444,1,5,1,0,4.4475
0,0.8794859364010532,0,0,0,0.014719325,1,9,2,0,0.0
1,-0.376129349231588,2,0,1,0.010497273,1,3,1,1,5.140000000000001
0,-0.5731323755493216,4,0,2,0.0708009757993644,0,0,1,0,28.7
1,-1.7164029168292272,7,0,1,0.051766042,0,1,1,1,25.4875
1,-1.6418848256971599,9,1,2,0.041459804,1,6,1,0,6.825
1,0.2822891345649374,1,2,0,0.092589917,1,9,2,0,0.0
1,-0.43204909602927344,9,1,2,0.058222587,1,13,1,0,34.36625
1,0.5297436874582467,8,0,2,0.036910398,0,10,1,0,9.5667
1,-0.5033693975577677,2,0,1,0.03126980766666667,1,6,1,1,6.175
0,1.4378040122369253,4,0,2,0.0708009757993644,1,4,1,0,6.256
3,-1.4854009914463027,5,1,0,0.034938717,1,9,2,0,0.0
1,-1.5481799969436527,1,2,0,0.047857804,0,8,2,0,0.0
3,0.6980081786086676,5,1,0,0.009950343,0,10,1,0,30.3875
1,1.105144355356407,8,0,2,0.017719277,0,8,2,0,0.0
1,-0.5789395614694107,1,2,0,0.016006626,1,9,2,0,0.0
0,-1.2591541792038916,0,0,0,0.031685529,1,6,1,0,10.205
3,-0.5273112483197205,5,1,0,0.013199737,1,3,1,0,11.040000000000001
1,-0.015824801228178722,2,0,1,0.030969274,0,14,0,1,7.0635
1,-1.557268114997008,2,0,1,0.071538243,0,8,2,1,0.0
1,-1.678112584116041,2,0,1,0.110653377,1,5,1,1,7.925
1,-0.7636566801302159,7,0,1,0.116484721,1,6,1,1,5.59975
2,-1.7089968361073515,3,1,0,0.08165845,0,11,2,1,0.0
1,1.4590948954175158,1,2,0,0.069529262,0,10,1,0,16.29485
1,1.460735361484149,7,0,1,0.108412059,1,6,1,1,8.352500000000001
1,-0.43099702324969763,7,0,1,0.02299122,1,6,1,1,8.32
1,0.3355163425164143,1,2,0,0.012264903,1,6,1,0,11.8625
3,0.8507058299688938,5,1,0,0.172641213,1,13,1,0,71.725
0,0.35146371926943415,0,0,0,0.066831682,0,14,0,0,9.868500000000001
1,-0.8631686948038122,6,0,1,0.027699863,0,14,0,1,3.2028000000000003
2,-0.25318073455340334,3,1,0,0.171779865,1,13,1,1,54.625
1,-1.0154442379363668,1,2,0,0.028958563,1,6,1,0,4.394
1,-0.48317215842159883,9,1,2,0.070890602,0,14,0,0,2.3409
3,-1.4486679822700566,5,1,0,0.080695806,1,13,1,0,61.393750000000004
1,-1.322521577988299,8,0,2,0.054378253,1,3,1,0,12.0
2,-0.36392658410435225,3,1,0,0.112681821,1,3,1,1,10.0
3,0.5196866391550086,5,1,0,0.014788594,0,15,1,0,10.35
3,-1.6722222556662591,5,1,0,0.038736754,0,14,0,0,4.59
1,-1.3199121816717834,2,0,1,0.077892365,0,8,2,1,0.0
1,1.588985911325058,7,0,1,0.148821808,1,6,1,1,4.85875
1,0.18643858898743282,8,0,2,0.060427062,1,5,1,0,7.0
1,0.7261583204889231,8,0,2,0.018571641,1,3,1,0,11.88
1,0.5302905094804578,2,0,1,0.03623131,1,5,1,1,5.55
0,-1.4630164642212897,0,0,0,0.062762374,0,0,1,0,9.52
1,-0.6044803070331501,6,0,1,0.009057132,1,3,1,1,7.18
1,-1.6120526464854248,1,2,0,0.012707362,0,10,1,0,9.0376
1,0.7309965761591292,7,0,1,0.067639698,0,0,1,1,24.849999999999998
1,0.6719206110227172,2,0,1,0.054171606,1,6,1,1,5.7525
1,0.2732010165115823,8,0,2,0.0273467,1,3,1,0,15.600000000000001
1,0.24071786971848524,6,0,1,0.031219108,0,12,1,1,21.2058
1,-0.5976210483334855,9,1,2,0.099274694,1,13,1,0,44.62625
1,-0.8956102703320628,7,0,1,0.056500895,0,1,1,1,24.5
2,-0.012080189602394648,3,1,0,0.034841089,1,3,1,1,15.4
1,0.10501966789085437,1,2,0,0.081096635,1,6,1,0,4.563
1,-0.9041515663632068,1,2,0,0.054162439,0,1,1,0,42.75
1,1.59643356331178,8,0,2,0.167155198,0,14,0,0,5.151
1,-0.31654813333781096,9,1,2,0.104840884,1,5,1,0,9.35
2,-0.7759010165222981,3,1,0,0.023548476,1,6,1,1,13.39
1,0.20352118104972108,1,2,0,0.02312394,0,11,2,0,0.0
1,0.8422061052025962,2,0,1,0.146692433,1,4,1,1,4.6897
1,0.24290515780732927,8,0,2,0.172759093,1,13,1,0,76.0
1,-1.4822032018427294,1,2,0,0.082197959,0,0,1,0,27.09
1,-0.23778017982259456,9,1,2,0.027028323,1,9,2,0,0.0
3,-0.25057133823688776,5,1,0,0.090427268,0,7,0,0,47.125
1,-0.20214081469077091,7,0,1,0.017678008,0,8,2,1,0.0
1,-0.34743238532912146,6,0,1,0.036133463,1,6,1,1,13.325000000000001
1,1.8301280275409137,7,0,1,0.030990354,1,4,1,1,9.361
1,-0.6678061345527113,2,0,1,0.018955479,0,8,2,1,0.0
1,0.7591467180393847,7,0,1,0.023625114,0,14,0,1,8.211
1,0.1284146966305963,8,0,2,0.057421582,0,10,1,0,16.874
3,-1.6248438048997178,5,1,0,0.024733134,0,14,0,0,8.5425
1,1.5741321786164602,7,0,1,0.052174319,0,14,0,1,5.508000000000001
0,0.12740419511586723,4,0,2,0.086352403,1,6,1,0,11.83
0,0.16194991620326887,4,0,2,0.058153409,1,4,0,0,8.441
1,-0.7652555749320027,7,0,1,0.061188147,0,14,0,1,3.8913
3,-1.5902565125474695,5,1,0,0.024213354,1,9,2,0,0.0
1,-0.7429126189718362,6,0,1,0.024944396,1,6,1,1,10.465000000000002
1,0.7405899449698489,8,0,2,0.065783783,0,0,1,0,8.449
1,-0.45763141285785935,9,1,2,0.174644552,1,6,1,0,11.505
3,-1.6823208752343437,5,1,0,0.054723717,0,8,2,0,0.0
1,1.7870410104223675,9,1,2,0.074460855,1,13,1,0,45.125
2,0.8459091455635342,3,1,0,0.027190917,0,10,1,1,27.5275
0,0.08427560673247451,4,0,2,0.114127418,1,4,1,0,7.406000000000001
0,0.4238776648423504,4,0,2,0.132327406,1,4,1,0,6.026
1,0.2726541944893713,6,0,1,0.117462619,1,13,1,1,43.67625
1,-0.3862279687996722,1,2,0,0.031918284,1,3,1,0,6.1240000000000006
1,0.42118512599614183,7,0,1,0.157149885,0,2,1,1,40.6
2,0.2535505993976249,3,1,0,0.137786856,1,13,1,1,61.0375
1,1.1908131388361343,6,0,1,0.021203509,1,3,1,1,12.16
1,-0.37562409847422323,1,2,0,0.052025392,1,13,1,0,87.875
3,-0.031813749246044985,5,1,0,0.032463574,0,8,2,0,0.0
1,0.09757201590413224,7,0,1,0.033968647,1,13,1,1,30.78
1,-1.6349424244678024,2,0,1,0.072252888,0,7,0,1,20.9125
1,1.9269475033683006,9,1,2,0.059940022,0,8,2,0,0.0
1,1.070598634269005,8,0,2,0.073827748,1,3,1,0,13.200000000000001
2,0.6510934073346444,3,1,0,0.015623754,1,6,1,1,11.375
1,0.490401281965485,2,0,1,0.031713126,0,0,1,1,17.639999999999997
1,-0.011533367580183647,1,2,0,0.0467696,1,3,1,0,13.680000000000001
0,-0.3516406764474238,0,0,0,0.035607579,0,0,1,0,18.62
2,-1.3832380091913443,3,1,0,0.097457483,1,4,0,1,6.348000000000001
1,0.052844532718952994,8,0,2,0.014555066,0,14,0,0,2.9478
1,0.428632777982864,7,0,1,0.060022526,0,0,1,1,28.0
1,-0.3937171920512408,9,1,2,0.039624006,0,10,1,0,29.8155
1,-1.2166139841075565,8,0,2,0.029560451,0,0,1,0,9.394
1,0.5505293198814726,1,2,0,0.029140008,1,3,1,0,7.756
1,-0.7178771241654613,7,0,1,0.022612742,1,5,1,1,3.5375
1,0.6734779345596572,2,0,1,0.117201696,1,13,1,1,84.075
3,0.20188071498308807,5,1,0,0.150122794,0,10,1,0,8.3798
2,0.4632200703351121,3,1,0,0.166032929,1,6,1,1,8.547500000000001
1,-0.5310558599455049,1,2,0,0.049547993,1,5,1,0,6.8
1,-0.16805877309588688,9,1,2,0.021010687,0,8,2,0,0.0
0,-1.4768596954151585,4,0,2,0.084404264,1,4,1,0,4.83
2,-1.4971400770810201,3,1,0,0.019278216,0,14,0,1,3.0192
0,-1.620593942516569,4,0,2,0.05486977,0,11,2,0,0.0
3,-1.541867560266199,5,1,0,0.017466284,0,10,1,0,22.88
1,-0.7083253266195879,1,2,0,0.023820082,1,4,0,0,8.625
3,0.6373333186704686,5,1,0,0.065577449,1,13,1,0,72.4375
2,-1.6386870360935863,3,1,0,0.043410693,0,15,1,1,14.265
1,-0.2175413694215797,9,1,2,0.141108156,0,1,1,0,11.587499999999999
2,-0.25642009542182315,3,1,0,0.051702257,1,5,1,1,10.0
2,0.7575478232375982,3,1,0,0.111122936,1,6,1,1,7.215
1,1.4042687926642523,9,1,2,0.021409913,0,2,1,0,28.21
1,0.1646424550494779,2,0,1,0.050786366,1,3,1,1,7.2
0,-0.3138555944916024,4,0,2,0.015664229,0,10,1,0,15.729999999999999
1,-1.3901388391558556,9,1,2,0.170663661,0,7,0,0,36.625
1,1.7928897676073026,9,1,2,0.152364317,1,6,1,0,8.352500000000001
1,-0.16271526666831626,6,0,1,0.012260981,1,13,1,1,71.9625
1,-1.3805870416099824,8,0,2,0.0127517,1,13,1,0,64.8375
2,-0.651900329064538,3,1,0,0.094952408,0,2,1,1,27.6325
1,1.1280757046036305,2,0,1,0.016943371,1,6,1,1,4.32575
1,-0.7328139994037521,7,0,1,0.026903714,1,9,2,1,0.0
1,0.0847808574898395,7,0,1,0.026046138,1,5,1,1,7.55
0,-1.0867229682000146,0,0,0,0.097805615,0,7,0,0,27.0
2,1.9136510941966431,3,1,0,0.019590769,1,4,1,1,6.831
0,0.6793266917445928,0,0,0,0.189689886,0,14,0,0,6.018000000000001
1,-0.5230613859365717,1,2,0,0.041703666,1,5,1,0,9.85
1,-0.8562678648393011,8,0,2,0.114472403,0,0,1,0,7.594999999999999
3,-0.2164477253771577,5,1,0,0.039078047,1,9,2,0,0.0
1,0.8049262740041395,8,0,2,0.112410046,1,6,1,0,13.325000000000001
1,1.0551565082733498,6,0,1,0.008734284,0,10,1,1,22.450999999999997
1,1.464438401845087,2,0,1,0.077608838,0,14,0,1,9.945
1,0.1369559926617404,1,2,0,0.027756137,0,0,1,0,21.21
1,0.047542597556228854,9,1,2,0.107223632,1,6,1,0,3.549
1,-0.5310142886806584,8,0,2,0.042211119,1,9,2,0,0.0
1,-0.5964858330242171,6,0,1,0.068112874,1,3,1,1,13.200000000000001
1,-1.304933735168646,2,0,1,0.054685839,1,3,1,1,12.0
2,-0.43204909602927344,3,1,0,0.013091186,1,6,1,1,8.8725
1,1.953581892976462,6,0,1,0.005234153,1,4,1,1,9.131
1,-1.2197702024462833,7,0,1,0.049178998,0,14,0,1,7.65
1,-0.23243667339502375,7,0,1,0.095989602,1,5,1,1,2.9925
1,-0.7716095828743028,1,2,0,0.031377308,0,0,1,0,11.472999999999999
2,-0.4022169168175384,3,1,0,0.06407717,1,6,1,1,6.370000000000001
2,0.7527927100970846,3,1,0,0.0258457,1,13,1,1,35.245
1,0.7905777920529062,7,0,1,0.089163056,1,9,2,1,0.0
1,0.5383265547542373,7,0,1,0.122475364,1,6,1,1,10.790000000000001
1,1.9147447382410652,2,0,1,0.089975294,1,4,1,1,9.361
0,1.1525643773877945,0,0,0,0.0708009757993644,1,6,1,0,5.265
1,-1.395987596340791,9,1,2,0.101932076,1,4,1,0,8.855
1,0.6175581877619718,6,0,1,0.066770664,1,5,1,1,4.65
3,-1.667467142525746,5,1,0,0.043025208,0,15,1,0,14.265
0,-1.304933735168646,0,0,0,0.091018048,1,3,1,0,12.0
1,-1.6333435296660157,1,2,0,0.0530568154,1,5,1,0,3.3175
2,-0.27716415658020277,3,1,0,0.094037241,1,13,1,1,56.050000000000004
0,1.8955580006196258,0,0,0,0.106894492,0,1,1,0,36.25
1,-0.5134680171258519,6,0,1,0.084949955,1,13,1,1,33.4875
1,-1.6796699076529813,9,1,2,0.070356805,0,7,0,0,20.025
1,0.633547135779838,7,0,1,0.053976156,1,6,1,1,5.7525
1,1.1423826152900174,8,0,2,0.082011521,1,5,1,0,4.5
0,0.32912076330926776,0,0,0,0.153127523,1,9,2,0,0.0
2,-0.022220380435325315,3,1,0,0.032754431,0,8,2,1,0.0
1,-1.6546344128466064,9,1,2,0.161740582,1,6,1,0,11.83
2,1.4303979315150497,3,1,0,0.072965144,1,9,2,1,0.0
2,-1.4816563798205185,3,1,0,0.041740902,1,5,1,1,9.8
1,0.21416662264001673,7,0,1,0.111666665,1,13,1,1,38.095
3,0.28064866849830444,5,1,0,0.116915909,1,13,1,0,43.67625
3,0.01880406238891587,5,1,0,0.093010026,0,0,1,0,20.79
1,-1.3571504416053939,6,0,1,0.026676216,1,3,1,1,9.88
1,-0.901542170046691,1,2,0,0.027682047,0,14,0,0,3.2028000000000003
1,0.5521282146832596,7,0,1,0.010013429,1,9,2,1,0.0
1,-0.014772728448603186,2,0,1,0.093991286,0,0,1,1,20.79
1,0.8613512715591894,6,0,1,0.117308165,1,3,1,1,3.9240000000000004
1,-0.20104717064634892,1,2,0,0.028838938,0,8,2,0,0.0
1,-0.9393272520025127,2,0,1,0.064376263,1,5,1,1,4.5975
1,0.1662413498512644,7,0,1,0.051952573,1,9,2,1,0.0
3,1.4367519394573494,5,1,0,0.059776237,1,9,2,0,0.0
1,-1.4880519590276649,2,0,1,0.041806702,1,5,1,1,9.8
1,1.9455874189675288,2,0,1,0.14215211,1,4,1,1,6.348000000000001
1,-0.3431409516811262,6,0,1,0.12770295,1,4,1,1,4.919700000000001
1,0.19127684465763933,6,0,1,0.086764795,0,7,0,1,22.200000000000003
0,-0.9541809847111105,0,0,0,0.132111921,1,5,1,0,5.8
1,-1.5349251590368416,6,0,1,0.120520818,1,6,1,1,4.134
1,0.7804791724848216,2,0,1,0.040069806,1,6,1,1,5.437250000000001
1,1.7800570379281633,6,0,1,0.034300475,1,6,1,1,10.465000000000002
1,-0.9078961779889911,6,0,1,0.035186271,0,8,2,1,0.0
1,0.9002715688242796,6,0,1,0.090562192,1,9,2,1,0.0
1,0.5979077706480139,9,1,2,0.091410169,1,3,1,0,15.600000000000001
1,0.5249470030528867,2,0,1,0.092049843,0,1,1,1,39.625
2,0.18807905505406627,3,1,0,0.046824729,0,10,1,1,25.5255
0,-0.14777839143002552,0,0,0,0.029529474,0,8,2,0,0.0
1,1.5900379841046335,7,0,1,0.014394261,1,6,1,1,4.7775
1,-0.682743009791002,6,0,1,0.125154452,1,5,1,1,3.1625
0,-1.395987596340791,4,0,2,0.162856593,1,9,2,0,0.0
0,0.6772225461854413,4,0,2,0.160936178,0,11,2,0,0.0
1,0.8826837260046263,9,1,2,0.012477512,0,10,1,0,14.57885
0,0.5617215834939793,0,0,0,0.121180705,0,2,1,0,31.1325
1,-0.44374661039914437,7,0,1,0.172946916,1,6,1,1,10.14
2,1.210546698479785,3,1,0,0.05884327633333333,0,1,1,1,33.375
0,-0.7194344477024014,0,0,0,0.091310237,0,10,1,0,16.159
2,-0.6646499162139845,3,1,0,0.055162827,0,8,2,1,0.0
1,0.29503872171438417,2,0,1,0.03127929,1,6,1,1,3.93575
0,0.28649742568324005,4,0,2,0.134564284,1,13,1,0,88.35000000000001
0,-1.251242847724651,4,0,2,0.123089128,1,13,1,0,61.75
1,0.18063140306734413,8,0,2,0.055990291,0,8,2,0,0.0
1,-0.014225906426392185,1,2,0,0.03625493,1,6,1,0,6.24
1,0.317423248939397,8,0,2,0.108710162,1,13,1,0,98.5625
1,1.2946165871577255,9,1,2,0.097770004,0,15,1,0,18.765
1,0.8725435351716957,8,0,2,0.06893834,1,6,1,0,5.824000000000001
1,-1.6914089932876988,1,2,0,0.038892859,0,14,0,0,4.59
2,0.7325954709609157,3,1,0,0.066051758,0,0,1,1,8.449
1,-1.2889863584156263,8,0,2,0.046584552,0,7,0,0,25.25
2,1.4522356367178513,3,1,0,0.02380654,0,2,1,1,28.21
1,1.6517649168224082,7,0,1,0.05650021325,0,0,1,1,15.82
1,1.2222442128496558,7,0,1,0.135416391,1,13,1,1,52.725
1,0.7346580452552208,1,2,0,0.058778429,1,6,1,0,6.695
3,-1.681815624476979,5,1,0,0.013951504,1,5,1,0,7.675
1,0.6952740684976126,1,2,0,0.129889831,1,6,1,0,6.30175
3,0.051792459939377464,5,1,0,0.054806734,1,6,1,0,11.5375
1,1.9584201486466688,7,0,1,0.026925385,1,5,1,1,8.75
1,0.37435349725181155,9,1,2,0.062625641,0,0,1,0,27.09
1,-1.6972161792077878,9,1,2,0.083059634,1,5,1,0,3.875
1,-1.5482215682084992,9,1,2,0.120139206,1,4,1,0,5.1290000000000004
1,-0.9792580507823319,2,0,1,0.110614538,1,6,1,1,8.125
1,1.2004065076468544,9,1,2,0.021240491,1,3,1,0,12.16
1,1.411758015915821,8,0,2,0.070691729,1,5,1,0,9.35
1,-0.37558252720937674,2,0,1,0.014505108,0,10,1,1,10.381799999999998
1,-0.5629921847163909,7,0,1,0.015335349,0,7,0,1,45.875
1,-0.15951747706474273,6,0,1,0.035740763,1,6,1,1,7.0817499999999995
1,-1.3555099755387607,6,0,1,0.030032690666666667,1,6,1,1,6.9225
1,0.8842826208064133,7,0,1,0.024454052,1,6,1,1,9.1975
1,-0.30480904770309375,8,0,2,0.046375227,0,1,1,0,37.5
1,-1.6286299877903487,2,0,1,0.041482394,1,3,1,1,11.600000000000001
1,-0.25852424098097443,1,2,0,0.071312064,0,8,2,0,0.0
1,0.5111453431238644,2,0,1,0.033275634,0,10,1,1,27.6705
1,-1.2533054220189561,9,1,2,0.020908608,1,13,1,0,94.28750000000001
1,0.4653657871591101,2,0,1,0.07760107,1,5,1,1,5.8
2,1.1024933877750447,3,1,0,0.038720852,1,6,1,1,12.415000000000001
1,0.03799080001035566,8,0,2,0.056429024,0,14,0,0,6.7065
1,0.3046320905251038,6,0,1,0.062878412,0,14,0,1,6.4515
0,-1.743037306437389,0,0,0,0.041927465,0,14,0,0,4.845
0,-1.5412791669791417,0,0,0,0.161466534,1,4,1,0,2.7255000000000003
1,0.7756824880794619,9,1,2,0.037885683,0,14,0,0,9.1035
1,1.7555683651439995,7,0,1,0.030678825,0,15,1,1,11.565
1,-0.3260999308836844,1,2,0,0.026163192,1,9,2,0,0.0
3,-0.8392684153067057,5,1,0,0.07733169583333334,0,14,0,0,3.5496
1,0.7847706061328171,9,1,2,0.094366079,0,14,0,0,6.885
2,-0.2159009033549467,3,1,0,0.026950104,0,10,1,1,14.014000000000001
1,1.6980912948093734,2,0,1,0.066672058,1,6,1,1,11.83
1,-0.6284637290599496,7,0,1,0.018061324,0,10,1,1,28.171
0,0.7751356660572509,4,0,2,0.193772568,1,6,1,0,7.215
1,1.3580255572069795,9,1,2,0.023567538,0,10,1,0,18.304
1,-0.19679730826319985,7,0,1,0.103129612,1,6,1,1,3.9715000000000003
1,0.34616178410671,6,0,1,0.010037996,1,13,1,1,83.60000000000001
1,1.8381225015498468,8,0,2,0.030927632,1,4,1,0,9.361
1,-1.6083911773893336,2,0,1,0.109713464,0,14,0,1,4.79145
0,0.776229310101673,0,0,0,0.043898127499999995,0,14,0,0,2.55
3,0.042199091128657794,5,1,0,0.035399923,0,0,1,0,11.640999999999998
1,0.8081240636077126,6,0,1,0.066668724,1,9,2,1,0.0
1,1.349442689910989,1,2,0,0.079844043,0,1,1,0,12.5875
1,-0.5055151143817652,8,0,2,0.100074524,1,5,1,0,9.6
1,1.6294219608622418,8,0,2,0.038685802,1,6,1,0,6.5
3,0.574512741908272,5,1,0,0.08139146,0,1,1,0,39.625
1,0.4973436831948426,9,1,2,0.06063976,1,4,1,0,7.705
0,0.24235833578511826,4,0,2,0.111654545,1,5,1,0,3.78
3,-0.7189707682098834,5,1,0,0.018757586,0,8,2,0,0.0
1,0.4238776648423504,9,1,2,0.075695552,1,4,1,0,6.026
1,0.3136786373136125,6,0,1,0.137618927,1,5,1,1,4.4475
1,0.32907919204442126,1,2,0,0.039895009,0,14,0,0,9.868500000000001
1,-0.5018120740208274,2,0,1,0.076552407,0,10,1,1,25.168
3,-1.5099312354953132,5,1,0,0.046259036,1,6,1,0,5.320250000000001
3,0.7757240593443084,5,1,0,0.024358634,0,8,2,0,0.0
1,0.0065597259968341376,1,2,0,0.040911824,0,14,0,0,5.9159999999999995
1,0.22796828256903898,2,0,1,0.105448901,1,13,1,1,79.5625
2,-0.78814535291438,3,1,0,0.035801238,0,8,2,1,0.0
1,-0.3197459229413842,6,0,1,0.141789197,1,13,1,1,96.66250000000001
1,-0.5565550342443979,2,0,1,0.175336471,1,13,1,1,44.175000000000004
1,1.4399913003257694,7,0,1,0.015943701,0,1,1,1,34.125
1,-1.2942882935783508,7,0,1,0.062170334,1,13,1,1,79.325
0,-0.8274877584071418,0,0,0,0.069112952,1,9,2,0,0.0
3,1.6374580061360213,5,1,0,0.035406842,1,13,1,0,45.6
1,-1.4391161847241833,9,1,2,0.05616476,0,12,1,0,25.704
1,-0.8179359608612684,1,2,0,0.036359891,1,13,1,0,80.03750000000001
1,1.3255424104138824,8,0,2,0.118102769,1,13,1,0,91.91250000000001
0,-0.6922948073368752,0,0,0,0.0708009757993644,0,15,1,0,12.15
1,-0.353827964536268,1,2,0,0.088121336,1,13,1,0,41.11125
0,-0.27346111621926494,0,0,0,0.058034349,1,9,2,0,0.0
1,-0.932931672795366,6,0,1,0.054197299,0,1,1,1,42.75
1,0.7836353908235486,9,1,2,0.071010513,1,6,1,0,4.992
0,-1.4225804146841061,0,0,0,0.02442574,0,14,0,0,9.536999999999999
1,-0.3633381908172948,7,0,1,0.045073782,1,6,1,1,6.62675
2,-0.7865048868477469,3,1,0,0.015334003,1,3,1,1,5.924
3,-0.33148500857610164,5,1,0,0.087894475,1,13,1,0,42.25125
1,1.8817563406906037,6,0,1,0.011007815,1,9,2,1,0.0
1,0.28595060366102903,6,0,1,0.091467933,1,9,2,1,0.0
0,-0.6971330630070818,4,0,2,0.041740624,1,4,0,0,8.625
1,0.3094287749304639,8,0,2,0.035257037,1,6,1,0,9.6525
1,1.3893734886908082,9,1,2,0.074522745,1,9,2,0,0.0
2,1.6544990269334632,3,1,0,0.035016754,1,13,1,1,67.2125
3,0.8682936727885471,5,1,0,0.11679292,0,0,1,0,28.279999999999998
2,-1.3486507168390962,3,1,0,0.161317495,1,9,2,1,0.0
1,-0.8045979804247644,2,0,1,0.076505799,0,0,1,1,21.139999999999997
3,-0.522556135179207,5,1,0,0.087029712,1,6,1,0,8.19
2,-1.5098896642304667,3,1,0,0.080619969,1,9,2,1,0.0
0,-1.5503257137676503,4,0,2,0.0708009757993644,1,13,1,0,61.0375
1,-1.3869410495522823,8,0,2,0.013179388,1,9,2,0,0.0
1,-0.5459095926541024,9,1,2,0.048134591,1,9,2,0,0.0
0,0.2519101333309919,4,0,2,0.166609517,0,0,1,0,21.139999999999997
1,0.7906193633177527,8,0,2,0.072881535,1,6,1,0,7.4750000000000005
1,1.5751426801311894,1,2,0,0.097629611,0,8,2,0,0.0
1,0.3552083308952187,2,0,1,0.11733375,0,0,1,1,14.7
1,0.30618941406204436,2,0,1,0.058756205,1,6,1,1,7.897500000000001
1,0.373848246494447,1,2,0,0.104791689,1,13,1,0,83.60000000000001
0,-1.3938418795167933,4,0,2,0.0708009757993644,1,4,1,0,5.359
0,-1.4609538899269852,4,0,2,0.171383506,1,3,1,0,6.800000000000001
3,1.8268886666724937,5,1,0,0.02930277,1,9,2,0,0.0
3,-0.5326547547472914,5,1,0,0.110762642,0,11,2,0,0.0
1,1.8977452887084698,9,1,2,0.07784544,1,13,1,0,86.6875
1,0.3711972789130849,6,0,1,0.025891588,1,5,1,1,6.925
1,-0.42725241162391336,7,0,1,0.05812946879999999,1,13,1,1,34.36625
1,-0.6220265785879567,6,0,1,0.05619195566666666,1,13,1,1,53.9125
1,0.3924881620936753,2,0,1,0.037734782,1,5,1,1,7.0
1,-0.8525232532135167,8,0,2,0.099271209,1,5,1,0,8.0
1,0.9039746091852172,8,0,2,0.072912432,1,5,1,0,6.825
1,-1.418835803058322,8,0,2,0.04712061,1,5,1,0,4.5975
1,0.7490480984713,1,2,0,0.052458358,1,9,2,0,0.0
1,0.7485428477139355,2,0,1,0.01867669,1,3,1,1,11.88
1,-1.062275866680697,8,0,2,0.04487828,0,14,0,0,7.548000000000001
1,0.39934742079334,6,0,1,0.128011859,1,13,1,1,93.10000000000001
1,-0.23668653577817256,2,0,1,0.0714445,0,15,1,1,11.25
0,1.6932946104040139,4,0,2,0.03941584,1,4,1,0,9.315000000000001
1,0.861939664846247,2,0,1,0.028683422,0,0,1,1,13.02
1,-0.008335577976610121,9,1,2,0.046881328,1,3,1,0,13.680000000000001
1,-0.4628917767557372,9,1,2,0.018591464,1,13,1,0,91.91250000000001
3,1.3079129963293832,5,1,0,0.062109174,1,6,1,0,10.627500000000001
0,-1.2581021064243159,4,0,2,0.0708009757993644,1,6,1,0,11.2125
1,1.7236736116379598,2,0,1,0.02050719,1,13,1,1,35.245
1,0.1598457706441178,7,0,1,0.021293097,0,14,0,1,10.5825
1,1.3414897871669023,2,0,1,0.049902382,0,0,1,1,8.700999999999999
1,0.39349866360840485,9,1,2,0.09650705525,0,14,0,0,4.896
1,-0.4564961975485909,8,0,2,0.05848134,0,8,2,0,0.0
2,-0.9036463156058423,3,1,0,0.045556681,0,14,0,1,2.9223000000000003
3,-0.6981435645218108,5,1,0,0.075691713,1,6,1,0,8.32
1,1.8934538550604747,9,1,2,0.035967107,1,6,1,0,10.53
0,1.5575548373115364,0,0,0,0.163548055,0,8,2,0,0.0
2,-1.042037056279682,3,1,0,0.130946374,0,0,1,1,20.02
1,0.2971428672735352,7,0,1,0.012300013,1,6,1,1,11.8625
0,1.380915335189357,0,0,0,0.173154079,1,6,1,0,12.35
0,0.062437901529673115,0,0,0,0.149223055,0,8,2,0,0.0
1,1.5490966838100853,7,0,1,0.03269312,1,5,1,1,3.75
1,0.11036317431842543,8,0,2,0.086132373,1,5,1,0,3.65
1,-0.5677888691217507,7,0,1,0.042296724,1,9,2,1,0.0
0,1.9110001266152812,0,0,0,0.116527666,0,15,1,0,11.520000000000001
1,0.7331007217182802,9,1,2,0.048010812,1,6,1,0,13.39
1,0.21677601895653234,6,0,1,0.17176098399999998,1,13,1,1,61.0375
3,-0.6268648342581631,5,1,0,0.009014978,1,3,1,0,7.18
1,-0.478375474016239,6,0,1,0.078957122,0,14,0,1,3.12885
0,0.30623098532689036,0,0,0,0.181958524,1,13,1,0,98.5625
2,-0.6619989486326224,3,1,0,0.047290068,0,11,2,1,0.0
3,-0.2212444097825173,5,1,0,0.059511812,1,6,1,0,13.13
1,-1.3912324832002776,2,0,1,0.097611115,1,4,0,1,6.348000000000001
0,0.8757413247752688,0,0,0,0.161350176,0,14,0,0,7.8285
2,0.21467187339738125,3,1,0,0.128728258,0,1,1,1,48.75
3,-1.558825438533948,5,1,0,0.020388413,1,9,2,0,0.0
1,0.08482242875468551,9,1,2,0.014577695,0,14,0,0,2.9478
1,0.03159522080320906,1,2,0,0.022441883,0,10,1,0,9.85985
1,1.839721396351633,7,0,1,0.030497325,1,4,1,1,8.165000000000001
1,1.471886053831809,7,0,1,0.069728296,0,10,1,1,16.29485
1,-1.4981921498605957,9,1,2,0.072410764,1,6,1,0,9.555
2,-0.4991195351746188,3,1,0,0.126897925,1,3,1,1,8.156
1,-0.016330051985543253,9,1,2,0.044978225,0,8,2,0,0.0
1,1.0204860733914087,2,0,1,0.1594534345,1,4,1,1,3.4063000000000003
0,0.4313253168290725,4,0,2,0.0708009757993644,1,13,1,0,93.10000000000001
1,0.7570425724802332,1,2,0,0.007038478,0,14,0,0,3.11865
0,-0.31284509297687313,4,0,2,0.081605462,1,6,1,0,11.602500000000001
0,-0.2574305969365524,4,0,2,0.196659953,1,9,2,0,0.0
0,-1.7057990465037784,0,0,0,0.02346559,1,5,1,0,7.675
1,-0.4060030997081692,1,2,0,0.033081389,1,9,2,0,0.0
1,1.2819085712731257,1,2,0,0.133034816,1,3,1,0,8.8
1,-0.550201026302098,2,0,1,0.069852615,0,14,0,1,6.273000000000001
1,1.55595594250975,1,2,0,0.182501773,0,11,2,0,0.0
1,0.11250889114242296,8,0,2,0.014222617,1,9,2,0,0.0
1,0.09172325871919665,6,0,1,0.025867261,1,6,1,1,12.415000000000001
2,-0.23243667339502375,3,1,0,0.051146565,1,9,2,1,0.0
3,-0.7705990813595736,5,1,0,0.017936715,0,8,2,0,0.0
1,-1.2783824880901775,7,0,1,0.038398937,0,0,1,1,10.107999999999999
0,1.326047661171247,0,0,0,0.039385992,0,10,1,0,18.304
1,-0.5337483987917134,7,0,1,0.140292495,1,3,1,1,5.508
1,-1.4390746134593368,2,0,1,0.030981392,1,13,1,1,53.9125
1,0.4824068079565519,1,2,0,0.165221717,1,6,1,0,8.547500000000001
3,-0.9616286366978326,5,1,0,0.020460284,0,11,2,0,0.0
1,-0.6316615186635228,2,0,1,0.063054947,1,5,1,1,6.3
3,-0.3207564244561135,5,1,0,0.073024401,0,8,2,0,0.0
2,0.05494867827810452,3,1,0,0.043740308,1,6,1,1,3.8870000000000005
1,0.17478264588240855,8,0,2,0.079327367,0,0,1,0,8.588999999999999
1,-1.7164444880940737,8,0,2,0.075735621,0,8,2,0,0.0
1,-0.00459096635082605,9,1,2,0.016760075,0,10,1,0,25.025
1,0.3897540519826203,1,2,0,0.029914022,1,13,1,0,84.075
3,1.898250539465834,5,1,0,0.035737373,1,6,1,0,10.53
0,0.7437461633085759,4,0,2,0.114916546,1,6,1,0,12.35
1,0.07998417308447944,8,0,2,0.033899898,1,13,1,0,30.78
1,1.3052620287480212,8,0,2,0.023530953,0,10,1,0,18.304
0,-0.8652728403629633,4,0,2,0.165101585,1,6,1,0,11.927500000000002
2,-0.8248783620906259,3,1,0,0.093765794,1,6,1,1,4.76125
1,-0.3122566996898156,6,0,1,0.008944844,0,10,1,1,15.729999999999999
0,-1.62114076453878,4,0,2,0.0359547614,0,14,0,0,7.2165
3,-1.7047054024593564,5,1,0,0.110735739,0,0,1,0,17.22
1,-0.9930181394465076,6,0,1,0.051970838,1,6,1,1,5.018
0,1.2562846831796932,4,0,2,0.187443314,1,4,1,0,5.428000000000001
1,0.3727130311851785,8,0,2,0.084452363,0,15,1,0,6.6915
3,0.46056910275375,5,1,0,0.060252433,1,4,1,0,7.705
1,0.8709862116347556,2,0,1,0.065041581,1,6,1,1,7.0817499999999995
1,-1.3645565223272695,6,0,1,0.061163967,0,14,0,1,6.171
1,0.5612163327366148,6,0,1,0.081652352,0,1,1,1,22.75
1,0.6287504513744779,9,1,2,0.066352552,0,2,1,0,57.75
0,1.908349159033919,0,0,0,0.03830192,1,5,1,0,3.425
1,-0.032865822025620516,8,0,2,0.055840055,1,9,2,0,0.0
0,-1.3778529314989272,4,0,2,0.178923163,1,6,1,0,3.9845
1,1.0769110709464587,1,2,0,0.016944719,1,6,1,0,4.32575
3,-0.7242311321077615,5,1,0,0.054288646,0,10,1,0,16.159
3,-1.0005489339629225,5,1,0,0.078547351,1,5,1,0,5.8
0,0.4531214507670279,0,0,0,0.058835928,1,6,1,0,6.175
1,-0.5725855535271106,6,0,1,0.123007534,0,10,1,1,18.0895
0,-0.3633381908172948,0,0,0,0.075291577,1,6,1,0,6.62675
1,1.0439226733959972,6,0,1,0.010363586,1,9,2,1,0.0
3,-0.4639854208001595,5,1,0,0.0704378,0,14,0,0,2.3409
1,-1.4044873211070887,6,0,1,0.041949832,1,13,1,1,66.5
3,-1.559372260556159,5,1,0,0.053113721,0,14,0,0,7.905
1,1.1195344085724865,6,0,1,0.093746136,1,13,1,1,49.875
1,1.9259370018535713,6,0,1,0.022878953,1,5,1,1,3.425
1,0.8821784752472618,6,0,1,0.07614605,1,4,1,1,9.315000000000001
1,0.3844936880847422,2,0,1,0.054079556,1,6,1,1,7.215
1,0.5766168874674236,8,0,2,0.017744999,1,3,1,0,9.28
1,1.5203581486427724,6,0,1,0.103731617,1,13,1,1,44.62625
1,-1.540773916221777,9,1,2,0.121674533,1,6,1,0,7.670000000000001
1,-0.3245010360818976,9,1,2,0.072990979,1,13,1,0,46.550000000000004
1,0.5643309798104948,6,0,1,0.082536604,1,3,1,1,15.600000000000001
1,1.9456289902323758,7,0,1,0.08441844066666666,0,14,0,1,8.7975
2,0.4712561156088917,3,1,0,0.080968973,1,9,2,1,0.0
3,1.4884218238718863,5,1,0,0.01055095,1,9,2,0,0.0
1,-1.4657505743323451,1,2,0,0.014580886,0,14,0,0,9.536999999999999
1,-0.7008361033680196,7,0,1,0.132939639,1,4,0,1,5.4510000000000005
2,0.9125159052163613,3,1,0,0.101176316,1,6,1,1,10.075000000000001
1,0.5957620538240164,8,0,2,0.016826748,0,7,0,0,30.25
1,-1.6535823400670306,9,1,2,0.045763062,1,13,1,0,47.975
1,-1.0526824978699774,2,0,1,0.027217468,0,10,1,1,14.443
1,-1.0170431327381533,7,0,1,0.066315023,0,15,1,1,9.450000000000001
3,0.8257119064273654,5,1,0,0.159081735,1,5,1,0,8.425
1,-0.6129800317994478,8,0,2,0.008191729,1,3,1,0,13.4
0,0.38180114923853364,0,0,0,0.071557769,0,8,2,0,0.0
1,0.17314217981577554,9,1,2,0.027212058,1,3,1,0,6.04
1,0.6825244813481659,8,0,2,0.011995271,1,3,1,0,16.2
1,-0.7790572348610247,9,1,2,0.041538713,1,5,1,0,8.675
3,-0.6231202226323788,5,1,0,0.094109236,0,2,1,0,27.6325
1,1.670446403686483,9,1,2,0.039355947,1,5,1,0,9.3
1,-0.45599094679122637,8,0,2,0.033858187,0,12,1,0,23.766000000000002
1,-0.8290866532089284,9,1,2,0.123620492,1,13,1,0,31.6825
2,-0.03711568440876958,3,1,0,0.16329593716666665,1,5,1,1,5.0975
1,-1.434277929053977,2,0,1,0.032283676,1,3,1,1,8.08
1,-1.719642277697647,6,0,1,0.075721301,0,8,2,1,0.0
3,-0.6886333382407839,5,1,0,0.005935001,1,13,1,0,25.365
2,0.0853276795120505,3,1,0,0.15707226033333332,1,13,1,1,73.625
1,-1.6983098232522098,7,0,1,0.111500259,0,0,1,1,17.22
1,0.25990460733992504,6,0,1,0.176182345,0,0,1,1,15.54
1,0.7038569357936032,7,0,1,0.161762835,1,3,1,1,12.0
1,1.4468505590254341,2,0,1,0.014909465,1,6,1,1,13.227500000000001
1,1.314855397558741,2,0,1,0.061192211,0,15,1,1,14.4
0,0.45846495719459895,0,0,0,0.134975628,1,9,2,0,0.0
3,0.032058900295727125,5,1,0,0.014484582,0,14,0,0,2.9478
1,0.1651477058068424,2,0,1,0.028578012,1,4,0,1,4.1078
1,0.6186518318063937,8,0,2,0.021496403,1,6,1,0,8.775
0,-0.8876573675879761,4,0,2,0.158096128,1,9,2,0,0.0
1,1.8907613162142658,1,2,0,0.089394766,1,4,1,0,9.361
1,0.025704892353427,9,1,2,0.020952705,0,7,0,0,36.75
1,0.8145612140797056,1,2,0,0.088908547,1,9,2,0,0.0
1,1.3936233510739573,6,0,1,0.087977262,1,4,0,1,6.486
2,-0.7003308526106549,3,1,0,0.037734334,0,8,2,1,0.0
1,-1.4007427094813043,9,1,2,0.042246575,1,4,0,0,6.509
1,0.4584233859297525,1,2,0,0.03150851,0,0,1,0,17.639999999999997
2,-1.5093428422082555,3,1,0,0.121034655,1,6,1,1,4.134
1,0.2705916201950667,6,0,1,0.149986868,1,5,1,1,3.9125
1,1.5597421254003805,6,0,1,0.167799329,0,14,0,1,5.04645
1,-0.5928243639281257,7,0,1,0.151712642,1,3,1,1,5.6000000000000005
0,-0.290418994487014,0,0,0,0.048661041,1,9,2,0,0.0
1,0.05069881589495546,9,1,2,0.06528457,1,4,1,0,7.406000000000001
3,0.36530695046330286,5,1,0,0.037006076,0,14,0,0,8.7975
1,-0.8349354103938639,8,0,2,0.10039894,0,0,1,0,13.152999999999999
3,0.07678638348090637,5,1,0,0.106876976,1,13,1,0,48.42625
2,-0.4564961975485909,3,1,0,0.100055625,1,13,1,1,47.5
3,1.821039909487558,5,1,0,0.081458942,1,6,1,0,10.887500000000001
1,-0.174412781038187,6,0,1,0.059716729,1,6,1,1,4.6605
0,0.3003822281419552,4,0,2,0.027300833666666666,1,3,1,0,15.600000000000001
1,0.7304081828720718,6,0,1,0.132058566,1,6,1,1,7.897500000000001
1,0.3849573675772603,2,0,1,0.030108283,1,13,1,1,84.075
1,0.8268055504717874,6,0,1,0.014790559,1,4,1,1,9.315000000000001
1,1.8759075835056676,9,1,2,0.027386122,1,13,1,0,45.6
0,-0.5555029614648224,4,0,2,0.182236555,1,3,1,0,16.0
1,0.49675528990778517,7,0,1,0.098102581,0,14,0,1,8.925
1,0.8528931180577383,2,0,1,0.016201845,1,9,2,1,0.0
2,-1.5855013994069562,3,1,0,0.110359004,1,4,0,1,4.0365
1,0.07893210030490391,9,1,2,0.025912378,1,6,1,0,12.415000000000001
0,-1.4742502990986428,4,0,2,0.05787008,0,2,1,0,37.1
0,0.34721385688628553,0,0,0,0.032597778,0,11,2,0,0.0
1,-1.0633279394602726,9,1,2,0.054238448,0,7,0,0,29.5
3,1.084905544955392,5,1,0,0.049435598,0,10,1,0,20.449
1,0.7149660568764165,1,2,0,0.024456797,0,8,2,0,0.0
3,-1.6775241908289835,5,1,0,0.123111453,1,13,1,0,30.328750000000003
1,0.5323946550396088,6,0,1,0.036228067,0,8,2,1,0.0
1,1.2270408972550158,1,2,0,0.073858923,1,4,1,0,3.6133
2,0.8443102507617477,3,1,0,0.090267996,1,6,1,1,11.83
0,0.29667918778101715,4,0,2,0.162248011,1,9,2,0,0.0
3,0.6186518318063937,5,1,0,0.033809913,1,3,1,0,9.600000000000001
1,1.6816386672989891,6,0,1,0.044652785,1,9,2,1,0.0
0,0.26360764770086265,4,0,2,0.127234249,1,9,2,0,0.0
1,-1.5397218434422015,6,0,1,0.053170949,0,15,1,1,15.840000000000002
2,1.2733672752419816,3,1,0,0.087762922,1,6,1,1,9.815
1,-1.6674255712608994,8,0,2,0.161489509,1,6,1,0,11.83
0,0.69586246178467,4,0,2,0.0708009757993644,1,3,1,0,16.56
1,1.040219633035059,7,0,1,0.123086812,0,15,1,1,6.6915
2,-0.38626954006451863,3,1,0,0.103312359,1,6,1,1,5.018
1,-0.3229437125449575,6,0,1,0.052166995,1,13,1,1,84.78750000000001
1,1.9355303706642915,9,1,2,0.072178679,1,9,2,0,0.0
1,1.1306851009201466,6,0,1,0.056819936,1,13,1,1,32.60875
2,-0.33624012171661505,3,1,0,0.019502354,1,13,1,1,100.9375
1,-0.8482733908303679,1,2,0,0.041256807,1,9,2,0,0.0
1,1.647051374946741,7,0,1,0.035651291,1,13,1,1,45.6
0,0.41478954678899527,4,0,2,0.0708009757993644,0,2,1,0,40.6
1,0.2327233957095521,9,1,2,0.1997556526,0,0,1,0,15.54
1,0.4243829155997149,7,0,1,0.012567811,1,9,2,1,0.0
3,0.5841061107189921,5,1,0,0.056685383,1,6,1,0,3.7277500000000003
2,0.6809255865463794,3,1,0,0.036107198,1,13,1,1,64.8375
1,-0.16856402385325184,1,2,0,0.063122753,0,2,1,0,22.4875
0,-0.20685435656643758,4,0,2,0.08918772,1,9,2,0,0.0
1,0.1258053003140807,6,0,1,0.055103174,0,10,1,1,21.950499999999998
1,-1.2538938153060137,8,0,2,0.07962861,0,10,1,0,11.18975
3,0.5265458978546732,5,1,0,0.064933297,1,13,1,0,42.75
1,-0.4676884611610973,8,0,2,0.034357169,1,5,1,0,2.2775
1,-0.6598532318086247,2,0,1,0.126313413,1,5,1,1,5.75
1,0.02094977921291341,8,0,2,0.159936948,1,5,1,0,5.0975
1,-0.6167662146900786,7,0,1,0.02137305,1,6,1,1,13.552500000000002
0,-0.006778254439670056,0,0,0,0.094450618,0,14,0,0,6.7065
1,0.7783750269256705,1,2,0,0.129226104,1,9,2,0,0.0
1,0.03050157675878706,8,0,2,0.020920179,0,7,0,0,36.75
3,-1.4540114886976276,5,1,0,0.026916794,0,11,2,0,0.0
1,-0.26168045931970124,1,2,0,0.100091576,1,6,1,0,13.455
3,-0.6316199473986764,5,1,0,0.044764726,1,13,1,0,53.9125
1,0.02301235350721846,2,0,1,0.163902159,0,7,0,1,19.625
2,-1.0500315302886152,3,1,0,0.021413346,1,9,2,1,0.0
1,0.18223029786913067,7,0,1,0.02956104975,0,8,2,1,0.0
1,-0.943535543120815,7,0,1,0.041189152,1,3,1,1,5.5840000000000005
1,-0.13233626543437027,8,0,2,0.035747522,1,6,1,0,7.0817499999999995
0,1.9391918397603827,4,0,2,0.0708009757993644,1,4,1,0,6.348000000000001
1,1.120039659329851,1,2,0,0.0112259,1,13,1,0,84.78750000000001
3,0.02894425322184654,5,1,0,0.013431109,1,13,1,0,49.875
1,0.7133671620746299,8,0,2,0.065633934,1,6,1,0,12.35
2,-1.0904675798257988,3,1,0,0.008601441,0,10,1,1,23.9525
2,0.14650779020761362,3,1,0,0.027169589,0,14,0,1,4.3452
1,0.02301235350721846,1,2,0,0.035542581,0,0,1,0,11.640999999999998
1,-0.6604000538308357,8,0,2,0.047187038,0,0,1,0,13.72
1,-0.364431834861717,9,1,2,0.093441604,1,13,1,0,58.6625
0,-0.5384619406673805,4,0,2,0.023402893,0,11,2,0,0.0
1,1.90254197311383,9,1,2,0.020229757,1,9,2,0,0.0
1,0.8997247468020682,2,0,1,0.099343352,1,5,1,1,6.55
1,-0.6412133162093963,8,0,2,0.032022535,1,9,2,0,0.0
1,-1.509384413473102,1,2,0,0.037465846,0,0,1,0,9.52
1,-0.5076192599409165,2,0,1,0.047152554,0,0,1,1,11.732000000000001
1,-0.30379854618836444,2,0,1,0.038078899,1,5,1,1,7.85
0,-0.1893496562764777,0,0,0,0.150554711,1,13,1,0,31.6825
1,-1.234707077684574,2,0,1,0.11184963,0,1,1,1,23.25
1,1.123279020198271,7,0,1,0.038641968,1,6,1,1,12.415000000000001
2,-0.2005003486241379,3,1,0,0.093405156,1,9,2,1,0.0
1,-0.39582133761039207,9,1,2,0.063916425,1,6,1,0,6.370000000000001
1,1.812034933963896,1,2,0,0.034278413,1,6,1,0,10.465000000000002
2,-0.9169842960423463,3,1,0,0.08924267866666667,0,0,1,1,18.9
1,1.1961566452637054,7,0,1,0.048124443,0,1,1,1,33.375
3,0.6740247565818682,5,1,0,0.174336148,0,8,2,0,0.0
2,0.0017630415914740769,3,1,0,0.054455125,1,13,1,1,86.6875
0,-0.4937760287470478,0,0,0,0.052593952,1,9,2,0,0.0
2,-0.9387388587154553,3,1,0,0.025473816,0,0,1,1,21.7
1,-0.2542328073329791,6,0,1,0.105816753,0,1,1,1,27.5
3,0.283846458101878,5,1,0,0.136532569,0,7,0,0,47.125
3,-1.3629576275254829,5,1,0,0.033737273,0,14,0,0,9.996
0,0.1007282342428593,0,0,0,0.172856719,0,0,1,0,7.888999999999999
2,-0.175506425082609,3,1,0,0.034082974,0,11,2,1,0.0
1,1.3883214159112327,9,1,2,0.030890618,1,3,1,0,6.736000000000001
1,0.49835418470957166,2,0,1,0.122918852,1,6,1,1,10.790000000000001
1,0.7113045877803253,9,1,2,0.036016619,1,13,1,0,64.8375
3,-0.2968145736941606,5,1,0,0.012592289,1,9,2,0,0.0
1,-0.893547696037758,2,0,1,0.026760329,1,13,1,1,72.4375
1,-0.7721979761613603,1,2,0,0.022380952,1,6,1,0,11.765
2,-0.6380155266058231,3,1,0,0.032152981,1,9,2,1,0.0
3,1.6528585608668303,5,1,0,0.044444956,1,9,2,0,0.0
1,1.6342602165324478,1,2,0,0.035549527,1,13,1,0,45.6
1,1.2606176880925348,9,1,2,0.169241992,1,13,1,0,52.725
0,-0.8552157920597255,4,0,2,0.02579577,1,3,1,0,11.040000000000001
2,1.6789876997176272,3,1,0,0.038795212999999995,1,6,1,1,6.5
3,-0.45813666361522387,5,1,0,0.163882129,1,4,1,0,3.7030000000000003
2,-1.6126410397724824,3,1,0,0.05599893925,1,3,1,1,11.600000000000001
1,1.708736736399669,8,0,2,0.034752647,1,4,1,0,8.165000000000001
1,-1.5045461578028958,2,0,1,0.053481818,0,15,1,1,15.840000000000002
1,1.4309447535372608,7,0,1,0.035482562,0,0,1,1,17.71
2,-0.7450167645309876,3,1,0,0.115799592,1,5,1,1,4.5325
3,-0.30161125809952044,5,1,0,0.063800266,0,8,2,0,0.0
3,-1.768619623265975,5,1,0,0.041683481,0,14,0,0,4.845
0,1.5852412996992735,0,0,0,0.024044279,1,6,1,0,4.7775
1,1.502265055065755,6,0,1,0.07543556,0,7,0,1,22.237499999999997
1,-0.9371815351785149,1,2,0,0.039928582,0,11,2,0,0.0
1,-0.6582959082716846,1,2,0,0.094488485,0,2,1,0,27.6325
1,-1.3465050000150984,9,1,2,0.043968652,0,15,1,0,6.354
1,0.6197454758508157,9,1,2,0.016852909,0,7,0,0,30.25
1,1.419205667902543,2,0,1,0.016001434,0,1,1,1,34.125
2,1.963722083809393,3,1,0,0.025932408,1,3,1,1,8.0
1,0.09008279265256364,8,0,2,0.02488732,1,9,2,0,0.0
1,-0.5533988159056711,9,1,2,0.032924463,0,0,1,0,21.7
1,0.4435696532211547,2,0,1,0.019616991,1,9,2,1,0.0
1,0.2822891345649374,7,0,1,0.031288338,0,12,1,1,21.2058
1,-1.7499797076667463,8,0,2,0.108030434,1,9,2,0,0.0
2,0.37809810887759604,3,1,0,0.015497337,1,9,2,1,0.0
1,-0.28675752539092264,7,0,1,0.047175956666666664,1,4,1,1,2.2103
3,-0.45758984159301286,5,1,0,0.078589629,0,14,0,0,3.12885
1,0.488760815898852,1,2,0,0.033060937,0,10,1,0,27.6705
2,-0.9786696574952745,3,1,0,0.029100745,1,6,1,1,4.394
1,0.520150318647527,1,2,0,0.066879757,1,13,1,0,93.575
1,-0.6614105553455649,8,0,2,0.046559448,0,8,2,0,0.0
0,0.3812958984811691,4,0,2,0.09415375,1,6,1,0,7.215
3,-1.4614591406843498,5,1,0,0.030657949,1,13,1,0,53.9125
0,-0.8365343051956504,4,0,2,0.170213676,1,4,0,0,8.096000000000002
1,-0.9009537767596336,6,0,1,0.064002068,1,5,1,1,4.5975
0,-1.7270899296843691,0,0,0,0.0708009757993644,0,1,1,0,17.8875
2,0.29928858409753323,3,1,0,0.077168705,1,13,1,1,88.35000000000001
1,0.5809083211154186,6,0,1,0.155350299,1,13,1,1,100.9375
1,-0.30430379694572895,2,0,1,0.009676286,1,4,1,1,5.0117
1,0.1896779498558528,6,0,1,0.063313974,0,2,1,1,72.625
0,1.1237842709556356,4,0,2,0.059336763,1,13,1,0,93.8125
3,-0.2675292165046366,5,1,0,0.147100395,0,8,2,0,0.0
1,1.441043373105345,7,0,1,0.021420031,0,2,1,1,28.21
0,-0.24998294494983028,4,0,2,0.066006824,1,4,1,0,2.2103
1,0.7863695009346037,2,0,1,0.01421461825,1,13,1,1,45.6
3,-0.9515715883945947,5,1,0,0.105085956,1,6,1,0,4.2835
1,-1.2825907792084796,1,2,0,0.143010016,1,5,1,0,4.4525
1,0.08158306788626597,6,0,1,0.033893487,1,13,1,1,30.78
1,-0.3106993761528756,6,0,1,0.12574524,0,8,2,1,0.0
1,-1.3661554171290562,7,0,1,0.170663661,0,7,0,1,36.625
1,-0.3032517241661534,2,0,1,0.07495485033333334,0,10,1,1,7.3645000000000005
1,-1.6881696324192792,6,0,1,0.041729735,0,8,2,1,0.0
1,0.14385682262625155,9,1,2,0.025325897,0,8,2,0,0.0
0,-1.1016598434383054,0,0,0,0.019123874,1,13,1,0,50.80125
1,-0.47412561163309014,1,2,0,0.099674817,1,6,1,0,8.0275
2,-0.6555617981606293,3,1,0,0.125688044,1,5,1,1,3.1625
0,-0.8812617883808295,4,0,2,0.079440262,0,14,0,0,2.9223000000000003
1,-0.6487025394609647,8,0,2,0.079713576,1,6,1,0,10.725
1,-0.8961986636191203,1,2,0,0.011117041,1,13,1,0,48.925000000000004
1,-0.7157314073414636,1,2,0,0.075996742,1,6,1,0,8.32
0,-0.936634713156304,0,0,0,0.02528802,1,5,1,0,2.74
2,0.8049262740041395,3,1,0,0.090834158,0,11,2,1,0.0
3,0.3557135816525832,5,1,0,0.032099989,0,8,2,0,0.0
1,-0.9339421743100954,8,0,2,0.041105789,1,3,1,0,5.5840000000000005
0,0.22266634740631439,4,0,2,0.058545606,0,10,1,0,13.299000000000001
1,0.6048086006125251,9,1,2,0.022639195,1,6,1,0,8.352500000000001
2,0.0017630415914740769,3,1,0,0.041112694,0,14,0,1,5.9159999999999995
1,-1.0095954807514314,9,1,2,0.008046878,1,5,1,0,4.55
1,0.8400603883785986,8,0,2,0.054930533,0,0,1,0,22.049999999999997
0,-0.47728182997181695,0,0,0,0.031069993,1,13,1,0,91.91250000000001
1,-0.16591305627188932,6,0,1,0.055347985,0,0,1,1,26.39
2,1.961071116228031,3,1,0,0.074451126,1,13,1,1,27.455000000000002
1,0.27749245015957785,6,0,1,0.015447454,0,8,2,1,0.0
2,0.8799911871584178,3,1,0,0.062597392,0,0,1,1,17.5
1,0.5552844330219862,6,0,1,0.027573983,1,9,2,1,0.0
1,1.4187004171451787,8,0,2,0.102511504,1,4,1,0,6.141
1,-0.4453870764657774,1,2,0,0.024363026,0,8,2,0,0.0
1,0.16838706667526196,2,0,1,0.057746382,0,10,1,1,16.874
1,1.5368523474180031,6,0,1,0.077999504,0,10,1,1,21.45
1,-0.23294192415238826,6,0,1,0.038729457,0,7,0,1,49.25
1,0.3599634440357318,2,0,1,0.012080016,1,3,1,1,13.76
1,1.7981917027700272,9,1,2,0.186357148,1,9,2,0,0.0
1,-0.3192406721840197,8,0,2,0.07554831,0,0,1,0,16.799999999999997
1,1.835471533968484,8,0,2,0.041824524,1,9,2,0,0.0
1,0.21202090581601918,9,1,2,0.020609218,0,14,0,0,4.4803500000000005
0,1.2361290153083708,0,0,0,0.080387424,0,1,1,0,33.375
1,-0.3271520036632599,2,0,1,0.073794811,0,8,2,1,0.0
1,0.631989812242898,8,0,2,0.022604051,1,6,1,0,8.352500000000001
3,0.6420468605461357,5,1,0,0.0638449095,0,10,1,0,7.586149999999999
1,0.8730487859290602,7,0,1,0.014047825,1,13,1,1,44.175000000000004
1,-0.589585003059706,8,0,2,0.087260103,1,5,1,0,3.3825
1,0.5324362263044553,7,0,1,0.082921642,1,9,2,1,0.0
2,-1.7334855088915155,3,1,0,0.02429329,1,4,1,1,5.796
1,-1.0148558446493092,2,0,1,0.100799828,1,6,1,1,10.465000000000002
2,-0.2888616709500737,3,1,0,0.04679836,1,6,1,1,11.602500000000001
0,-0.36977534128928785,4,0,2,0.082741482,1,13,1,0,83.60000000000001
1,-0.3542916440287861,9,1,2,0.121709653,1,5,1,0,10.35
1,1.70448687401652,6,0,1,0.01601936,1,4,1,1,4.2780000000000005
2,0.010768017115136273,3,1,0,0.100265027,1,6,1,1,9.815
0,-0.8642207675833877,0,0,0,0.018623146,1,13,1,0,48.925000000000004
1,1.7705052403822903,6,0,1,0.152099033,1,6,1,1,8.352500000000001
1,-1.5183893889967643,9,1,2,0.134919202,1,13,1,0,36.2425
1,0.254014278890143,6,0,1,0.072655379,1,9,2,1,0.0
1,-1.4353715730983994,9,1,2,0.020579897,1,6,1,0,10.627500000000001
1,0.023053924772064933,7,0,1,0.015193323,1,9,2,1,0.0
1,-0.39901912721396515,2,0,1,0.077290355,1,9,2,1,0.0
1,-0.34957810215311924,1,2,0,0.046336634,0,1,1,0,37.5
1,-0.6481141461739072,1,2,0,0.134960397,1,9,2,0,0.0
1,-0.5347589003064427,6,0,1,0.021531416,0,12,1,1,16.2588
0,1.417101522343392,4,0,2,0.064577332,0,10,1,0,14.864849999999999
1,-0.32079799572096,8,0,2,0.005552224,1,5,1,0,3.965
1,-0.46979260672024836,8,0,2,0.017038777,0,8,2,0,0.0
3,-1.5726686697278167,5,1,0,0.028456456,1,6,1,0,4.777499999999999
3,-1.5375345553533573,5,1,0,0.04202378,1,13,1,0,48.42625
1,-1.6301457400624422,2,0,1,0.04903471,1,6,1,1,13.455
1,-0.43255434678663796,8,0,2,0.172596885,1,6,1,0,10.14
1,0.5212855339567956,9,1,2,0.014883661,0,15,1,0,10.35
1,0.15185129663518468,9,1,2,0.051928034,1,9,2,0,0.0
0,0.4137790452742662,4,0,2,0.067824456,1,9,2,0,0.0
1,-0.9477854055039638,1,2,0,0.040897932,1,6,1,0,11.505
1,0.6037565278329495,2,0,1,0.066269294,1,13,1,1,72.4375
1,-0.7477093033771961,1,2,0,0.024928351,1,6,1,0,10.465000000000002
3,-0.2936167840905873,5,1,0,0.008722342,1,6,1,0,5.9865
0,0.7448398073529979,0,0,0,0.04855968,1,13,1,0,31.3975
3,-1.4135754391604438,5,1,0,0.092564193,1,9,2,0,0.0
1,0.8512526519911048,1,2,0,0.099879337,1,13,1,0,34.36625
1,-0.7061796097955905,1,2,0,0.046520703,0,8,2,0,0.0
1,1.9983509474264876,2,0,1,0.125210375,1,3,1,1,5.172000000000001
0,0.691612599401521,0,0,0,0.15385153,0,11,2,0,0.0
2,1.4521940654530048,3,1,0,0.056547986,0,2,1,1,48.475
1,0.5292384367008822,8,0,2,0.044984874,0,14,0,0,6.63
0,-0.8338833376142881,4,0,2,0.072295507,1,9,2,0,0.0
1,-0.27552369051356973,2,0,1,0.035348491,1,9,2,1,0.0
1,-1.7654218336624017,1,2,0,0.041851461,0,14,0,0,4.845
1,-0.6912427345572997,2,0,1,0.016747538,1,5,1,1,8.1
1,-1.664227781657326,7,0,1,0.161817014,1,6,1,1,11.83
2,0.7065079033749653,3,1,0,0.135646297,0,15,1,1,15.93
1,-0.7466572305976206,7,0,1,0.129077455,0,15,1,1,12.15
1,-0.466677959646368,9,1,2,0.030616757,1,6,1,0,6.695
1,-0.25907106300318544,9,1,2,0.071354774,0,15,1,0,11.25
1,0.012366911916922808,1,2,0,0.106968096,1,6,1,0,3.549
1,0.26310239694349813,1,2,0,0.089703476,0,8,2,0,0.0
0,1.382977909483662,0,0,0,0.061155983,1,9,2,0,0.0
2,-0.1813551822675446,3,1,0,0.09031453,1,13,1,1,31.6825
1,1.1594236360874592,1,2,0,0.070510189,1,9,2,0,0.0
1,1.4441995914440715,6,0,1,0.101812521,1,3,1,1,3.692
3,-0.96701371439025,5,1,0,0.014560297,0,0,1,0,11.165
1,-0.6657019889935603,9,1,2,0.183688161,1,6,1,0,5.84025
0,0.890636628748713,0,0,0,0.02346559,1,13,1,0,44.175000000000004
1,1.1483145150046459,9,1,2,0.093909644,1,13,1,0,49.875
2,1.1189875865502754,3,1,0,0.145460707,1,6,1,1,5.265
1,1.551706080126601,9,1,2,0.156286566,1,6,1,0,8.2225
1,1.1850059529160455,9,1,2,0.030140981,1,6,1,0,9.1
1,-0.38462907399788565,8,0,2,0.056077574,1,9,2,0,0.0
1,1.3436355039909003,6,0,1,0.057049301,1,4,1,1,7.36
1,-1.3438124611688897,1,2,0,0.096333029,1,9,2,0,0.0
1,1.1616109241763035,8,0,2,0.094659871,0,10,1,0,8.80165
3,0.8821369039824153,5,1,0,0.01724183,0,14,0,0,4.2993
1,-0.43474163487548195,6,0,1,0.024159767,1,3,1,1,8.08
0,-0.391571475227243,0,0,0,0.02414202,0,10,1,0,10.381799999999998
1,-0.41606014801140717,6,0,1,0.058121214,1,13,1,1,34.36625
1,0.49570321712820914,9,1,2,0.14526636,1,6,1,0,4.9335
2,1.7774060703468009,3,1,0,0.061226969,1,9,2,1,0.0
0,-1.7100073376220806,0,0,0,0.0708009757993644,1,5,1,0,8.05
1,-0.8578251883762411,8,0,2,0.020598200333333334,1,4,1,0,5.29
2,-1.030339541909811,3,1,0,0.051827123,0,0,1,1,12.873
1,1.0466152122422057,9,1,2,0.014649641,1,3,1,0,10.68
1,0.000669397547052074,1,2,0,0.102893121,0,0,1,0,12.838
3,-0.2611752085623365,5,1,0,0.093202196,1,13,1,0,56.050000000000004
1,1.7875046899148854,7,0,1,0.041931874,1,3,1,1,11.32
2,-0.7737552996983004,3,1,0,0.035207155,1,4,0,1,7.9350000000000005
1,0.039589694812142195,2,0,1,0.05674821,0,14,0,1,6.7065
1,0.30782988012867735,6,0,1,0.021002641,1,13,1,1,44.10375
1,-0.6492493614831757,7,0,1,0.022323658,0,1,1,1,24.0
1,0.20722422141065913,2,0,1,0.060768862,1,5,1,1,7.0
1,-1.2309624660587897,2,0,1,0.162418495,1,6,1,1,13.715000000000002
2,0.19447463426121242,3,1,0,0.0868256622,0,7,0,1,22.200000000000003
1,0.4781569455734028,1,2,0,0.095298849,0,14,0,0,7.2165
3,1.3223446208103093,5,1,0,0.040636926,0,7,0,0,23.75
1,-1.6637225308999615,9,1,2,0.07867708,1,3,1,0,12.68
0,-0.0003411039676769909,0,0,0,0.0708009757993644,1,5,1,0,5.0975
3,-0.3884152568885164,5,1,0,0.021170542,0,0,1,0,18.62
1,-1.383743259948709,1,2,0,0.075495088,0,7,0,0,14.950000000000001
1,0.2790497736965179,6,0,1,0.108689606,1,13,1,1,98.5625
1,-1.5253317902261219,9,1,2,0.120731024,1,6,1,0,4.134
1,0.46271481957774757,8,0,2,0.103442268,1,9,2,0,0.0
1,0.15294494067960668,2,0,1,0.028760013,1,9,2,1,0.0
1,-0.43575213639021126,7,0,1,0.032976399,1,13,1,1,40.99250000000001
1,1.2541805376205417,7,0,1,0.0268952,0,0,1,1,21.0
1,0.36850474006687595,7,0,1,0.011563024,1,4,0,1,5.566
2,-0.8631686948038122,3,1,0,0.074035423,1,3,1,1,10.0
1,1.8593718134655903,2,0,1,0.067107448,1,5,1,1,5.65
0,-0.8317376207902907,0,0,0,0.0901292,1,6,1,0,3.76025
3,1.5783820409996088,5,1,0,0.0289951375,1,13,1,0,51.300000000000004
2,-0.4596939871521642,3,1,0,0.07626905,0,0,1,1,24.849999999999998
1,1.5756479308885538,6,0,1,0.057047756,1,6,1,1,7.15
1,-0.3245010360818976,7,0,1,0.026238087,1,9,2,1,0.0
1,1.2238846789162887,9,1,2,0.02502991,1,6,1,0,6.825
1,0.6506297278421262,1,2,0,0.02593166,1,9,2,0,0.0
0,0.34826592966586106,0,0,0,0.175545889,1,13,1,0,83.60000000000001
3,-1.2570916049095866,5,1,0,0.110681931,0,1,1,0,23.25
1,-0.8184412116186329,1,2,0,0.141674844,0,15,1,0,18.45
0,-0.37932713883516106,4,0,2,0.06780958,1,6,1,0,5.320250000000001
3,-0.13873184464151686,5,1,0,0.012203915,1,13,1,0,71.9625
2,0.38769147768831574,3,1,0,0.048885018,0,11,2,1,0.0
0,0.3354747712515679,0,0,0,0.0708009757993644,1,9,2,0,0.0
1,0.3046320905251038,7,0,1,0.108930629,1,13,1,1,98.5625
1,-1.4965932550588088,8,0,2,0.016596645,1,6,1,0,11.505
1,0.6239537669691183,6,0,1,0.10203648,1,3,1,1,13.36
1,-0.7785519841036602,7,0,1,0.102932246,1,3,1,1,16.2
1,-0.9621754587200436,9,1,2,0.151308326,0,10,1,0,29.1005
1,-0.4985727131524076,7,0,1,0.031346387,1,6,1,1,6.175
0,1.47243287585402,0,0,0,0.129170642,0,14,0,0,9.945
1,0.6319482409780515,7,0,1,0.087986599,1,4,1,1,8.142
1,0.14760143425203562,6,0,1,0.009866049,0,10,1,1,8.951799999999999
1,-0.24198847094089715,1,2,0,0.037668051,1,4,1,0,2.2103
1,0.4057430000004866,7,0,1,0.12829573,1,13,1,1,93.10000000000001
1,1.81577954558968,8,0,2,0.186067862,1,9,2,0,0.0
2,-1.2789293101123886,3,1,0,0.056833394,1,13,1,1,26.5525
1,1.5655908825853162,2,0,1,0.144832027,1,4,1,1,5.336
0,0.5276395418990952,0,0,0,0.052141447,1,9,2,0,0.0
0,-1.46781314862665,0,0,0,0.027779381,1,6,1,0,11.505
1,-0.23243667339502375,8,0,2,0.060317707750000005,1,5,1,0,10.0
1,-0.3260999308836844,1,2,0,0.016597651,1,5,1,0,9.675
0,0.428632777982864,4,0,2,0.080127283,1,13,1,0,74.1
1,-0.6763890018487019,6,0,1,0.03201648,1,9,2,1,0.0
3,0.4834588807361274,5,1,0,0.058446424,0,0,1,0,16.31
2,-1.527435935785273,3,1,0,0.028238317,1,6,1,1,13.0
1,1.9259370018535713,8,0,2,0.063863551,0,1,1,0,36.25
3,0.5809083211154186,5,1,0,0.12929931,1,9,2,0,0.0
2,1.2243899296736538,3,1,0,0.021293909,1,3,1,1,12.16
0,0.8848294428286243,0,0,0,0.148673586,1,5,1,0,9.125
1,0.5148483834848024,2,0,1,0.045239326,0,14,0,1,6.63
1,1.8338310679018508,8,0,2,0.067700925,0,1,1,0,14.2375
1,0.08212988990847699,2,0,1,0.025309134,1,3,1,1,13.76
1,0.6357344238686821,1,2,0,0.032421521,0,0,1,0,29.19
1,-0.8589604036855095,1,2,0,0.062799379,0,0,1,0,24.29
2,-0.6630094501473515,3,1,0,0.046749112,0,8,2,1,0.0
1,-1.3183132868699967,8,0,2,0.018930352,1,6,1,0,10.205
1,0.7043206152861212,6,0,1,0.04792722,1,6,1,1,13.39
0,-0.8770534972625271,0,0,0,0.191603334,0,0,1,0,7.594999999999999
1,-1.5029888342659554,1,2,0,0.035079516,1,9,2,0,0.0
1,-0.46827685444815476,6,0,1,0.024201084,1,5,1,1,4.195
0,0.49460957308378717,0,0,0,0.0708009757993644,0,7,0,0,11.525
1,0.1720901070362,9,1,2,0.046707264,0,10,1,0,25.5255
1,0.746943952912149,6,0,1,0.069903773,0,0,1,1,23.38
2,-0.5177178795090007,3,1,0,0.037723476,1,13,1,1,54.625
1,-1.3374168819617431,7,0,1,0.010961483,1,13,1,1,31.4925
1,1.4526993162103692,1,2,0,0.060649213,0,0,1,0,28.49
1,-0.7785104128388137,2,0,1,0.093913607,1,6,1,1,4.76125
1,-0.9296923119269463,1,2,0,0.019183756,1,5,1,0,10.25
1,1.8258781651577647,9,1,2,0.160951491,1,3,1,0,15.76
3,-0.9318796000157905,5,1,0,0.052473797,1,3,1,0,7.18
1,-0.7594068177470671,7,0,1,0.136774734,1,3,1,1,12.68
1,0.5777105315118455,1,2,0,0.081719458,0,1,1,0,39.625
1,0.15294494067960668,7,0,1,0.173821519,0,10,1,1,12.92005
1,0.8784338636214777,8,0,2,0.022058724,0,10,1,0,13.584999999999999
3,-0.174412781038187,5,1,0,0.059438787,1,6,1,0,4.6605
0,-0.5544508886852468,0,0,0,0.044991876,1,5,1,0,5.4475
1,-1.447615909490481,7,0,1,0.099333217,1,13,1,1,69.5875
3,-1.5301284746314816,5,1,0,0.063831013,0,7,0,0,37.5
3,-0.8030406568878241,5,1,0,0.041273391,1,5,1,0,8.675
1,0.15664798104054475,2,0,1,0.025429614,0,8,2,1,0.0
1,-0.988263026305994,1,2,0,0.050028809,1,3,1,0,8.24
1,1.820493087465347,9,1,2,0.064464147,1,13,1,0,95.95
1,-0.7860412073552288,8,0,2,0.11411709,1,4,1,0,9.522
1,0.5781742110043636,9,1,2,0.078034976,0,0,1,0,27.58
1,0.801728484400566,6,0,1,0.089243789,0,2,1,1,72.625
2,1.4804273498629532,3,1,0,0.014885998,1,6,1,1,13.227500000000001
1,0.9380566507801008,1,2,0,0.053576661,1,3,1,0,4.324000000000001
1,-1.533326264235055,8,0,2,0.0533348165,0,15,1,0,15.840000000000002
1,-1.3667438104161136,8,0,2,0.026681262,1,3,1,0,9.88
1,-1.6429368984767354,2,0,1,0.09279653375,0,8,2,1,0.0
1,-0.8903499064341847,6,0,1,0.026604781,1,13,1,1,72.4375
2,0.6064490666791581,3,1,0,0.035028853,1,3,1,1,4.752000000000001
0,0.017751989609340338,0,0,0,0.068535039,0,14,0,0,5.9159999999999995
1,1.2797628544491282,6,0,1,0.033935576,1,5,1,1,3.3475
0,1.3111523571978032,4,0,2,0.097275777,0,1,1,0,17.625
0,-1.2895747517026837,0,0,0,0.064141866,0,0,1,0,10.107999999999999
1,-0.8312739412977725,8,0,2,0.015271793,1,3,1,0,5.924
1,-0.3953160868530273,8,0,2,0.038729057,1,6,1,0,5.320250000000001
1,0.5244833235603686,8,0,2,0.044250304,0,7,0,0,45.625
0,0.02036138592585594,4,0,2,0.052040539,1,4,1,0,6.44
1,0.3194858232337016,6,0,1,0.041764487,0,0,1,1,7.363999999999999
2,0.32802711926484573,3,1,0,0.019554705,0,11,2,1,0.0
3,-1.242154729671296,5,1,0,0.1311542565,0,8,2,0,0.0
1,-1.2320145388383652,8,0,2,0.065932087,1,9,2,0,0.0
1,1.1013997437306227,6,0,1,0.09911729,1,9,2,1,0.0
1,-0.27611208380062724,6,0,1,0.174085625,0,0,1,1,12.739999999999998
0,0.5702628795251233,0,0,0,0.0708009757993644,1,9,2,0,0.0
1,0.2806902397631509,6,0,1,0.089761211,0,8,2,1,0.0
1,-0.672139139465553,9,1,2,0.008204465,1,3,1,0,13.4
1,1.439402907038712,7,0,1,0.102038294,1,3,1,1,3.692
0,-0.4623865259983727,0,0,0,0.112402118,1,9,2,0,0.0
1,0.3637080556615163,1,2,0,0.050043472,1,6,1,0,7.7025
1,-1.6509313724856685,8,0,2,0.079431643,0,8,2,0,0.0
1,-1.3486507168390962,8,0,2,0.058116758,1,13,1,0,58.425000000000004
1,-1.4497616263144788,8,0,2,0.020547951,1,6,1,0,10.627500000000001
2,0.6904773840922526,3,1,0,0.006087409,1,5,1,1,6.55
2,0.7927235088769038,3,1,0,0.081372267,0,10,1,1,21.164
0,0.07623956145869491,0,0,0,0.034427577,1,13,1,0,57.475
1,0.891730272793135,7,0,1,0.1175683,1,3,1,1,3.9240000000000004
1,-0.3905609737125139,6,0,1,0.036127671,1,4,1,1,3.6294
1,1.9312389370162955,1,2,0,0.021842517,1,5,1,0,3.5175
1,-1.5828088605607473,9,1,2,0.006775667,1,9,2,0,0.0
0,-0.4964269963284101,0,0,0,0.073468631,0,1,1,0,37.0
1,-1.6620820648333283,1,2,0,0.070189131,0,7,0,0,20.025
1,0.30568416330467935,8,0,2,0.076855628,1,13,1,0,88.35000000000001
2,0.11297257063494104,3,1,0,0.17417636,0,10,1,1,12.92005
1,-1.2942882935783508,1,2,0,0.061992874,1,13,1,0,79.325
1,-1.050578352310826,6,0,1,0.065051586,1,4,1,1,7.36
1,-0.7748489437427224,1,2,0,0.080434451,0,8,2,0,0.0
1,0.02519964159606247,9,1,2,0.056516756,0,14,0,0,6.7065
1,0.05553707156516199,7,0,1,0.089186275,1,3,1,1,7.440000000000001
0,0.4461790495376703,0,0,0,0.045655118,1,9,2,0,0.0
1,0.17478264588240855,2,0,1,0.079776075,0,0,1,1,8.588999999999999
1,-0.46234495473352627,9,1,2,0.100230114,1,5,1,0,9.6
2,-0.6874981229315154,3,1,0,0.094246644,0,0,1,1,23.099999999999998
1,1.8604654575100124,8,0,2,0.065589906,1,5,1,0,2.8475
1,-0.9509831951075371,8,0,2,0.183507295,0,14,0,0,7.2165
1,-0.3602235437434144,1,2,0,0.019407069,1,13,1,0,100.9375
1,0.6213443706526023,9,1,2,0.047791878,1,9,2,0,0.0
2,1.5394617437345188,3,1,0,0.01889024,0,8,2,1,0.0
1,-1.6051518165209138,9,1,2,0.035999599,0,14,0,0,7.2165
1,0.38769147768831574,6,0,1,0.048677482,0,11,2,1,0.0
3,-0.8871521168306116,5,1,0,0.019672774,1,3,1,0,6.48
1,-0.9765655119361231,2,0,1,0.041163522,1,6,1,1,11.505
1,1.783843220818794,6,0,1,0.113497001,1,9,2,1,0.0
1,1.6885394972635004,2,0,1,0.056754036,0,0,1,1,15.82
0,0.05334978347631798,4,0,2,0.109003832,1,5,1,0,9.25
1,0.5628152275384013,7,0,1,0.031214809,1,9,2,1,0.0
1,-0.9158490807330778,7,0,1,0.105459307,1,9,2,1,0.0
2,0.9290101039915921,3,1,0,0.014076503,1,13,1,1,44.175000000000004
1,0.6106573577974607,6,0,1,0.02594835,1,9,2,1,0.0
1,0.2971844385383817,6,0,1,0.029567218,1,13,1,1,46.05125
2,-0.292606282575858,3,1,0,0.020798905,1,6,1,1,9.1975
0,-1.6828676972565546,0,0,0,0.117580062,0,7,0,0,20.025
1,0.2971844385383817,1,2,0,0.08226356,0,8,2,0,0.0
1,-0.9594829198738348,7,0,1,0.08075758,0,0,1,1,20.09
1,0.6000119162071654,9,1,2,0.063429818,1,4,1,0,7.406000000000001
1,-1.3161259987811524,9,1,2,0.107765165,0,14,0,0,8.0835
1,0.546279457498324,6,0,1,0.167351411,1,9,2,1,0.0
1,-1.6195418697369934,1,2,0,0.02633607,1,3,1,0,9.440000000000001
1,1.5038639498675415,2,0,1,0.075876602,0,7,0,1,22.237499999999997
0,0.7650370464891664,4,0,2,0.091924311,1,9,2,0,0.0
1,0.8842826208064133,1,2,0,0.12879686214285715,0,0,1,0,28.279999999999998
2,0.579309426313632,3,1,0,0.065515067,1,13,1,1,42.75
2,1.0806972538370894,3,1,0,0.01040777,1,9,2,1,0.0
1,-0.6641030941917735,6,0,1,0.063017421,1,3,1,1,12.96
1,1.7753019247876498,9,1,2,0.140821917,0,7,0,0,39.375
1,-0.5475084874558892,1,2,0,0.127983545,1,13,1,0,90.25
1,1.3132565027569543,9,1,2,0.14526636,0,8,2,0,0.0
1,1.9312805082811424,8,0,2,0.080640478,1,5,1,0,6.825
3,-0.9078961779889911,5,1,0,0.035022503,0,8,2,0,0.0
2,-0.3883736856236699,3,1,0,0.024262772,1,3,1,1,8.08
1,1.385628877065024,1,2,0,0.087920675,1,4,0,0,6.486
1,0.3695983841112979,7,0,1,0.042562588,1,5,1,1,8.85
1,-0.43739260245684425,6,0,1,0.024378706,0,8,2,1,0.0
0,1.4713808030744444,0,0,0,0.094265737,0,2,1,0,48.475
2,0.5851166122337211,3,1,0,0.040521714,1,6,1,1,7.865
1,0.8167069309037032,6,0,1,0.043777415,0,7,0,1,23.25
1,0.6165476862472427,1,2,0,0.018008071,1,5,1,0,9.875
1,-0.5406492287562246,7,0,1,0.041823046,1,5,1,1,9.85
3,0.22477049296546545,5,1,0,0.170000805,1,4,1,0,8.395
0,-1.3895920171336444,4,0,2,0.178192864,1,4,1,0,8.855
1,-0.6497546122405404,1,2,0,0.008184912,1,3,1,0,13.4
1,-0.26807603852684764,6,0,1,0.046599684,1,6,1,1,11.602500000000001
1,-1.001054184720287,2,0,1,0.02914662,1,6,1,1,4.394
1,0.5595758666699817,2,0,1,0.116331694,1,13,1,1,39.472500000000004
1,-1.3315681247768079,9,1,2,0.115064263,1,5,1,0,4.5975
1,0.8544504415946783,1,2,0,0.054884821,0,0,1,0,22.049999999999997
3,-0.6992372085662328,5,1,0,0.0268653165,1,9,2,0,0.0
3,0.07152601958302825,5,1,0,0.028868467,1,9,2,0,0.0
1,-1.7121530544460786,9,1,2,0.073524776,0,12,1,0,36.21
1,0.7575478232375982,7,0,1,0.081206491,0,10,1,1,21.164
0,-1.0074497639274336,4,0,2,0.050191252,1,3,1,0,8.24
3,-0.5698930146809018,5,1,0,0.056656942,0,0,1,0,15.61
1,-0.7434594409940473,6,0,1,0.128791854,0,15,1,1,12.15
0,1.9226976409851515,0,0,0,0.126791761,0,0,1,0,21.7
1,-1.57586645933139,9,1,2,0.044291251,1,5,1,0,8.1
1,0.016658345564918336,6,0,1,0.051936086,1,9,2,1,0.0
1,1.382514229991144,2,0,1,0.04280099,1,6,1,1,4.78725
1,0.2673522593266472,9,1,2,0.014602837,1,6,1,0,11.5375
0,0.3695983841112979,0,0,0,0.0708009757993644,1,6,1,0,4.943250000000001
2,-0.9063388544520509,3,1,0,0.02671821,1,13,1,1,72.4375
3,1.2887678299727903,5,1,0,0.055289464,0,1,1,0,17.625
1,-1.4151743339622305,2,0,1,0.113908117,0,0,1,1,19.74
0,1.105144355356407,0,0,0,0.02107043225,0,8,2,0,0.0
1,-0.5379566899100158,7,0,1,0.084008316,0,7,0,1,15.962499999999999
0,0.018762491124069403,0,0,0,0.14897741,1,3,1,0,7.440000000000001
1,-0.23298349541723473,2,0,1,0.027139013,1,9,2,1,0.0
1,-0.2515818397516168,1,2,0,0.064367627,0,8,2,0,0.0
1,1.893412283795628,8,0,2,0.06961884,0,15,1,0,11.520000000000001
0,0.35142214800458765,0,0,0,0.054463442,0,10,1,0,23.3805
0,1.5868817657659064,4,0,2,0.04461205,1,4,1,0,2.5024
1,0.7948692257009013,6,0,1,0.039836895,1,6,1,1,5.437250000000001
1,-0.1967557369983534,9,1,2,0.055213208,1,6,1,0,4.888
1,1.1418773645326528,6,0,1,0.0343178902,1,9,2,1,0.0
3,0.6159592929601853,5,1,0,0.087383304,1,4,1,0,8.142
1,-0.60771966790157,7,0,1,0.038210084,1,6,1,1,5.06025
1,1.0694634189597365,8,0,2,0.022974812,1,13,1,0,32.22875
1,0.4935990715690581,7,0,1,0.140524691,0,12,1,1,10.944600000000001
1,-0.4757245064348769,9,1,2,0.035561344,1,13,1,0,74.1
2,-0.9105887168351999,3,1,0,0.020653603,1,4,1,1,5.29
1,0.6053138513698896,1,2,0,0.106663245,0,0,1,0,22.4
1,1.4782400617741092,9,1,2,0.067312613,1,13,1,0,47.5
3,0.5649193730975524,5,1,0,0.036731658,0,10,1,0,9.5667
3,0.22906192661346098,5,1,0,0.057809959,0,10,1,0,25.168
1,-0.19839620306498637,7,0,1,0.059849153,1,6,1,1,4.6605
2,1.0348761266074884,3,1,0,0.159843921,1,4,1,1,3.4063000000000003
1,0.7666359412909534,7,0,1,0.043898127499999995,0,14,0,1,2.55
1,-1.0473805627072528,9,1,2,0.153857402,1,3,1,0,10.4
1,-1.028699075843178,1,2,0,0.027041859,0,10,1,0,14.443
2,-0.23668653577817256,3,1,0,0.045855273,1,6,1,1,12.902500000000002
3,1.5709343890128868,5,1,0,0.038340116,1,13,1,0,63.4125
0,-0.017970518052176258,0,0,0,0.175991929,1,5,1,0,7.0
1,0.09281690276361865,1,2,0,0.032427039,1,5,1,0,5.4475
1,1.7768592483245897,6,0,1,0.026166878,1,13,1,1,83.125
1,0.9018704636260662,8,0,2,0.024404558,1,6,1,0,9.1975
1,-0.6508482562849625,6,0,1,0.018021361,0,10,1,1,28.171
2,-1.448162731512692,3,1,0,0.098283459,1,3,1,1,6.800000000000001
0,-1.4981921498605957,4,0,2,0.021214364,0,8,2,0,0.0
1,0.4025452103969135,2,0,1,0.065890998,0,10,1,1,27.6705
1,-1.4848541694240918,2,0,1,0.026115595,1,9,2,1,0.0
0,0.13539866912480036,4,0,2,0.142107998,1,6,1,0,4.563
0,-1.6680139645479568,0,0,0,0.10714016000000001,1,5,1,0,8.625
1,-0.5496957755447333,7,0,1,0.037646623,1,13,1,1,54.625
1,0.5090411975647133,7,0,1,0.04220037033333333,0,14,0,1,4.0647
1,-0.177652141906607,7,0,1,0.021020616,0,8,2,1,0.0
1,0.3009290501641662,6,0,1,0.014577412,1,6,1,1,11.5375
1,-0.3452866685051239,6,0,1,0.021453493,1,6,1,1,12.5775
1,1.2515295700391798,2,0,1,0.088215871,1,13,1,1,74.1
0,-0.8041343009322464,0,0,0,0.05869048,1,4,0,0,7.9350000000000005
1,-1.7180018116310136,2,0,1,0.040049609,1,5,1,1,6.825
0,-1.6972577504726343,0,0,0,0.126765903,0,8,2,0,0.0
1,0.13110723547680483,6,0,1,0.061775607,1,4,1,1,4.2642
1,-1.0403965902130488,8,0,2,0.03761642,0,0,1,0,10.423
1,0.17957933028776815,1,2,0,0.01575657,1,13,1,0,88.35000000000001
1,-1.2900800024600483,8,0,2,0.032180494,0,10,1,0,19.0905
0,-0.8302218685181968,4,0,2,0.113720344,0,0,1,0,18.689999999999998
1,0.43927821957315916,1,2,0,0.08850021957142858,1,9,2,0,0.0
1,0.8384614935768121,9,1,2,0.055015935,0,0,1,0,22.049999999999997
0,-0.5491489535225222,0,0,0,0.036045991,0,12,1,0,16.2588
1,1.953076642219098,6,0,1,0.074135053,1,13,1,1,27.455000000000002
1,-1.0776764214115058,6,0,1,0.014689006,1,5,1,1,8.675
1,1.8461169755587798,1,2,0,0.089197963,1,13,1,0,88.825
1,-0.5976210483334855,9,1,2,0.148612263,1,6,1,0,7.865
1,-1.229363571257003,6,0,1,0.056592115,1,13,1,1,26.5525
3,0.8049262740041395,5,1,0,0.088828418,0,2,1,0,72.625
1,0.342375601216079,7,0,1,0.062655235,0,0,1,1,27.09
1,0.09866565994855424,8,0,2,0.065183228,1,4,1,0,7.406000000000001
1,-1.0457816679054663,2,0,1,0.07325106,1,3,1,1,13.8
3,-0.9382336079580907,5,1,0,0.049623924,1,4,0,0,3.2292
1,-0.23668653577817256,7,0,1,0.026355345,0,0,1,1,26.179999999999996
2,0.4754644067271943,3,1,0,0.033314389,1,13,1,1,61.0375
2,-0.02057991436869231,3,1,0,0.046043736,1,5,1,1,5.0
2,-0.24998294494983028,3,1,0,0.037852995,1,4,1,1,2.2103
1,-0.27926830213935405,1,2,0,0.042256257,0,7,0,0,23.25
1,1.7790465364134342,9,1,2,0.030672457,1,13,1,0,74.575
3,0.38819672844568026,5,1,0,0.032381325,0,10,1,0,23.3805
3,-1.4694120434284363,5,1,0,0.037315469,0,0,1,0,9.52
2,-0.2718622214174784,3,1,0,0.071534226,0,15,1,1,11.25
2,0.5867155070355077,3,1,0,0.082888496,1,3,1,1,15.600000000000001
1,1.6880342465061358,7,0,1,0.058220302,1,4,0,1,6.348000000000001
1,1.4772295602593801,1,2,0,0.010593469,1,9,2,0,0.0
1,0.18004300978028667,2,0,1,0.020693619,0,14,0,1,4.4803500000000005
1,1.8636216758487394,7,0,1,0.051571772,1,13,1,1,45.6
3,1.83652360674806,5,1,0,0.030288215,1,4,1,0,8.165000000000001
0,-0.02592342079626292,0,0,0,0.049634572,1,6,1,0,11.5375
1,-1.5189777822838217,6,0,1,0.016593506,1,6,1,1,11.505
1,-0.62042768378617,7,0,1,0.04720297775,0,11,2,1,0.0
2,-1.5258370409834865,3,1,0,0.058632705,1,13,1,1,71.25
1,1.5975272073562021,2,0,1,0.183686937,0,11,2,1,0.0
1,0.6932114942033075,2,0,1,0.092437711,0,11,2,1,0.0
3,-1.3113293143757927,5,1,0,0.0439790405,0,15,1,0,6.354
1,0.8789391143788423,6,0,1,0.017322454,0,14,0,1,4.2993
1,0.08002574434932591,6,0,1,0.089135671,0,8,2,1,0.0
1,-1.0899207578035879,8,0,2,0.009410528,0,0,1,0,17.22
2,-1.2501076324153826,3,1,0,0.13852789233333332,1,6,1,1,9.815
1,-0.6396144214076095,1,2,0,0.055941597,0,0,1,0,24.29
1,0.3897956232474668,6,0,1,0.042743728,0,8,2,1,0.0
1,0.05974536268346412,7,0,1,0.157246634,1,13,1,1,73.625
3,-0.3112461981750866,5,1,0,0.042086652,0,7,0,0,23.25
3,-1.6286299877903487,5,1,0,0.056019324,1,5,1,0,8.8
1,0.6239953382339648,6,0,1,0.063319379,1,4,1,1,7.406000000000001
0,-0.5565966055092444,0,0,0,0.116261335,0,14,0,0,6.273000000000001
1,-0.42350779999812926,2,0,1,0.049345425,1,13,1,1,83.60000000000001
1,-0.3968734103899676,7,0,1,0.03447406,0,7,0,1,20.65
1,-0.2169945473993687,9,1,2,0.050130529,0,8,2,0,0.0
1,1.249930675237393,6,0,1,0.081119484,0,10,1,1,17.875
1,-0.26651871498990753,9,1,2,0.126440335,1,9,2,0,0.0
1,1.3436355039909003,1,2,0,0.023511371,0,10,1,0,18.304
3,1.3095534623960163,5,1,0,0.056713056,1,6,1,0,11.18
0,0.317970070961608,0,0,0,0.137807013,0,8,2,0,0.0
3,0.48615141958233593,5,1,0,0.079419801,1,9,2,0,0.0
2,-1.6051518165209138,3,1,0,0.048339408,0,0,1,1,15.12
1,0.031553649538362594,2,0,1,0.107662745,1,6,1,1,3.549
1,0.69106577737931,8,0,2,0.16143544,1,3,1,0,12.0
1,1.4016593963477368,1,2,0,0.08573655,1,6,1,0,4.407
1,-0.5007184299764054,8,0,2,0.022065676,1,4,1,0,7.682
1,0.7410951957272134,6,0,1,0.016202582,1,3,1,1,15.76
1,-0.2707685773730564,7,0,1,0.037764269,1,13,1,1,74.1
1,0.19552670704078795,2,0,1,0.023274107,0,11,2,1,0.0
1,1.4873697510923107,7,0,1,0.056432784,0,2,1,1,48.475
1,0.6958208905198237,8,0,2,0.032177405,1,3,1,0,4.368
1,-0.944082365143026,6,0,1,0.022449462750000003,1,5,1,1,10.25
1,0.8171706103962212,9,1,2,0.028566433,0,0,1,0,13.02
1,0.5095880195869243,6,0,1,0.140213762,0,12,1,1,10.944600000000001
1,0.200323391446148,8,0,2,0.01530184,1,13,1,0,34.74625
1,-0.2942051773776448,2,0,1,0.042552418,1,3,1,1,9.72
3,-1.5343783370146304,5,1,0,0.121674533,1,6,1,0,7.670000000000001
1,0.7735783425203109,9,1,2,0.014234595,1,13,1,0,45.6
1,0.3142254593358235,1,2,0,0.062837968,0,14,0,0,6.4515
3,0.4829536299787629,5,1,0,0.076790922,1,5,1,0,5.8
1,0.3956028091675559,9,1,2,0.157075658,0,2,1,0,40.6
0,-1.6237917321201423,4,0,2,0.037924764666666666,0,8,2,0,0.0
1,-1.4513605211162655,6,0,1,0.097866209,1,3,1,1,6.800000000000001
0,0.6351460305816246,0,0,0,0.110888167,0,2,1,0,57.75
0,0.8060199180485615,0,0,0,0.08425957,1,9,2,0,0.0
1,1.8226803755541912,9,1,2,0.04188955,1,9,2,0,0.0
1,-0.5278164990770852,7,0,1,0.148372897,0,8,2,1,0.0
1,-0.3181470281395977,2,0,1,0.04179272,1,6,1,1,8.19
2,-0.335146477672193,3,1,0,0.073678663,0,8,2,1,0.0
1,0.6091000342605206,1,2,0,0.040323731,1,6,1,0,7.865
1,0.1465493614724601,6,0,1,0.028592842,1,9,2,1,0.0
1,-1.3502496116408829,8,0,2,0.062044506,1,13,1,0,79.325
1,1.9285463981700874,8,0,2,0.059846975,0,8,2,0,0.0
1,0.8693873168329691,8,0,2,0.076160451,1,4,1,0,9.315000000000001
1,0.4483663376265143,9,1,2,0.025776994,1,6,1,0,10.5625
2,1.5714396397702513,3,1,0,0.129864461,0,12,1,1,42.33
1,0.6692280721765081,1,2,0,0.13725257,0,10,1,0,9.98855
1,-0.6417601382316073,1,2,0,0.0929994708,0,8,2,0,0.0
1,-1.2197702024462833,8,0,2,0.027714371,0,8,2,0,0.0
3,-0.6587595877642026,5,1,0,0.12542124799999999,1,5,1,0,3.1625
1,-0.5257539247827803,6,0,1,0.06911065,1,13,1,1,35.55375
1,1.114190902144916,7,0,1,0.18454121,1,3,1,1,10.920000000000002
0,-0.7413137241700498,0,0,0,0.019438042,1,5,1,0,8.85
0,0.6425936825683467,0,0,0,0.022959868,1,6,1,0,12.48
1,-0.4532984079450176,2,0,1,0.104400238,1,13,1,1,35.6725
2,-0.2159009033549467,3,1,0,0.034813556,1,9,2,1,0.0
1,-0.8493670348747899,2,0,1,0.052852621,1,5,1,1,5.25
2,-1.4470690874682701,3,1,0,0.091688111,0,0,1,1,14.552999999999999
2,1.1355233565903526,3,1,0,0.030634813,1,4,1,1,9.476
1,-1.0963579082755808,9,1,2,0.037690731,0,0,1,0,10.423
0,-0.941978219583875,4,0,2,0.018632082,1,3,1,0,8.88
1,-0.6428537822760293,6,0,1,0.022274264,0,1,1,1,24.0
2,-1.5971573425119807,3,1,0,0.14467955600000001,1,4,0,1,4.0917
2,-1.6754200452698325,3,1,0,0.14336872933333333,1,9,2,1,0.0
1,0.8039157724894099,6,0,1,0.052044976,0,8,2,1,0.0
1,1.4537929602547917,7,0,1,0.113833823,0,8,2,1,0.0
3,-0.45763141285785935,5,1,0,0.173529036,1,6,1,0,11.505
2,0.2215727033618924,3,1,0,0.009979271,1,13,1,1,70.5375
1,-0.6774410746282776,8,0,2,0.005963881,1,13,1,0,25.365
2,0.8544920128595248,3,1,0,0.049505857,1,13,1,1,99.75
2,0.7948276544360549,3,1,0,0.050545502,1,9,2,1,0.0
1,-0.6907374837999352,2,0,1,0.079332567,0,0,1,1,28.979999999999997
1,-1.5125406318118289,9,1,2,0.16871476,1,5,1,0,6.425
0,-1.7217464232567983,4,0,2,0.128532558,0,12,1,0,36.21
1,0.7826248893088196,6,0,1,0.119428052,0,10,1,1,11.661649999999998
3,-0.2723674721748429,5,1,0,0.170254469,1,13,1,0,54.625
3,-1.271986908883031,5,1,0,0.065612808,1,9,2,0,0.0
1,-0.9302391339491576,8,0,2,0.015108194,1,5,1,0,2.74
0,-0.7716095828743028,0,0,0,0.124261614,1,9,2,0,0.0
1,-0.6577490862494736,7,0,1,0.122123201,0,10,1,1,25.310999999999996
0,-1.3810507211025005,0,0,0,0.0708009757993644,1,4,1,0,2.4495
2,-1.3880346935967043,3,1,0,0.053439522,1,6,1,1,12.805
1,-0.7253247761521835,6,0,1,0.076045655,1,6,1,1,8.32
3,0.14225792782446503,5,1,0,0.130867413,0,0,1,0,16.31
1,-0.37776981529822096,2,0,1,0.047524635,1,13,1,1,83.60000000000001
1,0.36795791804466493,1,2,0,0.006692529,1,9,2,0,0.0
1,-1.5732570630148741,6,0,1,0.034363029,0,0,1,1,28.0
1,-0.23508764097638604,9,1,2,0.04453262,1,13,1,0,84.78750000000001
1,-0.7386627565886875,6,0,1,0.093846532,0,0,1,1,23.099999999999998
1,0.5090411975647133,2,0,1,0.008046275,1,4,1,1,8.096000000000002
2,-0.6683945278397687,3,1,0,0.122802943,1,6,1,1,5.97675
1,-0.21489040184021718,9,1,2,0.0708009757993644,1,6,1,0,7.4750000000000005
3,-0.7556622061212828,5,1,0,0.080111611,0,8,2,0,0.0
3,-0.335146477672193,5,1,0,0.067624438,1,4,1,0,8.671000000000001
1,0.7442514140659404,7,0,1,0.119692888,0,10,1,1,11.661649999999998
2,-0.7929004660548934,3,1,0,0.077508015,0,14,0,1,3.5496
3,-1.428470743133888,5,1,0,0.135118202,1,5,1,0,7.0
0,0.7501417425157225,0,0,0,0.10985775,1,6,1,0,12.35
1,0.5281863639213067,8,0,2,0.027069402,1,9,2,0,0.0
2,-1.5221340006225486,3,1,0,0.053397642,0,15,1,1,15.840000000000002
1,0.04325116390823333,9,1,2,0.03858813,1,13,1,0,79.325
1,1.6028707137837728,6,0,1,0.156802171,1,4,1,1,8.165000000000001
1,-1.031896865446751,7,0,1,0.030188505,1,3,1,1,9.68
2,-1.3214695052087233,3,1,0,0.044991294,1,9,2,1,0.0
1,0.4744123339476188,7,0,1,0.049347061750000004,1,4,0,1,7.9350000000000005
2,1.2696226636161971,3,1,0,0.030413777,1,13,1,1,46.05125
2,-0.48047961957539026,3,1,0,0.080015028,1,13,1,1,80.03750000000001
1,-0.6566970134698978,7,0,1,0.026355345,1,6,1,1,10.075000000000001
1,0.3860925828865292,9,1,2,0.039638705,1,13,1,0,93.10000000000001
1,-0.8871521168306116,7,0,1,0.126035694,1,6,1,1,9.165000000000001
1,0.49035971070063855,6,0,1,0.033082215,0,10,1,1,27.6705
1,-0.6215628990954385,1,2,0,0.139436695,1,4,1,0,3.5811
1,0.7192990617892585,9,1,2,0.11350542,0,14,0,0,6.018000000000001
0,-1.32786508441587,0,0,0,0.103849783,1,13,1,0,79.325
1,-0.18396457858406018,1,2,0,0.142986863,0,2,1,0,54.6
1,-0.5768354159102594,7,0,1,0.023934398,0,14,0,1,4.37325
1,0.6703217162209302,1,2,0,0.053822086,1,6,1,0,5.7525
0,0.7618392568855933,4,0,2,0.021184746,0,11,2,0,0.0
1,-0.7493081981789829,6,0,1,0.01161096,1,5,1,1,8.85
1,0.7730315204980994,2,0,1,0.012167988,0,11,2,1,0.0
1,-1.5530182526138592,9,1,2,0.058485617,1,13,1,0,71.25
1,-0.8536168972579388,1,2,0,0.042930789,1,6,1,0,6.045000000000001
0,-0.22284330458430407,4,0,2,0.068753558,1,9,2,0,0.0
1,1.7822443260170073,2,0,1,0.074083388,0,0,1,1,21.979999999999997
2,1.8034936379327517,3,1,0,0.041994899,1,9,2,1,0.0
1,-0.9510247663723836,9,1,2,0.014653896,0,0,1,0,11.165
1,0.892782345572711,2,0,1,0.007321067,0,10,1,1,16.159
2,0.8677884220311821,3,1,0,0.076470697,1,4,1,1,9.315000000000001
1,0.9204688079604479,7,0,1,0.04324563,1,6,1,1,7.3775
0,-0.4852763039807501,0,0,0,0.13575135,0,0,1,0,21.84
0,-0.3282872189725284,0,0,0,0.0708009757993644,0,8,2,0,0.0
0,-0.5124575156111227,0,0,0,0.133385398,1,13,1,0,80.03750000000001
1,-0.924390376764222,8,0,2,0.039961837,0,11,2,0,0.0
2,-0.3117514489324511,3,1,0,0.03107068,1,6,1,1,4.9075
1,-0.8940945180599689,1,2,0,0.053802405,1,6,1,0,3.76025
1,1.8135922575008359,1,2,0,0.042614361,1,3,1,0,15.080000000000002
1,1.7726093859414414,2,0,1,0.018514652,1,5,1,1,6.075
1,0.7400431229476379,7,0,1,0.05190652,0,14,0,1,2.9223000000000003
0,-0.6987319578088683,4,0,2,0.172309903,0,10,1,0,15.444000000000003
1,-0.4836358379141171,8,0,2,0.18329488,1,4,1,0,8.395
0,-1.3805870416099824,4,0,2,0.107110465,0,2,1,0,27.6325
2,-0.23454081895417503,3,1,0,0.174827835,0,0,1,1,12.739999999999998
1,0.5680755914362794,8,0,2,0.031898175,1,4,1,0,2.9348
3,-0.7391264360812055,5,1,0,0.120663214,1,3,1,0,6.968000000000001
3,-0.19094855107826425,5,1,0,0.017556795,0,8,2,0,0.0
1,1.446386879532916,8,0,2,0.085135953,1,13,1,0,50.5875
1,1.7428603492593993,1,2,0,0.021951613,1,6,1,0,8.19
0,0.6511349785994909,4,0,2,0.153741385,1,4,1,0,8.142
1,-0.7923536440326825,1,2,0,0.081684728,1,6,1,0,8.125
1,0.5803614990932076,8,0,2,0.125687917,1,6,1,0,10.075000000000001
1,-0.7008361033680196,9,1,2,0.132876847,1,4,0,0,5.4510000000000005
1,0.036855584701086734,6,0,1,0.007538459,1,4,1,1,8.05
1,-1.509384413473102,1,2,0,0.072238195,1,6,1,0,9.555
1,1.3430886819686894,8,0,2,0.062411404,1,6,1,0,10.627500000000001
1,1.3931181003165927,6,0,1,0.091745951,1,13,1,1,72.2
2,1.7129865987828177,3,1,0,0.010053105,1,13,1,1,37.54875
1,0.2678575100840117,1,2,0,0.020989132,1,13,1,0,44.10375
1,0.40199838837470253,6,0,1,0.012540003,1,9,2,1,0.0
0,-0.48317215842159883,4,0,2,0.138269873,0,14,0,0,3.12885
1,0.22207795411925693,6,0,1,0.043646901,1,6,1,1,8.84
1,-0.9451344379226015,6,0,1,0.02536567,0,0,1,1,21.7
2,0.04169384037129326,3,1,0,0.021005399,0,7,0,1,36.75
2,-1.2990849779837108,3,1,0,0.062297249,1,13,1,1,79.325
0,-1.6583790244723906,4,0,2,0.16184901925,0,0,1,0,10.997000000000002
1,0.7133671620746299,6,0,1,0.065621523,1,6,1,1,12.35
0,-1.5157799926802487,4,0,2,0.017295906,0,8,2,0,0.0
1,-0.2718622214174784,2,0,1,0.026450779,0,0,1,1,26.179999999999996
1,1.412851659960243,1,2,0,0.064011067,0,7,0,0,19.7625
1,0.2790913449613644,7,0,1,0.01548171,0,8,2,1,0.0
1,0.16889231743262648,9,1,2,0.049051717,1,6,1,0,10.5625
1,-0.27552369051356973,2,0,1,0.032625074,0,14,0,1,4.2126
1,-1.26028939451316,1,2,0,0.037864854,0,10,1,0,17.3745
1,1.9205934954260004,6,0,1,0.038749536,1,6,1,1,3.76025
1,-1.5428780617809281,1,2,0,0.034340926,0,0,1,0,28.0
1,1.3271413052156695,9,1,2,0.055644887,0,1,1,0,17.625
1,-0.22073915902515276,7,0,1,0.143396175,0,2,1,1,54.6
1,-1.6280415945032911,6,0,1,0.032762495,1,9,2,1,0.0
1,0.3222199333447566,6,0,1,0.13729346225,0,7,0,1,47.125
1,-1.7121946257109248,2,0,1,0.144094079,1,9,2,1,0.0
1,0.5100932703442889,2,0,1,0.110633958,1,6,1,1,4.615
1,-1.3214279339438768,9,1,2,0.096582609,1,9,2,0,0.0
1,1.7140802428272397,8,0,2,0.047782959,1,3,1,0,6.18
1,-1.0180536342528825,9,1,2,0.18614827,0,0,1,0,17.29
1,0.4882555651414875,9,1,2,0.177545624,1,9,2,0,0.0
3,-0.29946554127552266,5,1,0,0.008604657,1,9,2,0,0.0
1,0.05604232232252652,7,0,1,0.160044589,1,6,1,1,8.775
1,-0.5252071027605693,1,2,0,0.043856919,0,1,1,0,37.0
1,-1.5833556825829584,6,0,1,0.030697825,0,7,0,1,39.25
1,-1.6461346880803085,1,2,0,0.03532494,1,6,1,0,5.3950000000000005
1,-0.3181054568747512,8,0,2,0.016611475,1,5,1,0,9.675
1,-0.010481294800608113,1,2,0,0.040911824,1,13,1,0,76.0
1,0.41908098043699077,6,0,1,0.075563757,1,4,1,1,6.026
0,-0.7642035021524272,4,0,2,0.136119549,1,6,1,0,13.877500000000001
1,0.09332215352098364,8,0,2,0.03901099,1,13,1,0,85.5
2,0.3206210385429701,3,1,0,0.035400659,1,6,1,1,9.6525
1,0.28064866849830444,6,0,1,0.017783501,1,5,1,1,3.5725
1,1.354239374316349,2,0,1,0.022552083,1,6,1,1,13.065000000000001
2,1.91045330459307,3,1,0,0.088002959,1,4,1,1,4.1147
1,-0.8860584727861893,2,0,1,0.090806457,1,9,2,1,0.0
1,-1.6877059529267608,9,1,2,0.012657494,0,8,2,0,0.0
1,0.9199635572030834,7,0,1,0.093574769,1,4,1,1,3.0429000000000004
2,0.8523047247706808,3,1,0,0.117839328,0,0,1,1,28.279999999999998
1,0.7144608061190519,9,1,2,0.048761223,0,15,1,0,8.55
1,0.32857394128705675,7,0,1,0.083528446,1,9,2,1,0.0
2,-0.7455635865531987,3,1,0,0.179806961,0,10,1,1,8.83025
1,0.5825072159172051,6,0,1,0.128397995,1,5,1,1,8.1
1,-1.0393445174334732,1,2,0,0.064153845,1,6,1,0,8.97
2,-1.7212411724994336,3,1,0,0.070533748,0,7,0,1,20.025
0,0.4888023871636985,4,0,2,0.055213281,0,0,1,0,17.639999999999997
1,1.1136440801227048,6,0,1,0.011233126,1,13,1,1,84.78750000000001
2,-0.6189119315140764,3,1,0,0.038288087,1,6,1,1,5.06025
1,-0.28995531499449595,6,0,1,0.037680711,1,13,1,1,74.1
1,-0.8797044648438894,2,0,1,0.100966837,0,0,1,1,13.152999999999999
1,-0.24152479144837888,6,0,1,0.037757166,1,13,1,1,47.5
1,1.2105882697446315,8,0,2,0.013120028,1,9,2,0,0.0
2,1.5884806605676935,3,1,0,0.059732844,0,11,2,1,0.0
1,1.695481898492858,2,0,1,0.076987408,1,9,2,1,0.0
3,0.1124673198775765,5,1,0,0.032470108,1,5,1,0,8.55
3,-0.8504191076543655,5,1,0,0.130321652,1,4,1,0,2.668
1,-0.3713742360910744,2,0,1,0.034848629,1,9,2,1,0.0
1,1.4623342562859358,1,2,0,0.108102606,1,6,1,0,8.352500000000001
1,0.6542911969382179,1,2,0,0.1164455,1,13,1,0,84.075
1,0.4376793247713726,7,0,1,0.027673055,1,3,1,1,12.56
3,-0.043511263615916174,5,1,0,0.128876537,1,13,1,0,24.201249999999998
1,-0.3942640140734518,9,1,2,0.103146658,1,6,1,0,10.790000000000001
1,0.200870213468359,1,2,0,0.0638993535,1,3,1,0,11.600000000000001
1,-1.5312221186759039,6,0,1,0.139202085,1,3,1,1,6.968000000000001
1,0.33917781161250593,6,0,1,0.0120098,1,3,1,1,13.76
3,0.2726957657542178,5,1,0,0.175362333,0,0,1,0,15.54
1,0.29983540611974424,2,0,1,0.017887474,1,5,1,1,3.5725
1,1.904646118672981,8,0,2,0.066069578,0,7,0,0,16.425
1,-1.3614003039885425,9,1,2,0.061270647,0,2,1,0,27.6325
1,-0.4368042091697868,7,0,1,0.067290244,1,9,2,1,0.0
1,0.12845626789544276,9,1,2,0.024926013,1,9,2,0,0.0
1,1.964815727853815,7,0,1,0.118915034,1,9,2,1,0.0
1,-1.4274186703543124,7,0,1,0.04026424,1,5,1,1,4.4675
1,-1.5812515370238074,8,0,2,0.163096139,0,8,2,0,0.0
0,-0.6981435645218108,4,0,2,0.014236488333333333,1,5,1,0,8.85
1,-1.6759668672920434,6,0,1,0.161516894,0,0,1,1,10.997
1,-0.38946732966809194,7,0,1,0.088543868,1,6,1,1,5.018
0,0.4578765639075415,0,0,0,0.079299474,1,9,2,0,0.0
1,-1.300220193292979,7,0,1,0.038532062,1,4,1,1,3.1832000000000003
1,0.016153094807553805,6,0,1,0.032615377,0,8,2,1,0.0
1,0.227421460546828,8,0,2,0.023496967,1,13,1,0,26.95625
1,-0.6747901070469153,8,0,2,0.005474515,1,5,1,0,4.445
1,0.3828532220181092,6,0,1,0.085258864,1,6,1,1,3.6757500000000003
1,1.7385689156114041,6,0,1,0.091954465,1,3,1,1,5.292000000000001
1,1.8732566159243056,8,0,2,0.078400465,1,6,1,0,5.232500000000001
0,-0.7929420373197399,4,0,2,0.1165888738,1,3,1,0,16.2
1,-1.4726098330320094,6,0,1,0.072284689,1,6,1,1,9.555
1,-0.5044214703373432,8,0,2,0.026788937,1,13,1,0,34.7225
1,-0.5267644262975095,9,1,2,0.119547387,0,0,1,0,28.7
1,-0.8648091608704451,7,0,1,0.131221393,1,4,1,1,2.668
1,-1.0723329149839351,9,1,2,0.009425158,0,0,1,0,17.22
1,-0.4980258911301966,8,0,2,0.038500421,1,6,1,0,8.0275
1,1.8077850715807469,2,0,1,0.094694278,1,9,2,1,0.0
0,0.7687816581149508,0,0,0,0.142425145,0,7,0,0,23.75
1,-0.3447398464829129,9,1,2,0.081914677,0,14,0,0,3.8428500000000003
1,0.02094977921291341,8,0,2,0.089971292,1,4,1,0,7.36
3,0.4834588807361274,5,1,0,0.176834351,1,9,2,0,0.0
1,1.7598597987919946,7,0,1,0.074496043,1,13,1,1,45.125
1,1.7065910195756715,1,2,0,0.091895319,1,3,1,0,5.292000000000001
0,0.2758519840929448,4,0,2,0.06173052,1,6,1,0,9.6525
3,0.8422061052025962,5,1,0,0.019386057,0,8,2,0,0.0
1,1.4341009718759874,6,0,1,0.056861638,1,13,1,1,65.55
1,-0.6619989486326224,6,0,1,0.00547348,1,5,1,1,4.445
1,0.23650957860018312,2,0,1,0.073606829,1,3,1,1,14.4
1,-0.30215808012173145,9,1,2,0.053921264,0,0,1,0,20.79
1,-0.33569329969440403,9,1,2,0.016637301,1,5,1,0,9.675
0,0.8353052752380851,0,0,0,0.0708009757993644,1,5,1,0,8.425
0,1.54480525016209,0,0,0,0.0708009757993644,1,4,1,0,5.336
1,-0.791301571253107,2,0,1,0.015358176,1,3,1,1,5.924
1,-1.3289171571954455,8,0,2,0.107597879,0,14,0,0,8.0835
0,-0.0014763192769454627,0,0,0,0.097660814,1,4,1,0,3.2545
0,0.7607871841060178,4,0,2,0.164966345,0,14,0,0,6.885
1,1.439949729060923,6,0,1,0.056785183,1,4,0,1,4.876
1,0.7948692257009013,6,0,1,0.03781972,0,14,0,1,9.1035
1,0.23810847340196964,9,1,2,0.01940856,0,14,0,0,8.262
1,0.20936993823465666,6,0,1,0.046625941,1,3,1,1,5.460000000000001
1,-0.29630932293679585,6,0,1,0.024144862,1,6,1,1,13.4875
1,-0.780150878905447,1,2,0,0.035626319,0,8,2,0,0.0
1,0.8225141168237923,1,2,0,0.089186387,0,2,1,0,72.625
1,-0.7892389969588021,9,1,2,0.061159246,0,14,0,0,3.8913
1,-1.0846188226408635,6,0,1,0.033373748,0,14,0,1,8.262
3,-1.426830277067255,5,1,0,0.099418887,1,13,1,0,69.5875
3,0.8151080361019166,5,1,0,0.04357366,0,7,0,0,23.25
1,1.2281345412994378,6,0,1,0.069087481,0,1,1,1,39.625
1,1.5660961333426806,2,0,1,0.017730951,0,15,1,1,9.175500000000001
1,1.1530696281451596,7,0,1,0.076125668,1,13,1,1,86.6875
1,0.4062898220226976,6,0,1,0.09627919,0,14,0,1,4.896
1,0.7049090085731787,1,2,0,0.127821472,0,14,0,0,4.2177
3,0.18488126545049274,5,1,0,0.063750302,1,3,1,0,11.600000000000001
2,1.2222442128496558,3,1,0,0.036474041,1,4,0,1,9.315000000000001
1,0.5265458978546732,2,0,1,0.071076055,1,13,1,1,100.7
1,-1.3832380091913443,2,0,1,0.053523765,1,6,1,1,12.805
1,1.9280411474127224,2,0,1,0.027022883,1,5,1,1,8.75
1,0.07623956145869491,1,2,0,0.020551458,1,13,1,0,57.475
2,-1.2863769620991108,3,1,0,0.066200667,1,9,2,1,0.0
1,-0.23403556819681048,8,0,2,0.087669485,1,6,1,0,4.322500000000001
0,0.8949280623967085,4,0,2,0.168780127,0,14,0,0,7.8285
0,0.6468435449514958,0,0,0,0.0125437084,1,13,1,0,45.125
0,0.8427113559599607,0,0,0,0.196438668,0,0,1,0,28.279999999999998
1,0.5574717211108302,2,0,1,0.168329848,1,9,2,1,0.0
1,-1.2261657816534297,9,1,2,0.049155769,0,14,0,0,7.65
1,0.778333455660824,9,1,2,0.081168135,0,10,1,0,21.164
1,-1.4917965706534493,7,0,1,0.072444983,1,6,1,1,9.555
1,1.5496435058322964,7,0,1,0.078172471,0,10,1,1,21.45
2,0.1231127614678717,3,1,0,0.146895866,0,12,1,1,35.394000000000005
0,0.12521690702702323,0,0,0,0.065689432,1,9,2,0,0.0
2,1.3739313626951528,3,1,0,0.030968306,1,3,1,1,6.736000000000001
1,-1.6274947724810802,6,0,1,0.041387618,1,6,1,1,6.825
1,-1.3023243388521304,7,0,1,0.057909547,1,6,1,1,6.9517500000000005
1,-1.7425320556800243,9,1,2,0.185130961,1,9,2,0,0.0
0,0.51543677677186,0,0,0,0.047329385,1,3,1,0,6.904000000000001
3,0.36846316880202945,5,1,0,0.103517853,0,0,1,0,9.282
1,-1.4997910446623823,1,2,0,0.00720931,0,0,1,0,9.925999999999998
1,1.2089478036779984,7,0,1,0.069240685,0,1,1,1,39.625
1,-0.3106578048880291,8,0,2,0.047588696,1,4,1,0,3.5466
1,1.1615693529114572,1,2,0,0.081943273,1,5,1,0,4.5
1,-1.5556276489303749,8,0,2,0.109096371,0,14,0,0,4.79145
1,-1.229363571257003,8,0,2,0.161504957,1,6,1,0,13.715000000000002
2,-1.3235736507678746,3,1,0,0.116063284,1,6,1,1,10.4
1,-0.6471036446591781,7,0,1,0.128520186,0,0,1,1,20.299999999999997
1,1.1413721137752884,6,0,1,0.033883448,1,13,1,1,93.8125
1,-0.3527758917566925,7,0,1,0.008782561,1,6,1,1,5.9865
1,0.4728550104106787,7,0,1,0.080804019,1,9,2,1,0.0
2,-0.9259892715660087,3,1,0,0.106027474,1,6,1,1,4.2835
1,-1.7467819180631732,1,2,0,0.082861686,1,5,1,0,3.875
1,-1.415132762697384,6,0,1,0.021581922,1,3,1,1,6.916
1,-1.545023778604926,7,0,1,0.101500374,0,0,1,1,12.873
1,0.2662586152822247,8,0,2,0.117484834,1,13,1,0,43.67625
1,-0.35542685933805457,8,0,2,0.08819473,1,13,1,0,41.11125
3,-0.4245598727777048,5,1,0,0.035334201,1,13,1,0,74.1
1,-0.18240725504712013,8,0,2,0.102920886,1,6,1,0,3.9715000000000003
1,0.14335157186888703,8,0,2,0.089554186,1,13,1,0,39.2825
1,1.1402784697308663,6,0,1,0.104998144,1,5,1,1,2.9225
1,-0.20798957187570605,7,0,1,0.061308889,1,9,2,1,0.0
1,0.7990775168192039,1,2,0,0.075871345,0,15,1,0,6.0255
1,0.4179873363925688,6,0,1,0.156802171,0,2,1,1,40.6
1,0.40894078960405966,1,2,0,0.127929521,1,13,1,0,93.10000000000001
1,1.8796521951314524,6,0,1,0.064351908,1,13,1,1,95.95
1,0.5883144018372942,1,2,0,0.053426165,1,4,1,0,2.9532000000000003
1,-1.0846188226408635,8,0,2,0.03338006,0,14,0,0,8.262
1,-0.010986545557972646,1,2,0,0.012597384,1,13,1,0,86.45
1,1.5251132617832859,2,0,1,0.033076388,0,8,2,1,0.0
1,-1.6238333033849888,6,0,1,0.056281276,1,5,1,1,8.8
1,0.1156235382163031,9,1,2,0.059940022,1,6,1,0,7.215
1,1.6704048324216365,2,0,1,0.026771204,1,9,2,1,0.0
2,-1.535977231816417,3,1,0,0.016092971,0,1,1,1,44.0
2,-0.45174108440807753,3,1,0,0.100164204,1,6,1,1,8.0275
1,1.3127096807347434,1,2,0,0.062359467,1,6,1,0,10.627500000000001
1,-0.3229437125449575,2,0,1,0.051038045,1,3,1,1,6.0
1,0.5819603938949941,7,0,1,0.042923652,1,4,1,1,9.522
1,0.6884148097979479,8,0,2,0.137366883,0,10,1,0,9.98855
1,-1.0473805627072528,1,2,0,0.074669288,0,1,1,0,19.3
0,0.9098233663701528,0,0,0,0.111936685,1,13,1,0,66.975
2,-0.565643152297753,3,1,0,0.148986013,1,6,1,1,7.865
1,-1.3071210232574904,1,2,0,0.07690951975,1,4,0,0,2.8198
3,-1.5748559578166608,5,1,0,0.076483451,1,6,1,0,10.4
2,-0.4060030997081692,3,1,0,0.124959013,1,5,1,1,9.0
1,0.6835765541277414,8,0,2,0.021573645,0,12,1,0,15.136800000000001
1,-0.4054562776859582,7,0,1,0.041448824,1,6,1,1,12.8375
2,-1.4050341431292999,3,1,0,0.102607233,1,6,1,1,3.9845
1,0.8826837260046263,1,2,0,0.08982696,1,6,1,0,11.83
1,0.7341527944978562,2,0,1,0.09444959,1,5,1,1,9.6
1,-0.40011277125838735,6,0,1,0.039555016,0,10,1,1,29.8155
1,0.893329167594922,7,0,1,0.069078149,1,6,1,1,5.824000000000001
1,0.3844936880847422,6,0,1,0.039569689,1,13,1,1,93.10000000000001
2,-0.6619573773677759,3,1,0,0.098814721,0,10,1,1,15.444
0,-1.6040997437413382,4,0,2,0.148392623,1,5,1,0,3.2
1,1.8067329988011713,8,0,2,0.07691980749999999,0,11,2,0,0.0
3,-0.46028238043922165,5,1,0,0.048830264,1,13,1,0,83.60000000000001
1,0.5750179926656366,8,0,2,0.022843501,0,8,2,0,0.0
1,-0.5422481235580111,2,0,1,0.070588621,1,6,1,1,10.855
1,0.24181151376290724,2,0,1,0.021552357,0,0,1,1,28.979999999999997
1,1.089702229360752,8,0,2,0.016958832,1,6,1,0,4.32575
1,-1.0734681302932034,2,0,1,0.030297819,1,3,1,1,9.68
0,1.7358763767651952,4,0,2,0.12898088,0,0,1,0,21.979999999999997
1,-1.0148558446493092,1,2,0,0.100149459,1,6,1,0,10.465000000000002
1,-0.507660831205763,1,2,0,0.034328578,1,5,1,0,2.2775
3,-0.5618985406719688,5,1,0,0.111381428,1,5,1,0,9.5
2,1.8753607614834567,3,1,0,0.067001825,1,5,1,1,5.65
1,-0.8226910740017818,2,0,1,0.04021623,0,10,1,1,11.3971
1,-1.408231932732873,6,0,1,0.102171627,1,6,1,1,3.9845
1,-0.8849648287417673,9,1,2,0.064113698,1,5,1,0,4.5975
1,0.7591467180393847,1,2,0,0.09024396,0,10,1,0,21.164
1,0.3142254593358235,8,0,2,0.021013662666666665,1,13,1,0,44.10375
1,-1.388539944354069,1,2,0,0.069031467,0,2,1,0,31.5
1,1.5208633994001368,1,2,0,0.011278535,1,9,2,0,0.0
3,0.060880577992732596,5,1,0,0.065119701,0,14,0,0,4.4217
0,1.9536234642413088,4,0,2,0.153456703,1,4,1,0,4.1147
3,-0.22023390826778824,5,1,0,0.019837655,1,5,1,0,7.55
1,1.8806626966461817,8,0,2,0.104230135,0,8,2,0,0.0
1,0.050235136402437396,6,0,1,0.015673267,0,11,2,1,0.0
1,-1.7196007064328005,8,0,2,0.159728395,1,5,1,0,8.05
1,0.7528342813619311,6,0,1,0.006061565,1,5,1,1,6.55
2,-0.7428710477069899,3,1,0,0.029812714,0,0,1,1,9.023
1,-0.9408845755394527,1,2,0,0.109900843,1,6,1,0,8.125
1,0.7559904997006577,6,0,1,0.11797860933333333,0,14,0,1,6.885
1,0.8592886972648844,9,1,2,0.016135764,1,9,2,0,0.0
1,0.1077122067370629,1,2,0,0.156797787,1,13,1,0,73.625
1,0.6090584629956741,1,2,0,0.021522669,1,6,1,0,8.775
1,-0.32774039695031737,1,2,0,0.104591027,1,5,1,0,9.35
1,1.8614759590247423,8,0,2,0.068822477,1,3,1,0,17.080000000000002
1,-0.348484458108697,1,2,0,0.092516598,0,1,1,0,11.9625
3,0.2854453529036645,5,1,0,0.155541973,0,10,1,0,24.595999999999997
1,-1.3230684000105102,9,1,2,0.058207114,1,13,1,0,58.425000000000004
3,0.3865562623790473,5,1,0,0.065203103,0,10,1,0,27.6705
3,-0.8003481180416155,5,1,0,0.02083790675,1,3,1,0,5.816
1,-0.2845702373020784,2,0,1,0.054142088,0,0,1,1,20.79
1,-0.3351880489370395,7,0,1,0.012679226,1,9,2,1,0.0
1,-0.3202927449635952,9,1,2,0.009636821,1,4,1,0,5.0117
1,1.4064145094882503,6,0,1,0.072655379,1,9,2,1,0.0
1,0.8762465755326337,9,1,2,0.066979957,1,13,1,0,66.975
1,1.6938830036910713,7,0,1,0.076709639,1,9,2,1,0.0
1,-0.8493254636099434,7,0,1,0.12890864866666665,0,1,1,1,41.875
1,-0.26066995780497193,7,0,1,0.045761855,1,6,1,1,12.902500000000002
1,-1.466214253824863,7,0,1,0.037573095,0,0,1,1,9.52
1,-0.4315022740070624,7,0,1,0.049167388,1,13,1,1,83.60000000000001
1,1.3600881315012847,7,0,1,0.119131749,1,13,1,1,71.25
3,-0.5108586208093361,5,1,0,0.018472714,1,13,1,0,91.91250000000001
1,1.2461860636116087,9,1,2,0.087542757,1,6,1,0,9.815
1,0.4829120587139164,1,2,0,0.01484819,0,15,1,0,10.35
1,0.8209567932868522,6,0,1,0.052800258,1,13,1,1,89.0625
3,-0.16107480060168325,5,1,0,0.028723187,0,8,2,0,0.0
1,0.4882555651414875,2,0,1,0.178272728,1,9,2,1,0.0
0,0.14385682262625155,0,0,0,0.042324556,0,8,2,0,0.0
1,-0.2175413694215797,8,0,2,0.055127499,1,6,1,0,4.888
1,-0.3255946801263198,6,0,1,0.005547386,1,5,1,1,3.965
1,-0.9169011535126533,8,0,2,0.015859294,0,0,1,0,12.873
1,0.8273523724939984,2,0,1,0.05310896,1,13,1,1,89.0625
0,-0.7849475633108067,4,0,2,0.0708009757993644,0,0,1,0,9.491999999999999
1,0.836357348017661,6,0,1,0.117613212,1,13,1,1,64.6
1,0.05183403120422393,9,1,2,0.120467994,0,11,2,0,0.0
0,-0.6933884513812975,4,0,2,0.052791124,0,0,1,0,11.620000000000001
1,-0.5741844483288974,7,0,1,0.154301621,0,15,1,1,13.5
3,-0.011028116822819114,5,1,0,0.053971566,1,13,1,0,86.6875
0,1.379274869122724,4,0,2,0.0708009757993644,1,13,1,0,71.25
1,0.7527927100970846,2,0,1,0.09663635500000001,0,7,0,1,23.75
0,1.8252897718707066,0,0,0,0.109784056,1,5,1,0,2.8475
2,-1.4933954654552357,3,1,0,0.072592873,1,6,1,1,9.555
2,0.52023346117722,3,1,0,0.024998007,0,0,1,1,14.42
2,0.3770044648331736,3,1,0,0.032671446,0,10,1,1,23.3805
1,-0.3602235437434144,7,0,1,0.008664064,1,9,2,1,0.0
1,-0.29685614495900686,7,0,1,0.112893431,0,14,0,1,4.5135
1,0.5584822226255592,1,2,0,0.014075334,1,5,1,0,5.9
0,-0.6428122110111828,0,0,0,0.009163216,1,5,1,0,4.445
1,1.8264249871799756,7,0,1,0.034376537,1,6,1,1,10.465000000000002
1,-1.471557760252434,7,0,1,0.019238942,0,14,0,1,3.0192
0,0.7474492036695135,0,0,0,0.098464979,1,6,1,0,6.695
2,-0.4942812795044123,3,1,0,0.033735909,1,9,2,1,0.0
1,0.7826248893088196,8,0,2,0.052502049,1,9,2,0,0.0
1,-0.22978570581366145,8,0,2,0.048940428,1,9,2,0,0.0
3,-1.2884811076582618,5,1,0,0.082440705,1,9,2,0,0.0
1,-0.175506425082609,1,2,0,0.03391645,0,11,2,0,0.0
3,-0.5592475730906067,5,1,0,0.026749991,1,5,1,0,5.447500000000001
1,-1.3661554171290562,9,1,2,0.03395415,0,14,0,0,9.996
1,-0.9733677223325499,1,2,0,0.150947728,0,10,1,0,29.1005
3,0.5020987963353557,5,1,0,0.04403602,0,7,0,0,45.625
1,-1.0409849835001064,9,1,2,0.052061483,1,6,1,0,5.018
1,-0.7268820996891235,6,0,1,0.029686148,0,0,1,1,9.023
1,-0.5928243639281257,9,1,2,0.052121825,0,8,2,0,0.0
2,-0.9142501859312913,3,1,0,0.01469075,0,0,1,1,11.165
1,-0.2675292165046366,2,0,1,0.088821765,1,13,1,1,42.25125
0,0.7485428477139355,0,0,0,0.040969757,0,8,2,0,0.0
1,0.44832476636166785,6,0,1,0.103422709,1,9,2,1,0.0
2,0.8438465712692291,3,1,0,0.042173667,1,5,1,1,5.75
1,-0.3543332152936326,6,0,1,0.121497742,1,6,1,1,5.018
3,-1.2741326257070285,5,1,0,0.027580163,0,8,2,0,0.0
3,1.668342258127332,5,1,0,0.035666655,1,5,1,0,3.4325
1,1.7545578636292705,8,0,2,0.091971856,1,3,1,0,5.292000000000001
1,0.4637668923573231,1,2,0,0.027253711,1,9,2,0,0.0
3,-0.7141740838045235,5,1,0,0.046333982,0,8,2,0,0.0
1,-1.378946575543349,8,0,2,0.014274292,1,9,2,0,0.0
1,0.7874215737141792,6,0,1,0.06867619025,1,6,1,1,6.695
0,-0.8712047400775917,0,0,0,0.024660202,1,3,1,0,11.040000000000001
1,-1.3582025143849694,7,0,1,0.09660879,1,9,2,1,0.0
2,-1.2294051425218495,3,1,0,0.029680868,0,0,1,1,9.394
2,-1.5083323406935265,3,1,0,0.151180862,0,14,0,1,7.446
1,0.2902836085738706,9,1,2,0.031273559,0,12,1,0,21.2058
1,-0.9142917571961378,9,1,2,0.035247642,0,8,2,0,0.0
1,0.8320659143696655,7,0,1,0.10016525,1,13,1,1,34.36625
3,0.14120585504488947,5,1,0,0.015693328,1,13,1,0,88.35000000000001
1,0.14705461222982463,1,2,0,0.021232318,0,14,0,0,10.5825
1,0.019350884411126874,9,1,2,0.030842963,0,14,0,0,7.0635
1,0.12206068868829617,6,0,1,0.010762387,0,7,0,1,20.525000000000002
1,0.7863279296697572,7,0,1,0.043874493,0,7,0,1,23.25
1,0.06247947279451958,6,0,1,0.065424208,0,14,0,1,4.4217
1,-0.8525648244783632,9,1,2,0.052637056,1,5,1,0,5.25
0,-0.2845702373020784,4,0,2,0.0708009757993644,1,13,1,0,96.66250000000001
2,-0.4245598727777048,3,1,0,0.089686322,1,13,1,1,70.0625
0,-0.7524644165177097,4,0,2,0.0708009757993644,0,1,1,0,44.625
2,0.801728484400566,3,1,0,0.066952965,1,9,2,1,0.0
1,1.788093083201943,2,0,1,0.152988295,1,6,1,1,8.352500000000001
0,0.8145196428148591,0,0,0,0.149404057,0,2,1,0,72.625
0,1.7071794128627291,4,0,2,0.046609281,1,9,2,0,0.0
1,-0.22503059267314807,7,0,1,0.041311803,1,9,2,1,0.0
1,-1.7350428324284557,7,0,1,0.041971264,0,14,0,1,4.845
2,-0.5986315498482149,3,1,0,0.105736638,0,0,1,1,15.61
1,-0.49962478593198334,2,0,1,0.038718195,1,6,1,1,8.0275
1,0.07464066665690838,1,2,0,0.055067732,0,10,1,0,21.950499999999998
1,-0.893000874015547,9,1,2,0.020601791,1,4,1,0,5.29
2,0.6404895370091956,3,1,0,0.107186944,0,0,1,1,22.4
1,-0.42721084035906687,9,1,2,0.06725846,1,9,2,0,0.0
1,-0.9627222807422546,6,0,1,0.041098016,1,3,1,1,5.5840000000000005
1,-1.3991853859443641,7,0,1,0.101980245,1,4,1,1,8.855
0,0.6154956134676671,4,0,2,0.070660449,1,6,1,0,7.865
1,0.4850993468027604,8,0,2,0.058827383,1,6,1,0,9.425
1,1.095004164523476,8,0,2,0.099136036,1,9,2,0,0.0
3,-1.6637225308999615,5,1,0,0.035183156,1,6,1,0,5.3950000000000005
1,1.9514777474173108,7,0,1,0.075904695,0,0,1,1,21.7
1,1.9333846538402935,2,0,1,0.070012633,0,15,1,1,11.520000000000001
1,-1.0026530795220738,2,0,1,0.081050006,0,0,1,1,20.09
1,1.4719276250966555,7,0,1,0.056911107,1,4,0,1,4.876
1,0.04804784831359339,1,2,0,0.045425939,1,4,1,0,8.51
1,-1.5977041645341916,8,0,2,0.067295406,1,9,2,0,0.0
2,0.5776689602469991,3,1,0,0.046208155,1,13,1,1,97.85000000000001
0,-1.521628749865184,0,0,0,0.080688663,1,4,1,0,4.83
1,1.7960459859460296,7,0,1,0.074070351,1,4,1,1,5.796
1,0.8576898024630979,7,0,1,0.112638016,1,6,1,1,13.325000000000001
1,1.088650156581176,6,0,1,0.015457803,1,5,1,1,6.075
0,0.6958208905198237,0,0,0,0.112985849,0,0,1,0,24.849999999999998
1,0.7145023773838984,1,2,0,0.005661669,0,0,1,0,8.379
1,0.4360804299695861,9,1,2,0.080765853,1,9,2,0,0.0
1,0.09281690276361865,8,0,2,0.089152528,0,8,2,0,0.0
1,0.1018218782872813,6,0,1,0.020564685,1,13,1,1,57.475
2,-0.8765066752403161,3,1,0,0.054066567,1,6,1,1,3.76025
1,0.5563780770664082,2,0,1,0.022832115,1,4,0,1,2.7738
1,1.787546261179732,9,1,2,0.072088552,0,7,0,0,20.987499999999997
1,-0.42885130642570013,7,0,1,0.1977215606,1,6,1,1,11.505
1,-0.7354233957202677,8,0,2,0.018023997,0,8,2,0,0.0
1,-0.6699934226415555,2,0,1,0.047364617,0,11,2,1,0.0
2,0.27219051499685326,3,1,0,0.178694026,1,4,1,1,8.326
1,0.30884038164340644,2,0,1,0.026042966,1,5,1,1,6.925
3,1.3771291522987263,5,1,0,0.030693309,1,3,1,0,6.736000000000001
3,-1.6136515412872114,5,1,0,0.029595637,1,13,1,0,79.5625
1,-0.41231553638562285,9,1,2,0.039207025,1,9,2,0,0.0
1,-0.7087890061121063,6,0,1,0.121231308,1,13,1,1,95.95
1,-0.3160428825804464,7,0,1,0.061301149,0,10,1,1,7.3645000000000005
1,-0.5049682923595542,8,0,2,0.074627201,1,4,1,0,9.246
1,0.5686224134584904,6,0,1,0.024646608,1,9,2,1,0.0
1,0.4690688275200477,2,0,1,0.034647829,0,14,0,1,4.0647
1,-0.7509070929807694,2,0,1,0.087668236,1,4,1,1,7.4750000000000005
1,-0.8807149663586185,1,2,0,0.127435585,1,5,1,0,7.15
1,0.6926231009162501,6,0,1,0.067490036,0,0,1,1,24.849999999999998
1,1.6847948856377162,9,1,2,0.083327693,1,5,1,0,2.5775
1,0.5632789070309193,7,0,1,0.03495749,1,3,1,1,4.752000000000001
1,-0.6417185669667609,7,0,1,0.183774965,1,6,1,1,5.84025
1,-0.14617949662823898,6,0,1,0.017638893,0,8,2,1,0.0
2,-0.41286235840783386,3,1,0,0.034544435,0,7,0,1,20.65
0,-0.266013464232543,0,0,0,0.100095288,1,6,1,0,13.13
2,0.7447982360881514,3,1,0,0.085437778,0,7,0,1,23.75
2,-1.7254910348825823,3,1,0,0.111727876,0,0,1,1,17.22
1,0.03046000549394059,2,0,1,0.03874616,1,13,1,1,79.325
1,0.5712733810398525,9,1,2,0.027622076,1,9,2,0,0.0
1,-1.3731393896232602,7,0,1,0.115826834,1,6,1,1,10.4
2,1.847715870360566,3,1,0,0.030559583,1,4,1,1,8.165000000000001
1,0.16674660060862895,6,0,1,0.028411899,1,4,0,1,4.1078
1,-0.7360117890073252,1,2,0,0.016639482,1,5,1,0,8.1
3,0.20457325382929706,5,1,0,0.003574698,0,7,0,0,14.7
0,1.8263834159151286,4,0,2,0.135375727,1,6,1,0,3.7830000000000004
2,-0.5928243639281257,3,1,0,0.013420879,0,11,2,1,0.0
1,-0.247878799390679,8,0,2,0.045669236,1,6,1,0,12.902500000000002
1,-1.4204346978601086,9,1,2,0.055805027,0,0,1,0,16.59
1,1.8833552354923897,6,0,1,0.077709902,1,13,1,1,86.6875
1,0.7820364960217621,6,0,1,0.0589681955,1,9,2,1,0.0
2,0.5749764214007905,3,1,0,0.040523265,1,13,1,1,27.47875
1,-1.370405279512205,7,0,1,0.11349714,0,0,1,1,19.74
1,-0.911599218349929,9,1,2,0.105761491,1,6,1,0,4.2835
1,0.4025452103969135,2,0,1,0.086440911,1,13,1,1,42.75
3,-1.0398913394556841,5,1,0,0.116347087,1,5,1,0,7.8
3,0.4951563951059982,5,1,0,0.097429924,0,14,0,0,8.925
1,-0.44904854556186874,7,0,1,0.047333044,0,11,2,1,0.0
1,-0.3255946801263198,9,1,2,0.046447328,0,1,1,0,37.5
1,-0.278174658094932,8,0,2,0.041557653,1,6,1,0,8.19
1,1.3745197559822109,2,0,1,0.160235723,0,14,0,1,4.79145
1,-0.8786523920643137,8,0,2,0.041291169,1,9,2,0,0.0
1,-0.5055151143817652,7,0,1,0.037699254,1,6,1,1,12.155
1,1.5086190630080547,1,2,0,0.018889593,0,8,2,0,0.0
1,0.08002574434932591,8,0,2,0.049162885,1,6,1,0,4.199
0,1.9498788526155248,4,0,2,0.132630345,0,0,1,0,21.7
1,-0.6438642837907583,1,2,0,0.005958918,1,13,1,0,25.365
0,1.211640342524207,4,0,2,0.122832172,1,4,1,0,7.682
1,1.5623930929817427,6,0,1,0.143990173,1,4,1,1,5.336
0,-0.17336070825861147,0,0,0,0.112893408,1,13,1,0,90.25
3,0.16729342263083993,5,1,0,0.045865089,0,8,2,0,0.0
1,1.3904255614703842,8,0,2,0.07263659675,1,9,2,0,0.0
1,1.3899203107130191,7,0,1,0.1027194,1,4,1,1,6.141
0,-0.2164477253771577,4,0,2,0.167725251,1,5,1,0,2.9925
3,1.3127096807347434,5,1,0,0.005561538,0,15,1,0,17.28
1,0.2806902397631509,1,2,0,0.034968291666666665,1,9,2,0,0.0
1,-0.6720975682007065,7,0,1,0.1057110225,0,1,1,1,16.1
1,0.801728484400566,9,1,2,0.112584813,1,6,1,0,13.325000000000001
1,1.8114881119416848,2,0,1,0.161610636,1,3,1,1,15.76
1,1.2951634091799369,7,0,1,0.053692878,1,6,1,1,6.565
1,-1.6238333033849888,2,0,1,0.122274118,0,0,1,1,9.401
0,1.6379216856285395,4,0,2,0.103188491,1,9,2,0,0.0
1,-0.4735372183460327,9,1,2,0.126579586,1,3,1,0,8.156
1,-0.5555445327296689,1,2,0,0.077995641,0,10,1,0,13.14885
1,1.4671309406912953,1,2,0,0.056748659,1,4,0,0,4.876
1,-0.8578251883762411,9,1,2,0.011143599,1,13,1,0,48.925000000000004
3,0.662832492969362,5,1,0,0.023209537,1,4,1,0,5.221
2,1.7992022042847562,3,1,0,0.04282359,1,3,1,1,15.080000000000002
1,0.5361808379302399,6,0,1,0.122629121,0,7,0,1,11.525
3,-1.5631168721819435,5,1,0,0.135010776,1,13,1,0,61.0375
1,0.7629329009300152,9,1,2,0.065735977,1,6,1,0,12.35
1,1.2488370311929713,2,0,1,0.055746931,1,4,1,1,7.82
1,0.7330591504534338,9,1,2,0.082367244,0,14,0,0,3.7689
1,0.5339935498413954,8,0,2,0.036234918,0,8,2,0,0.0
3,-0.005137788373037051,5,1,0,0.170246782,1,6,1,0,6.10675
3,1.097149881347474,5,1,0,0.030362777,1,4,1,0,9.476
0,1.0929415902291715,0,0,0,0.161039887,1,13,1,0,59.85
1,0.6059022446569471,8,0,2,0.082552214,1,3,1,0,15.600000000000001
1,-0.638562348628034,6,0,1,0.02592132,0,10,1,1,16.874
1,1.7092835584218802,2,0,1,0.016113019,1,4,1,1,4.2780000000000005
2,0.5170356715736465,3,1,0,0.008033611,1,4,1,1,8.096000000000002
0,0.1864801602522793,0,0,0,0.045291822,0,14,0,0,4.3452
0,-0.7418189749274143,0,0,0,0.037492325,1,6,1,0,11.765
3,-0.9658784990809814,5,1,0,0.028842332,1,6,1,0,4.394
1,1.8061861767789602,1,2,0,0.060927824,1,9,2,0,0.0
1,-0.4560325180560728,6,0,1,0.093653464,1,13,1,1,33.5825
1,0.770338981651891,6,0,1,0.081026811,0,10,1,1,21.164
1,1.58528287096412,8,0,2,0.156831826,1,4,1,0,8.165000000000001
1,0.29823651131795725,2,0,1,0.118149377,1,13,1,1,43.67625
1,0.5004583302687228,7,0,1,0.1091737485,0,1,1,1,22.75
0,-1.6030476709617627,4,0,2,0.0194158,0,1,1,0,26.5
1,1.1967034672859163,8,0,2,0.020326962,0,14,0,0,7.8285
2,0.12681580182880975,3,1,0,0.039405676,1,9,2,1,0.0
2,0.09706676514676771,3,1,0,0.066446521,1,5,1,1,7.575
1,0.5877675798150832,6,0,1,0.149338159,1,13,1,1,63.4125
1,-0.6843419045927885,9,1,2,0.039553606,1,13,1,0,39.87625
1,0.3621091608597298,7,0,1,0.061183503,0,2,1,1,27.5275
3,0.8400603883785986,5,1,0,0.099478451,1,13,1,0,34.36625000000001
1,-0.5150669119276386,7,0,1,0.03366718,1,9,2,1,0.0
1,0.7315018269164937,9,1,2,0.074743226,1,6,1,0,5.6875
1,1.1115399345635533,8,0,2,0.030510526,1,4,1,0,9.476
2,-0.527352819584567,3,1,0,0.074931201,1,4,1,1,9.246
1,0.4578765639075415,7,0,1,0.046866331,1,6,1,1,5.7005
1,0.051792459939377464,8,0,2,0.05507343,1,6,1,0,11.5375
1,-1.7286472532213093,2,0,1,0.038699553,1,9,2,1,0.0
2,1.4612406122415138,3,1,0,0.010582237,1,9,2,1,0.0
2,-0.6380570978706694,3,1,0,0.068403271,1,3,1,1,13.200000000000001
1,-0.5672420470995397,8,0,2,0.026880159,1,5,1,0,5.4475
1,0.5612163327366148,6,0,1,0.103758647,1,6,1,1,9.879999999999999
1,0.6862690929739504,7,0,1,0.015591925,1,6,1,1,11.375
1,-0.43949674801599553,6,0,1,0.030563449,1,6,1,1,6.695
2,1.1945993217267652,3,1,0,0.030216783,1,6,1,1,9.1
0,0.2742946605560043,0,0,0,0.0708009757993644,0,0,1,0,15.54
3,-0.8669133064295964,5,1,0,0.12890864866666665,0,1,1,0,41.875
0,1.2988664495408746,4,0,2,0.0708009757993644,0,0,1,0,13.573
1,1.7854421156205804,8,0,2,0.113518466,1,9,2,0,0.0
2,0.6101521070400961,3,1,0,0.032580705,0,0,1,1,29.19
0,0.21732284097874333,4,0,2,0.0708009757993644,1,13,1,0,76.0
1,1.8551219510824422,6,0,1,0.067064128,1,13,1,1,71.725
1,0.20347960978487506,1,2,0,0.058042926,0,10,1,0,25.168
1,0.8698925675903336,8,0,2,0.011934645,1,9,2,0,0.0
1,-1.582303609803383,2,0,1,0.12241394,1,13,1,1,61.0375
1,-0.2105989681922221,9,1,2,0.049016517,1,9,2,0,0.0
1,1.1206280526169083,9,1,2,0.015484763,1,5,1,0,6.075
1,0.5281863639213067,6,0,1,0.106307146,1,6,1,1,7.995000000000001
0,-0.2681176097916941,0,0,0,0.0708009757993644,1,9,2,0,0.0
3,0.7251062477093472,5,1,0,0.047704151,1,6,1,0,13.39
2,-1.0021478287647092,3,1,0,0.079251097,1,5,1,1,5.8
0,0.6751184006262902,0,0,0,0.146973462,1,4,1,0,8.142
1,-0.19149537310047526,8,0,2,0.033944698,0,11,2,0,0.0
2,-1.4891456030720869,3,1,0,0.072689818,1,4,1,1,5.681
1,1.9370876942012316,8,0,2,0.136810742,1,4,1,0,5.0117
1,-1.6285884165255022,9,1,2,0.125419157,0,2,1,0,60.375
2,-0.6545512966459003,3,1,0,0.093261677,0,8,2,1,0.0
1,-0.5406492287562246,9,1,2,0.11147467,0,11,2,0,0.0
3,-0.19995352660192645,5,1,0,0.020618324,0,2,1,0,73.85000000000001
1,0.32057946727812364,8,0,2,0.083359391,1,9,2,0,0.0
1,1.8051341039993847,1,2,0,0.07191675,0,7,0,0,20.987499999999997
0,-0.5991368006055794,4,0,2,0.041556697,0,0,1,0,19.599999999999998
1,1.6395621516951724,9,1,2,0.035895934,1,5,1,0,3.4325
1,-1.6562333076483928,1,2,0,0.161355122,1,6,1,0,11.83
1,0.35411468685079667,6,0,1,0.032250092,0,8,2,1,0.0
1,-1.6248438048997178,8,0,2,0.012717946,0,10,1,0,9.0376
1,-0.36342133334698773,9,1,2,0.008960445,0,10,1,0,15.729999999999999
1,-0.5486021315003112,9,1,2,0.015328106,0,7,0,0,45.875
2,1.2510243192818151,3,1,0,0.08768825100000001,1,4,1,1,3.6133
1,-0.6476504666813891,9,1,2,0.103634038,1,3,1,0,12.96
0,-1.259742572490949,0,0,0,0.094741514,1,13,1,0,26.5525
1,0.03315254434014913,8,0,2,0.089005769,1,3,1,0,7.440000000000001
1,-0.7631514293728514,7,0,1,0.050279604,0,14,0,1,7.752
1,1.1706158996999658,7,0,1,0.089998959,1,5,1,1,7.625
1,1.7023411571925224,6,0,1,0.021421289,1,9,2,1,0.0
1,1.1178939425058534,2,0,1,0.057152139,1,13,1,1,32.60875
2,0.37111413638339197,3,1,0,0.03412912,1,13,1,1,37.0975
0,-1.2245668868516433,0,0,0,0.027647267000000003,0,8,2,0,0.0
1,-0.8451171724916411,1,2,0,0.02076385,1,3,1,0,5.816
1,0.5617215834939793,1,2,0,0.078678276,0,0,1,0,14.42
1,0.6314014189558405,2,0,1,0.044272226,0,0,1,1,10.527999999999999
1,1.5469509669860873,1,2,0,0.057762301,1,6,1,0,12.5775
2,0.3003822281419552,3,1,0,0.072965144,1,9,2,1,0.0
1,0.14124742630973594,9,1,2,0.032678839,1,5,1,0,8.55
1,0.1369975639265869,6,0,1,0.02512588,0,8,2,1,0.0
3,1.904057725385923,5,1,0,0.031583053,1,9,2,0,0.0
0,0.7538447828766601,0,0,0,0.01179078,0,14,0,0,3.11865
1,-0.8184412116186329,7,0,1,0.014762987,1,3,1,1,11.040000000000001
3,-1.4295228159134636,5,1,0,0.055806016,0,12,1,0,25.704
3,-1.6365828905344353,5,1,0,0.039451625,1,13,1,0,89.53750000000001
2,0.3493180024454366,3,1,0,0.037337632,0,14,0,1,8.7975
1,-0.693430022646144,7,0,1,0.152366659,0,2,1,1,65.10000000000001
1,-0.9483322275261749,1,2,0,0.041071581,1,3,1,0,5.5840000000000005
2,0.6692280721765081,3,1,0,0.175898114,0,8,2,1,0.0
3,-0.4144612532096204,5,1,0,0.012974937,1,6,1,0,8.8725
3,0.7559904997006577,5,1,0,0.131443921,1,6,1,0,7.897500000000001
1,1.5708928177480403,9,1,2,0.017658634,0,15,1,0,9.175500000000001
1,0.7400015516827914,2,0,1,0.041904578,0,7,0,1,45.875
2,0.2125677278382302,3,1,0,0.046824729,1,3,1,1,5.460000000000001
1,-0.5267644262975095,8,0,2,0.08388841899999999,0,7,0,0,15.962499999999999
1,0.8486432556745892,2,0,1,0.04224015,1,5,1,1,5.75
2,0.4174820856352042,3,1,0,0.096689673,0,14,0,1,4.896
1,0.8826421547397799,9,1,2,0.025742955,1,9,2,0,0.0
1,-0.941978219583875,6,0,1,0.075834825,1,13,1,1,55.3375
0,-1.0702703406896301,4,0,2,0.052749199,1,3,1,0,9.68
2,-0.23773860855774834,3,1,0,0.047996608,1,5,1,1,8.05
1,1.2243483584088073,8,0,2,0.133145617,1,3,1,0,8.8
1,0.22586413700988747,8,0,2,0.150853308,0,10,1,0,8.3798
1,-1.664227781657326,6,0,1,0.161458973,1,6,1,1,11.83
1,-0.6566554422050513,8,0,2,0.125602951,1,5,1,0,5.75
0,0.7735783425203109,0,0,0,0.069745165,0,7,0,0,45.875
1,0.08377035597510998,7,0,1,0.035644325,0,0,1,1,11.640999999999998
3,-1.7052522244815675,5,1,0,0.075368868,0,8,2,0,0.0
1,-0.5847883186543461,9,1,2,0.024579432,0,10,1,0,8.050899999999999
1,0.69106577737931,1,2,0,0.161301097,1,3,1,0,12.0
1,-1.5961052697324052,7,0,1,0.105881129,1,6,1,1,9.815
1,0.5729138471064854,1,2,0,0.065194971,1,13,1,0,42.75
1,-0.8072905192709732,7,0,1,0.077350112,0,14,0,1,3.5496
2,-0.30695476452709125,3,1,0,0.142393712,1,13,1,1,96.66250000000001
2,0.09811883792634324,3,1,0,0.014280554,1,9,2,1,0.0
1,0.05183403120422393,8,0,2,0.015162573,1,9,2,0,0.0
1,1.9488267798359489,9,1,2,0.021883368,1,5,1,0,3.5175
0,1.6847948856377162,4,0,2,0.145669556,1,5,1,0,2.5775
1,0.6069543174365231,7,0,1,0.018722490166666664,0,7,0,1,30.25
1,-0.03072010520162298,7,0,1,0.03465370975,1,6,1,1,11.5375
1,1.3484321883962598,7,0,1,0.060971431,0,15,1,1,14.4
1,1.6071205761669218,6,0,1,0.097692448,0,8,2,1,0.0
1,-1.3135166024646368,2,0,1,0.00873427175,1,5,1,1,3.1825
3,0.15879369786454228,5,1,0,0.057143515,0,10,1,0,16.874
1,-0.5262591755401448,9,1,2,0.033651278,1,9,2,0,0.0
2,1.8652621419153723,3,1,0,0.065857092,1,5,1,1,2.8475
2,-0.48052119084023676,3,1,0,0.07136748,0,14,0,1,3.7077
1,-1.5300869033666356,9,1,2,0.076975118,1,6,1,0,10.4
1,-0.6805972929670044,2,0,1,0.046822808,0,8,2,1,0.0
1,1.3920660275370171,2,0,1,0.040144377,1,13,1,1,55.3375
2,0.08642132355647252,3,1,0,0.014614357,0,14,0,1,2.9478
1,0.1858917669652218,9,1,2,0.085082648,1,3,1,0,15.36
1,-0.5592891443554531,1,2,0,0.037539164,1,13,1,0,54.625
3,1.4053208654438278,5,1,0,0.090473389,1,5,1,0,7.175
1,-0.5454459131615844,8,0,2,0.033599041,1,9,2,0,0.0
1,0.8081240636077126,2,0,1,0.160760054,1,5,1,1,8.425
0,-1.3092667400814881,4,0,2,0.173587926,1,4,1,0,7.176
1,1.7028879792147336,2,0,1,0.022639471,1,4,1,1,9.315000000000001
1,0.0225486740147004,8,0,2,0.030795085,0,14,0,0,7.0635
1,-0.507114009183552,9,1,2,0.022099982,1,4,1,0,7.682
3,1.9322910097958714,5,1,0,0.075384242,0,0,1,0,21.7
1,-1.7387874440542401,7,0,1,0.076876046,1,13,1,1,56.050000000000004
1,0.6809671578112259,9,1,2,0.022954444,1,6,1,0,12.48
3,-1.6046049944987029,5,1,0,0.037711338,0,8,2,0,0.0
2,1.3616870263030711,3,1,0,0.040081193,1,13,1,1,55.3375
1,-1.4986974006179603,2,0,1,0.021460064666666667,0,10,1,1,22.88
1,1.961071116228031,1,2,0,0.136696892,1,4,1,0,5.0117
1,1.9232444630073624,8,0,2,0.125274674,1,13,1,0,64.125
3,1.9392334110252287,5,1,0,0.021743592,1,5,1,0,3.5175
3,0.7677295853353753,5,1,0,0.065316099,1,6,1,0,12.35
2,1.8849125590293307,3,1,0,0.080968973,1,5,1,1,6.825
1,0.5825072159172051,9,1,2,0.067039526,1,13,1,0,93.575
1,1.3749834354747288,6,0,1,0.017425784,1,6,1,1,4.8815
3,-1.5674083058299386,5,1,0,0.045763623,1,4,1,0,4.006600000000001
2,1.1440230813566503,3,1,0,0.095045476,0,10,1,1,8.80165
0,-0.4932707779896832,0,0,0,0.0708009757993644,1,6,1,0,10.205
1,0.06294315228703765,6,0,1,0.062245149,1,5,1,1,9.25
2,-0.47993279755317925,3,1,0,0.100482186,1,5,1,1,9.6
1,-0.4480380440471397,9,1,2,0.170548238,1,3,1,0,9.440000000000001
1,-0.769463866050305,1,2,0,0.041439718,1,5,1,0,8.675
3,-1.262351968807465,5,1,0,0.018838681,1,6,1,0,10.205
1,-0.20794800061085958,1,2,0,0.055081623,1,6,1,0,4.888
1,0.8741424299734822,2,0,1,0.096943078,0,14,0,1,7.8285
1,-0.5719971602400531,7,0,1,0.087437069,1,5,1,1,3.3825
1,-1.4077266819755083,1,2,0,0.016164306,1,9,2,0,0.0
1,0.5201918899123735,7,0,1,0.122901056,0,7,0,1,11.525
1,1.7465633896203372,7,0,1,0.092158377,1,3,1,1,5.292000000000001
1,-0.9361294623989393,8,0,2,0.064014173,1,5,1,0,4.5975
0,-0.4974790691079856,0,0,0,0.056237906,1,9,2,0,0.0
1,0.6159592929601853,7,0,1,0.066383907,0,2,1,1,57.75
1,1.3468332935944733,8,0,2,0.128283243,0,0,1,0,13.573
3,-0.26121677982718294,5,1,0,0.095331433,1,5,1,0,2.9925
2,0.37111413638339197,3,1,0,0.075885921,1,4,1,1,6.026
3,0.4094876116262711,5,1,0,0.0844443785,0,15,1,0,6.6915
1,0.36425487768372733,2,0,1,0.040154087,0,14,0,1,9.868500000000001
0,-1.6893048477285477,4,0,2,0.125793938,0,7,0,0,20.9125
3,0.7602819333486531,5,1,0,0.02923013,0,1,1,0,14.850000000000001
1,-0.3367453724739798,8,0,2,0.081787519,0,14,0,0,3.8428500000000003
3,-0.5310558599455049,5,1,0,0.049349121,1,5,1,0,6.8
3,1.6847948856377162,5,1,0,0.026491715,1,9,2,0,0.0
1,-1.617942974935207,2,0,1,0.048233614,0,0,1,1,15.12
0,0.6463382941941308,0,0,0,0.11178154,1,5,1,0,4.65
3,1.5953399192673576,5,1,0,0.034705807,1,13,1,0,67.2125
1,-0.6555617981606293,7,0,1,0.039572298,1,13,1,1,39.87625
1,1.0450163174404192,6,0,1,0.073813788,1,3,1,1,13.200000000000001
1,1.8646737486283154,6,0,1,0.068809463,1,3,1,1,17.080000000000002
0,0.8470027896079562,0,0,0,0.108253944,1,6,1,0,7.0817499999999995
1,0.7362985113218538,9,1,2,0.045117476,1,13,1,0,79.5625
0,1.4591364666823623,4,0,2,0.099442329,1,4,0,0,4.876
2,1.1184407645280645,3,1,0,0.009816092,0,11,2,1,0.0
1,-1.5647573382485764,6,0,1,0.016024651,0,1,1,1,44.0
0,-0.3964097308974495,0,0,0,0.0708009757993644,1,9,2,0,0.0
1,0.8549556923520428,1,2,0,0.068880971,1,6,1,0,5.824000000000001
3,-1.5109833082748887,5,1,0,0.016516275,1,6,1,0,11.505
1,0.02094977921291341,8,0,2,0.032621545,0,8,2,0,0.0
1,1.955180787778249,8,0,2,0.141352562,1,4,1,0,6.348000000000001
1,0.10977478103136797,7,0,1,0.089735804,1,13,1,1,39.2825
0,-0.4964685675932565,0,0,0,0.018275816,0,10,1,0,16.6595
3,0.6575305578066374,5,1,0,0.065928735,0,2,1,0,57.75
1,0.718710668502201,1,2,0,0.074565098,1,6,1,0,5.6875
1,-1.3055221284557035,6,0,1,0.018926773,1,6,1,1,10.205
1,-0.8509243584117302,7,0,1,0.038029746,1,13,1,1,62.4625
3,1.8849541302941766,5,1,0,0.066406853,1,5,1,0,5.650000000000001
1,1.347338544351838,8,0,2,0.042560252,1,6,1,0,4.78725
1,0.4733602611680432,9,1,2,0.135944247,1,6,1,0,11.05
3,1.2414309504710954,5,1,0,0.036150153,1,4,0,0,9.315000000000001
1,-1.5493152122529212,2,0,1,0.013920032,0,14,0,1,4.998
1,0.0017630415914740769,8,0,2,0.054234197,1,13,1,0,86.6875
1,0.8677884220311821,9,1,2,0.146094132,1,4,1,0,4.6897
1,1.7838016495539475,2,0,1,0.0708009757993644,1,9,2,1,0.0
1,-0.9200989431162266,8,0,2,0.024655594,0,14,0,0,10.047
1,0.7751772373220974,7,0,1,0.132351411,1,6,1,1,7.897500000000001
1,-1.5694708801242436,6,0,1,0.121563385,0,0,1,1,9.401
1,0.11351939265715204,7,0,1,0.049318315,1,6,1,1,8.8725
3,0.199229747401726,5,1,0,0.030062224,0,8,2,0,0.0
0,-0.4150080752318314,4,0,2,0.11173569,1,6,1,0,6.370000000000001
1,-0.8461276740063701,7,0,1,0.063354531,1,4,1,1,5.221
1,-1.7164029168292272,2,0,1,0.083399788,1,5,1,1,3.875
1,-0.4708862507646704,7,0,1,0.104023565,1,13,1,1,35.6725
2,1.1019465657528336,3,1,0,0.094145821,1,13,1,1,49.875
0,0.7842237841106061,4,0,2,0.0708009757993644,0,10,1,0,11.661649999999998
1,1.297267554739088,1,2,0,0.009754896,1,13,1,0,55.1
1,0.09117643669698565,6,0,1,0.107376743,1,13,1,1,48.42625
1,-0.6066260238571479,9,1,2,0.146399712,0,10,1,0,14.729000000000001
1,-1.5317273694332685,2,0,1,0.169405699,1,5,1,1,6.425
1,0.9199635572030834,6,0,1,0.083498083,1,3,1,1,10.4
1,-0.3431409516811262,9,1,2,0.112399145,1,3,1,0,10.0
1,0.5979077706480139,7,0,1,0.082719632,1,3,1,1,15.600000000000001
0,-0.266013464232543,4,0,2,0.104704537,1,6,1,0,13.13
3,-0.8525232532135167,5,1,0,0.037768989,1,13,1,0,62.4625
3,0.4691103987848942,5,1,0,0.102941345,1,9,2,0,0.0
1,0.3924050195639824,6,0,1,0.025732114,1,6,1,1,10.5625
1,-0.8744025296811648,6,0,1,0.025756826,0,10,1,1,26.455
1,0.8241130116255788,8,0,2,0.089260667,0,2,1,0,72.625
2,0.5532218587276816,3,1,0,0.104201019,1,6,1,1,9.879999999999999
1,1.8082903223381113,7,0,1,0.041909345,1,9,2,1,0.0
1,1.6550042776908278,2,0,1,0.038904624,1,6,1,1,6.5
1,-0.3319486880686197,6,0,1,0.112203445,1,3,1,1,10.0
1,-1.260753074005678,2,0,1,0.077169953,1,4,0,1,2.8198
1,-0.3377974452535553,9,1,2,0.042685217,1,4,1,0,7.682
0,-0.2302909565710262,4,0,2,0.060706749,1,9,2,0,0.0
1,-0.5012652519986164,8,0,2,0.018562604,1,13,1,0,91.91250000000001
1,-0.4176590428131937,6,0,1,0.034397781,0,7,0,1,20.65
2,-0.6864460501519398,3,1,0,0.034527068,0,8,2,1,0.0
0,1.120039659329851,4,0,2,0.017116983,0,11,2,0,0.0
0,-0.4532984079450176,4,0,2,0.132995494,0,0,1,0,24.849999999999998
1,0.09121800796183212,8,0,2,0.159720671,1,6,1,0,8.775
3,0.43877296881579464,5,1,0,0.156072361,0,2,1,0,40.6
1,0.00016414678968754154,6,0,1,0.050186519000000006,0,14,0,1,5.9159999999999995
1,1.9354887993994445,1,2,0,0.075688032,0,0,1,0,21.7
1,0.06403679633145964,7,0,1,0.007555176,1,4,1,1,8.05
1,0.46216799755553656,7,0,1,0.079968115,1,9,2,1,0.0
1,1.8929070330382638,6,0,1,0.020942867,0,10,1,1,25.5255
3,-0.4820785143771768,5,1,0,0.124110734,1,9,2,0,0.0
1,0.20772947216802365,8,0,2,0.032158866,1,3,1,0,6.492000000000001
1,-1.0329905094911733,2,0,1,0.154487495,1,3,1,1,10.4
1,-1.0159079174288848,1,2,0,0.044840933,0,14,0,0,7.548000000000001
3,0.5297852587230932,5,1,0,0.105812357,1,6,1,0,7.995000000000002
1,-0.9515715883945947,7,0,1,0.010663189,1,3,1,1,8.88
2,0.36480169970593834,3,1,0,0.0349100525,1,9,2,1,0.0
3,-0.303756974923518,5,1,0,0.030794774,1,6,1,0,4.9075
1,0.6692280721765081,9,1,2,0.092060694,0,11,2,0,0.0
1,0.6798319425019573,2,0,1,0.066155883,0,0,1,1,8.449
1,-1.3810507211025005,2,0,1,0.175033524,1,4,1,1,5.359
1,0.23806690213712317,1,2,0,0.043618827,1,6,1,0,8.84
1,1.384071553528084,7,0,1,0.085981978,1,6,1,1,4.407
1,-0.7215801645263992,9,1,2,0.10824413420000001,1,4,1,0,3.105
3,0.8810432599379934,5,1,0,0.114609875,0,14,0,0,6.018000000000002
3,-1.6690244660626858,5,1,0,0.080933328,0,11,2,0,0.0
3,0.1289615186528073,5,1,0,0.028459761,1,9,2,0,0.0
1,-1.6802583009400387,7,0,1,0.041479396,1,6,1,1,6.825
3,0.7916714360973283,5,1,0,0.011206632,1,3,1,0,6.284000000000001
0,-0.857361508883723,0,0,0,0.127334766,0,0,1,0,21.139999999999997
1,-1.3592961584293914,7,0,1,0.012229464,1,6,1,1,11.83
2,0.45577241834839,3,1,0,0.060792265,1,4,1,1,7.705
2,1.4021646471051012,3,1,0,0.036686158,1,9,2,1,0.0
2,0.0326472935827846,3,1,0,0.103398309,0,0,1,1,12.838
1,0.16619977858641793,7,0,1,0.003599378,0,7,0,1,14.7
3,0.7426525192641539,5,1,0,0.058542509,1,6,1,0,6.695
0,0.06883348073681926,0,0,0,0.05432142,1,5,1,0,5.4475
2,-0.476188185927395,3,1,0,0.14057889,1,3,1,1,5.508
1,-0.9068025339445691,2,0,1,0.076278201,1,13,1,1,55.3375
2,1.4569907498583647,3,1,0,0.114066204,0,8,2,1,0.0
0,-0.8871521168306116,0,0,0,0.108665723,1,3,1,0,15.76
1,-1.241607907649085,2,0,1,0.089210159,1,6,1,1,5.06025
1,0.6510934073346444,7,0,1,0.170152831,1,3,1,1,16.56
2,0.7906193633177527,3,1,0,0.012148836,0,11,2,1,0.0
1,0.5841061107189921,6,0,1,0.078728915,0,0,1,1,14.42
1,1.670993225708694,2,0,1,0.049559042,1,5,1,1,4.6425
0,-0.5390087626895915,0,0,0,0.152377658,0,11,2,0,0.0
0,1.5538517969505985,0,0,0,0.031490111,0,8,2,0,0.0
1,0.32057946727812364,1,2,0,0.096306016,0,1,1,0,14.450000000000001
3,-1.3736446403806246,5,1,0,0.076860103,0,8,2,0,0.0
1,-1.3629991987903294,6,0,1,0.082386011,1,5,1,1,4.09
1,1.1094357890044022,1,2,0,0.01544786,1,5,1,0,6.075
0,0.7831717113310306,4,0,2,0.045068892,1,13,1,0,35.245
1,-0.7945409321215264,2,0,1,0.140955857,0,0,1,1,9.491999999999999
1,-0.5033693975577677,2,0,1,0.075049323,1,4,1,1,9.246
0,1.8843657370071196,0,0,0,0.149753132,1,4,1,0,9.361
1,-1.4364652171428214,1,2,0,0.135662712,1,5,1,0,7.0
1,0.5004583302687228,8,0,2,0.031151633,1,9,2,0,0.0
1,0.32802711926484573,6,0,1,0.042468413,1,5,1,1,8.85
1,-1.3092667400814881,9,1,2,0.082970667,1,9,2,0,0.0
1,-1.7025596856353586,2,0,1,0.185889129,1,9,2,1,0.0
1,0.19014162934837087,7,0,1,0.019417732,0,14,0,1,8.262
1,0.5010051522909338,7,0,1,0.106542886,1,6,1,1,7.995000000000001
1,0.4824068079565519,1,2,0,0.140123575,0,12,1,0,10.944600000000001
1,-1.5413207382439882,7,0,1,0.064271703,0,7,0,1,37.5
1,1.295204980444783,9,1,2,0.03033748,1,13,1,0,46.05125
1,0.15134604587782016,8,0,2,0.06356617,1,5,1,0,6.65
1,0.7751356660572509,1,2,0,0.0520115,0,8,2,0,0.0
1,1.2829606440527013,9,1,2,0.04572322,1,3,1,0,4.724
1,-0.0030336428138859834,1,2,0,0.030769458,0,14,0,0,7.0635
1,-1.008501836707009,2,0,1,0.026067434,1,13,1,1,64.8375
1,1.5501071853248145,9,1,2,0.059582996,0,11,2,0,0.0
0,-1.5146447773709801,0,0,0,0.102262138,0,10,1,0,22.665499999999998
0,0.8475080403653208,4,0,2,0.015397129,1,9,2,0,0.0
1,1.2578835779814799,2,0,1,0.018911474,1,6,1,1,13.1625
0,0.6921178501588855,4,0,2,0.021002171,1,3,1,0,16.2
0,-0.8557626140819364,4,0,2,0.13064231,1,13,1,0,72.9125
1,0.7224968513928315,6,0,1,0.113307794,0,14,0,1,6.018000000000001
1,-0.027017064840685376,7,0,1,0.054344186,1,13,1,1,86.6875
0,0.4994062574891472,0,0,0,0.045308629,1,9,2,0,0.0
1,0.2822891345649374,7,0,1,0.08996026,0,8,2,1,0.0
2,0.7719794477185239,3,1,0,0.132621594,1,6,1,1,7.897500000000001
1,0.1306019847194403,8,0,2,0.025130632,0,8,2,0,0.0
1,0.8890793052117729,2,0,1,0.027233781,0,10,1,1,27.5275
1,-0.0019399987694635262,1,2,0,0.146540889,1,5,1,0,5.0975
2,-1.7190954556754359,3,1,0,0.168871496,0,1,1,1,17.8875
0,-0.9552746287555325,4,0,2,0.027767577,0,0,1,0,12.873
3,0.8730487859290602,5,1,0,0.0460572555,0,0,1,0,6.888
1,0.7528342813619311,2,0,1,0.048160824,1,13,1,1,88.35000000000001
3,-1.3661969883939027,5,1,0,0.01268995,1,13,1,0,64.8375
0,0.06614094189061072,4,0,2,0.0708009757993644,1,3,1,0,6.684000000000001
1,-0.3484428868438508,7,0,1,0.033176087,1,9,2,1,0.0
0,1.8125817559861068,4,0,2,0.164864915,1,9,2,0,0.0
1,-1.664227781657326,6,0,1,0.08131178,0,11,2,1,0.0
1,-0.42990337920527566,1,2,0,0.03061079775,1,6,1,0,6.695
1,-0.608730169416299,1,2,0,0.02371512,0,0,1,0,19.599999999999998
0,-0.9606181351831033,4,0,2,0.079261744,1,13,1,0,44.62625
1,-0.47248514556645715,8,0,2,0.081103929,0,0,1,0,21.84
0,-1.433814249561459,0,0,0,0.0708009757993644,0,0,1,0,6.832
1,-0.6236254733897433,8,0,2,0.055941597,0,0,1,0,24.29
1,0.4254349883792909,6,0,1,0.059889718,0,0,1,1,28.0
1,-0.8349354103938639,9,1,2,0.038011783,1,13,1,0,62.4625
1,0.7900309700306952,1,2,0,0.0304697,0,8,2,0,0.0
1,-0.5348004715712892,2,0,1,0.026940466,1,13,1,1,34.7225
1,1.2739140972641925,6,0,1,0.13312044,1,3,1,1,8.8
1,0.4701624715644697,8,0,2,0.02727641,1,9,2,0,0.0
3,1.588439089302847,5,1,0,0.056782237,1,6,1,0,7.15
1,-0.9366762844211504,1,2,0,0.05268526,1,3,1,0,7.18
2,0.9290101039915921,3,1,0,0.015341139,1,13,1,1,86.6875
1,0.05873486116873506,7,0,1,0.107274301,1,6,1,1,3.549
2,-0.5784343107120462,3,1,0,0.052252908,0,8,2,1,0.0
1,-0.8466744960285811,7,0,1,0.12367891,1,13,1,1,31.6825
1,0.632536634265109,1,2,0,0.04767798,1,9,2,0,0.0
1,-1.2336134336401519,7,0,1,0.088888291,1,6,1,1,5.06025
0,1.5911316281490555,0,0,0,0.043626605,0,0,1,0,25.479999999999997
1,-0.13873184464151686,7,0,1,0.034013539,0,11,2,1,0.0
1,0.38710308440125824,2,0,1,0.076005548,1,4,1,1,6.026
1,1.4218982067487516,1,2,0,0.030816999,1,3,1,0,6.736000000000001
1,-0.25642009542182315,1,2,0,0.095715608,1,5,1,0,2.9925
0,0.49200017676727154,4,0,2,0.184359831,1,13,1,0,74.1
1,0.08747339633604805,6,0,1,0.066164431,1,5,1,1,7.575
3,0.42753913393844195,5,1,0,0.058542509,1,6,1,0,9.425
1,-0.03391789480519605,6,0,1,0.129479176,1,13,1,1,24.201249999999998
0,-0.5549561394426114,4,0,2,0.066765523,1,6,1,0,5.06025
1,-0.46028238043922165,8,0,2,0.030569229,1,6,1,0,6.695
1,0.4781153743085564,2,0,1,0.014944614,0,15,1,1,10.35
2,0.04325116390823333,3,1,0,0.007570599,1,4,1,1,8.05
1,-0.997856395116714,7,0,1,0.017895691,1,13,1,1,64.125
2,0.6767172954280768,3,1,0,0.091950972,0,10,1,1,26.740999999999996
1,-1.7095020868647162,7,0,1,0.021710275,1,9,2,1,0.0
2,0.6069543174365231,3,1,0,0.047912071,1,9,2,1,0.0
1,0.8374094207972366,9,1,2,0.0857560495,1,4,1,0,9.315000000000001
1,1.323943515612096,8,0,2,0.055558509,0,1,1,0,17.625
0,-1.347010250772463,4,0,2,0.019153299,1,13,1,0,31.4925
2,0.5122389871682869,3,1,0,0.028391879,1,3,1,1,6.904000000000001
3,0.6426352538331932,5,1,0,0.021392306,1,6,1,0,8.775
1,1.382431087461451,1,2,0,0.072608647,1,9,2,0,0.0
1,-0.47412561163309014,1,2,0,0.164542555,1,4,1,0,3.7030000000000003
0,0.7325538996960692,0,0,0,0.022083251499999998,1,3,1,0,11.88
1,0.802822128444988,6,0,1,0.032580547,0,8,2,1,0.0
1,0.7629329009300152,2,0,1,0.070312473,0,0,1,1,23.38
2,-1.6887580257063366,3,1,0,0.162205516,0,0,1,1,10.997
3,1.4202993119469651,5,1,0,0.091318935,1,13,1,0,72.19999999999999
2,-0.7678649712485185,3,1,0,0.064882207,0,15,1,1,11.07
1,-1.5375761266182038,9,1,2,0.065732883,1,5,1,0,6.825
1,-0.8892978336546091,6,0,1,0.128861359,0,1,1,1,41.875
1,0.2785445229391534,6,0,1,0.11546728,1,13,1,1,68.875
1,1.6773888049158405,6,0,1,0.049709624,1,6,1,1,7.0200000000000005
0,1.9434832734083778,0,0,0,0.0708009757993644,1,4,1,0,5.0117
1,0.571314952304699,7,0,1,0.078903499,0,0,1,1,14.42
0,0.03845447950287372,4,0,2,0.156094569,0,8,2,0,0.0
1,0.02094977921291341,2,0,1,0.013572808,1,13,1,1,49.875
0,-1.5035356562881665,0,0,0,0.121174241,1,4,1,0,5.681
1,-1.0451932746184087,2,0,1,0.127587344,1,5,1,1,4.175
3,0.08802021835825904,5,1,0,0.048924811,1,6,1,0,4.199
1,-0.6045218782979966,7,0,1,0.023999722,1,9,2,1,0.0
1,0.7203095633039875,6,0,1,0.007455054,1,9,2,1,0.0
0,-0.28675752539092264,0,0,0,0.0708009757993644,1,13,1,0,54.625
0,-1.7302877192879424,0,0,0,0.050808821,0,8,2,0,0.0
1,-0.5847883186543461,9,1,2,0.08739577,1,5,1,0,3.3825
3,-0.5177594507738471,5,1,0,0.074265816,1,4,1,0,9.246
1,-0.25103501772940584,6,0,1,0.07518071,1,13,1,1,86.6875
3,0.5734606691286964,5,1,0,0.093002339,1,6,1,0,4.1762500000000005
1,0.28494010214629995,2,0,1,0.097750937,1,13,1,1,68.875
1,1.7167727816734488,8,0,2,0.026620627,1,9,2,0,0.0
1,0.3536094360934317,7,0,1,0.129503146,1,6,1,1,4.943250000000001
2,-0.14298170702466548,3,1,0,0.017714096,0,8,2,1,0.0
1,-0.5976210483334855,2,0,1,0.013442036,0,11,2,1,0.0
1,-0.5911838978614927,1,2,0,0.021312043,1,6,1,0,13.552500000000002
1,-0.019569412853963245,6,0,1,0.067766896,0,8,2,1,0.0
1,-0.4985727131524076,9,1,2,0.076681143,1,5,1,0,4.42
1,1.7092835584218802,6,0,1,0.025639529,1,6,1,1,8.19
1,-1.6770189400716191,7,0,1,0.039004193,0,14,0,1,4.59
1,-0.7221685578134567,8,0,2,0.018848862,0,8,2,0,0.0
3,1.8216283027746156,5,1,0,0.026015519,1,13,1,0,83.125
0,-0.9297338831917928,4,0,2,0.06413003939999999,1,5,1,0,4.5975
1,-0.7120283669805257,8,0,2,0.01665334,1,5,1,0,8.1
3,-1.7100073376220806,5,1,0,0.158954903,1,5,1,0,8.05
1,1.5884806605676935,1,2,0,0.025458716,1,4,1,0,2.5024
1,-1.0154442379363668,6,0,1,0.0179040506,1,13,1,1,64.125
2,0.08002574434932591,3,1,0,0.175793413,0,14,0,1,2.8840500000000002
1,-0.838133199997437,9,1,2,0.129086113,0,1,1,0,41.875
1,-1.0500315302886152,8,0,2,0.186156444,0,0,1,0,17.29
1,0.37065045689087395,9,1,2,0.039990314,0,14,0,0,9.868500000000001
1,1.2510243192818151,8,0,2,0.036326064,1,4,0,0,9.315000000000001
1,-0.8078373412931842,8,0,2,0.078168739,1,3,1,0,13.0
2,0.5452273847187484,3,1,0,0.031278532,1,9,2,1,0.0
3,0.43927821957315916,5,1,0,0.02748331,1,3,1,0,12.559999999999999
1,-1.0516304250904016,8,0,2,0.021326471,1,9,2,0,0.0
0,0.3849573675772603,0,0,0,0.050111641,1,13,1,0,84.075
0,-1.6062454605653358,0,0,0,0.06904249,1,3,1,0,11.600000000000001
3,-0.717835552900615,5,1,0,0.077367431,1,6,1,0,13.877500000000001
3,-0.2686228605490586,5,1,0,0.037681359,1,5,1,0,7.85
1,-0.3676296244652901,2,0,1,0.0463847,1,13,1,1,54.625
2,1.4516888146956402,3,1,0,0.057104066,1,13,1,1,65.55
2,-0.30060075658479113,3,1,0,0.075501241,1,13,1,1,86.6875
1,0.546826279520535,1,2,0,0.037549969,1,6,1,0,8.515
1,1.5043276293600596,8,0,2,0.032626952,1,5,1,0,3.75
1,1.8253313431355536,1,2,0,0.030410273,1,4,1,0,8.165000000000001
1,0.25830571253813805,9,1,2,0.015438774249999999,0,8,2,0,0.0
1,-0.8318207633199836,2,0,1,0.07808307133333332,1,3,1,1,13.0
3,-1.5413207382439882,5,1,0,0.119959873,1,6,1,0,4.134
1,-1.673821150468046,2,0,1,0.041615224,1,13,1,1,83.60000000000001
3,-1.417320050786228,5,1,0,0.026408698,1,5,1,0,8.3
1,0.38180114923853364,2,0,1,0.03272295,0,10,1,1,23.3805
1,0.38289479328295567,2,0,1,0.04896208,0,11,2,1,0.0
1,0.34982325320280117,7,0,1,0.042838514,0,8,2,1,0.0
1,0.3844936880847422,9,1,2,0.060342304,0,15,1,0,16.425
1,-0.6189119315140764,1,2,0,0.023931217,1,9,2,0,0.0
3,-0.23668653577817256,5,1,0,0.026174636,0,0,1,0,26.179999999999996
1,0.1220191174234497,6,0,1,0.057410724,0,10,1,1,16.874
1,0.6836181253925879,7,0,1,0.01001904,0,10,1,1,30.3875
1,1.9254317510962073,2,0,1,0.14336182349999999,0,8,2,1,0.0
0,-0.6657435602584066,0,0,0,0.013711274,1,3,1,0,13.4
2,-0.7253247761521835,3,1,0,0.011660463,1,5,1,1,8.85
2,0.7149660568764165,3,1,0,0.024576875,0,8,2,1,0.0
0,-1.6493740489487285,4,0,2,0.01251245,1,13,1,0,75.2875
1,-0.365525478906139,6,0,1,0.067940657,1,4,1,1,8.671000000000001
1,-1.5738038850370852,8,0,2,0.058540589,1,13,1,0,71.25
3,-1.0734681302932034,5,1,0,0.044660955,0,14,0,0,7.548000000000001
1,1.249930675237393,8,0,2,0.081134826,0,10,1,0,17.875
1,-0.9084430000112022,9,1,2,0.090436094,1,9,2,0,0.0
1,-0.8535753259930923,1,2,0,0.0197206385,1,3,1,0,6.48
1,-1.639739108873162,7,0,1,0.012663476,0,8,2,1,0.0
1,0.7559904997006577,8,0,2,0.15113708650000002,1,9,2,0,0.0
1,-1.681815624476979,7,0,1,0.014047825,1,5,1,1,7.675
2,0.7054142593305432,3,1,0,0.09212875875,1,4,1,1,6.279000000000001
1,-0.3192406721840197,9,1,2,0.046680961,1,6,1,0,11.602500000000001
3,0.403133603683971,5,1,0,0.021618297,0,1,1,0,30.375
1,0.7900725412955417,9,1,2,0.039906377,1,6,1,0,5.437250000000001
1,1.76570855597693,1,2,0,0.152001201,1,6,1,0,8.352500000000001
1,0.893875989617133,7,0,1,0.042707323,1,5,1,1,2.595
1,1.2217389620922912,7,0,1,0.03565903,0,1,1,1,16.775
3,-1.3214279339438768,5,1,0,0.082002559,1,5,1,0,4.09
1,-0.9196352636237086,8,0,2,0.094296835,1,6,1,0,11.927500000000002
1,0.0326472935827846,1,2,0,0.015663185,0,11,2,0,0.0
1,1.4000605015459502,7,0,1,0.064194304,0,7,0,1,19.7625
1,1.4948174030790329,8,0,2,0.010602292,1,9,2,0,0.0
0,-0.23508764097638604,4,0,2,0.077849833,1,13,1,0,84.78750000000001
1,-0.6742432850247043,6,0,1,0.125579201,1,5,1,1,5.75
1,0.5361392666653934,1,2,0,0.009984847,1,9,2,0,0.0
1,0.2726957657542178,8,0,2,0.015450376,0,8,2,0,0.0
0,-0.043511263615916174,0,0,0,0.0708009757993644,1,6,1,0,6.10675
1,-1.0590780770771238,2,0,1,0.117574554,1,5,1,1,7.8
1,1.526206905827708,7,0,1,0.018943666,0,8,2,1,0.0
1,-0.3830717504609453,2,0,1,0.054362695,1,13,1,1,96.66250000000001
1,-0.7381159345664765,8,0,2,0.016993204,1,9,2,0,0.0
1,-0.9989084678962895,1,2,0,0.026299797,1,5,1,0,7.15
1,-1.5860482214291673,8,0,2,0.07113587,0,8,2,0,0.0
1,-1.596652091754616,9,1,2,0.041313203,1,3,1,0,11.600000000000001
3,0.5084528042776558,5,1,0,0.044767032,0,14,0,0,6.63
1,0.8890793052117729,6,0,1,0.012455787,0,10,1,1,14.57885
1,-1.7494328856445351,9,1,2,0.041951439,0,14,0,0,4.845
3,1.0732080305855207,5,1,0,0.126831854,1,3,1,0,5.04
2,0.0017630415914740769,3,1,0,0.013551445,1,13,1,1,49.875
2,-0.6199224330288055,3,1,0,0.023831558,0,0,1,1,19.599999999999998
2,0.8033273792023525,3,1,0,0.016176344,1,9,2,1,0.0
0,-0.6093185627033565,0,0,0,0.026814124,1,9,2,0,0.0
0,1.793900269122032,4,0,2,0.073229342,1,9,2,0,0.0
1,1.5767831461978223,2,0,1,0.029107004,1,13,1,1,51.300000000000004
1,-1.4822447731075759,1,2,0,0.141406394,0,0,1,0,13.72
1,-1.4359183951206103,8,0,2,0.042180995,1,4,0,0,6.509
1,1.957326504602247,6,0,1,0.059835659,0,8,2,1,0.0
1,-0.42085683241676697,7,0,1,0.093861144,1,13,1,1,33.5825
1,-0.6178182874696544,6,0,1,0.105287746,0,0,1,1,15.61
1,-0.3447398464829129,9,1,2,0.068059156,1,4,1,0,8.671000000000001
3,-0.4911250611656857,5,1,0,0.127792701,1,6,1,0,11.115000000000002
1,0.8687989235459116,7,0,1,0.073060301,1,5,1,1,6.825
1,0.32912076330926776,1,2,0,0.028339599,1,3,1,0,6.368
1,0.6521870513790664,7,0,1,0.043852434,1,13,1,1,62.4625
1,0.1561427302831802,9,1,2,0.063664998,1,5,1,0,6.65
1,1.9200466734037893,2,0,1,0.119345629,1,9,2,1,0.0
3,-1.4657505743323451,5,1,0,0.014522363,0,14,0,0,9.536999999999999
0,0.14549728869288456,4,0,2,0.0708009757993644,0,12,1,0,35.394000000000005
1,1.3840299822632376,9,1,2,0.0708009757993644,1,5,1,0,4.75
1,0.7378974061236403,2,0,1,0.048207431,1,6,1,1,13.39
1,1.431408433029779,9,1,2,0.056406129,0,2,1,0,48.475
1,-1.4747555498560074,8,0,2,0.085834992,1,5,1,0,7.75
1,0.48934920918590946,8,0,2,0.077164595,1,5,1,0,5.8
1,0.008117049533774203,6,0,1,0.159690469,1,13,1,1,78.375
1,0.6857638422165854,6,0,1,0.014456938,0,8,2,1,0.0
0,0.19603195779815294,4,0,2,0.066336811,0,0,1,0,24.849999999999998
1,-0.9717272562659168,1,2,0,0.025899245,1,13,1,0,64.8375
1,-1.5135927045914044,7,0,1,0.016060186,0,1,1,1,44.0
1,-0.3309381865538907,6,0,1,0.104658344,1,5,1,1,9.35
1,-1.0393860886983197,7,0,1,0.052086085,1,6,1,1,5.018
1,0.6468435449514958,8,0,2,0.009998763,0,10,1,0,30.3875
0,-1.0020646862350164,0,0,0,0.0708009757993644,0,0,1,0,17.29
1,-0.2206975877603063,6,0,1,0.071230537,0,15,1,1,11.25
1,-0.8195348556630552,2,0,1,0.036596012,1,13,1,1,80.03750000000001
1,-0.7695054373151515,1,2,0,0.121149472,1,3,1,0,6.968000000000001
1,0.16674660060862895,6,0,1,0.027164679,1,3,1,1,6.04
1,-0.9073909272316266,2,0,1,0.06082246,0,0,1,1,18.9
1,-1.4449233706442726,7,0,1,0.017191055,1,4,1,1,3.6501
1,-1.4050757143941461,8,0,2,0.023971463,1,6,1,0,6.9225
1,1.793900269122032,2,0,1,0.0420611,1,9,2,1,0.0
1,-0.3000123632977337,8,0,2,0.008764786,1,6,1,0,5.9865
1,-1.4561572055216252,2,0,1,0.014675574,0,14,0,1,9.536999999999999
1,0.018762491124069403,1,2,0,0.029697925,1,4,1,0,6.44
1,-1.3997322079665753,9,1,2,0.069196376,0,2,1,0,31.5
0,-1.409789256269813,4,0,2,0.121554149,0,10,1,0,18.0895
1,-1.6738627217328923,9,1,2,0.0821398,0,0,1,0,8.071
1,-0.39262354800681876,7,0,1,0.077011493,1,9,2,1,0.0
1,0.8768349688196913,7,0,1,0.089004389,1,5,1,1,9.125
1,-0.20904164465528205,1,2,0,0.05443912,0,1,1,0,21.5
1,-1.6408743241824306,9,1,2,0.084885375,1,5,1,0,3.2
1,1.5634867370261647,2,0,1,0.032811503,1,5,1,1,3.75
1,-1.3693532067326293,7,0,1,0.061299601,0,14,0,1,6.171
0,0.4243413443348685,0,0,0,0.17314115,1,9,2,0,0.0
1,0.15824687584233127,8,0,2,0.025286583,0,8,2,0,0.0
3,-0.9904087431299918,5,1,0,0.058451805,0,8,2,0,0.0
3,-0.3335475828704065,5,1,0,0.08198411300000001,0,14,0,0,3.8428500000000003
1,0.38180114923853364,8,0,2,0.032538896,0,10,1,0,23.3805
1,-1.7073563700407186,6,0,1,0.073396761,0,12,1,1,36.21
1,1.3292454507748206,6,0,1,0.145013434,0,8,2,1,0.0
1,-1.6131462905298468,6,0,1,0.03593692,0,14,0,1,7.2165
1,1.9482799578137378,2,0,1,0.08135668242857143,1,13,1,1,27.455000000000002
1,-1.2959287596449838,1,2,0,0.077389797,0,8,2,0,0.0
0,0.12576372904923422,4,0,2,0.048637888,0,0,1,0,21.21
1,1.7981917027700272,6,0,1,0.060967038,1,9,2,1,0.0
1,-0.20214081469077091,7,0,1,0.048625599,0,0,1,1,7.650999999999999
1,-0.6870344434389973,9,1,2,0.152294691,0,2,1,0,65.10000000000001
1,-1.0335373315133842,1,2,0,0.079279489,1,3,1,0,7.2
3,-0.8339249088791346,5,1,0,0.123449671,1,3,1,0,15.36
1,-0.7796456281480821,7,0,1,0.16836453099999998,0,1,1,1,44.625
1,0.5170356715736465,9,1,2,0.046844194,1,6,1,0,5.7005
1,0.5520866434184131,2,0,1,0.035084073,1,3,1,1,4.752000000000001
1,-1.417320050786228,9,1,2,0.016164306,1,9,2,0,0.0
3,0.08743182507120158,5,1,0,0.054846706,0,10,1,0,21.950499999999998
1,1.6582020672944007,8,0,2,0.049280292,1,5,1,0,4.6425
3,-0.9163959027552888,5,1,0,0.05640073325,0,1,1,0,24.5
1,0.5675703406789149,8,0,2,0.11611250433333332,1,13,1,0,39.472500000000004
1,0.09008279265256364,7,0,1,0.139735226,1,5,1,1,6.675
1,1.2568315052019043,7,0,1,0.055545797,1,4,1,1,7.82
1,-0.8562678648393011,2,0,1,0.115119905,0,0,1,1,7.594999999999999
1,1.1163366189689135,7,0,1,0.017755213,0,8,2,1,0.0
3,-0.7519175944954988,5,1,0,0.023339367,1,6,1,0,13.39
3,1.2461860636116087,5,1,0,0.086983591,1,6,1,0,9.815
1,-1.2629403620945223,7,0,1,0.05671761,1,13,1,1,26.5525
1,-1.4289759938912527,8,0,2,0.097884718,1,3,1,0,6.800000000000001
1,0.09281690276361865,2,0,1,0.03263762,1,5,1,1,5.4475
1,-1.472651404296856,7,0,1,0.08125293,1,13,1,1,42.25125
1,-1.466214253824863,9,1,2,0.016622448,1,6,1,0,11.505
1,-1.2831791724955373,1,2,0,0.037923509,1,5,1,0,4.655
1,-1.58545982814211,9,1,2,0.056379439,1,5,1,0,8.8
2,-0.7194344477024014,3,1,0,0.018097419,0,8,2,1,0.0
0,-1.5402686654644127,0,0,0,0.040550868,1,4,0,0,9.016000000000002
1,0.1113736758331545,2,0,1,0.091723066,1,13,1,1,63.4125
1,1.579392542514338,6,0,1,0.148492521,1,6,1,1,4.85875
2,1.8839020575146006,3,1,0,0.013692598,1,5,1,1,8.75
1,-1.4923433926756602,7,0,1,0.072541731,1,4,1,1,5.681
1,0.14705461222982463,7,0,1,0.131770922,0,0,1,1,16.31
1,-1.278340916825331,7,0,1,0.018968743,1,6,1,1,10.205
1,-1.1112532122490248,2,0,1,0.008615,0,10,1,1,23.9525
1,0.5962673045813809,2,0,1,0.015775777,1,9,2,1,0.0
1,-1.534419908279477,8,0,2,0.048207017,1,4,1,0,4.83
1,-0.6188703602492299,1,2,0,0.058083831,0,8,2,0,0.0
1,-1.682909268521401,8,0,2,0.165838224,1,4,0,0,7.245
1,0.09117643669698565,2,0,1,0.086619573,1,5,1,1,3.65
1,-0.7785519841036602,8,0,2,0.102723919,1,3,1,0,16.2
3,-0.8333365155920771,5,1,0,0.053586458,1,6,1,0,3.76025
0,0.6122562525992472,4,0,2,0.064208126,1,5,1,0,6.575
1,-1.6041413150061847,6,0,1,0.053362086,0,14,0,1,7.905
3,1.4814794226425287,5,1,0,0.060405784,0,0,1,0,28.49
0,1.0386207382332726,4,0,2,0.129668578,1,6,1,0,11.115000000000002
1,-0.5310558599455049,2,0,1,0.041974489,1,5,1,1,9.85
1,0.604261778590314,2,0,1,0.059741172,1,9,2,1,0.0
2,0.03900130152508472,3,1,0,0.029902679,0,14,0,1,6.171
1,1.6167139449776415,8,0,2,0.182653772,0,11,2,0,0.0
1,0.09386897554319464,7,0,1,0.139700397,1,13,1,1,80.03750000000001
1,-1.3001370507632863,2,0,1,0.053167821500000004,1,5,1,1,5.3475
1,0.6478956177310713,9,1,2,0.116723677,1,13,1,0,84.075
1,-0.48687519878253666,2,0,1,0.080141165,1,13,1,1,80.03750000000001
0,-0.6853939773723643,0,0,0,0.031549131,0,8,2,0,0.0
1,0.516447278286589,6,0,1,0.037574137,1,6,1,1,8.515
1,-1.5764548526184474,6,0,1,0.1630653,0,8,2,1,0.0
1,1.9323325810607184,2,0,1,0.064224789,0,1,1,1,36.25
0,0.9183646624012969,4,0,2,0.059110912,0,10,1,0,17.6605
1,-1.055838716208704,8,0,2,0.036353098,1,5,1,0,10.25
1,-0.2888200996852275,7,0,1,0.029131242,1,9,2,1,0.0
1,0.9226145247844455,7,0,1,0.02575512,1,9,2,1,0.0
1,-0.45493887401165056,6,0,1,0.076744561,1,13,1,1,91.91250000000001
3,-1.3805870416099824,5,1,0,0.052058711,1,5,1,0,3.68
1,-0.3229437125449575,7,0,1,0.050853901,1,3,1,1,6.0
1,0.6495360837977043,1,2,0,0.108696978,1,4,1,0,8.142
1,0.5601226886921927,2,0,1,0.04379270425,0,10,1,1,9.5667
1,1.417101522343392,6,0,1,0.10249212,1,4,1,1,6.141
3,0.8725435351716957,5,1,0,0.033059299,1,6,1,0,8.352500000000001
1,1.895052749862261,1,2,0,0.068765205,1,3,1,0,17.080000000000002
2,-0.3803792116147368,3,1,0,0.014482278,0,10,1,1,10.381799999999998
1,0.2902420373090241,9,1,2,0.021039273,1,13,1,0,44.10375
1,0.1077122067370629,2,0,1,0.062609071,1,5,1,1,9.25
1,0.49460957308378717,8,0,2,0.106327251,1,6,1,0,7.995000000000001
1,-0.18615186667290465,9,1,2,0.016132592,0,8,2,0,0.0
1,0.9135679779959368,6,0,1,0.033754478,0,10,1,1,17.6605
1,0.6697748941987192,7,0,1,0.014488997,0,8,2,1,0.0
1,-0.4873804495399014,2,0,1,0.1408005,1,3,1,1,5.508
0,0.6276983785949024,4,0,2,0.065188619,0,14,0,0,8.007
1,-1.6775241908289835,8,0,2,0.045266806,0,0,1,0,13.72
2,-1.021798245878667,3,1,0,0.154244343,1,3,1,1,10.4
1,0.7938171529213258,2,0,1,0.059160135,1,6,1,1,6.695
0,-0.7525059877825562,0,0,0,0.065649353,1,13,1,0,83.60000000000001
3,-0.6550981186681113,5,1,0,0.014232071,1,9,2,0,0.0
0,-1.0851656446630744,4,0,2,0.13121032,1,4,1,0,6.026
1,1.6550042776908278,1,2,0,0.038653608,1,6,1,0,6.5
1,-0.19149537310047526,9,1,2,0.033997473,0,11,2,0,0.0
1,0.39299341285103984,7,0,1,0.038816115,1,9,2,1,0.0
0,-1.5663146617855166,4,0,2,0.19244045,1,4,0,0,4.0365
1,-0.7184239461876724,7,0,1,0.016687114,1,5,1,1,8.1
1,-0.009429222021032125,9,1,2,0.090111173,1,4,1,0,7.36
1,-0.32929772048725764,8,0,2,0.071257912,1,5,1,0,5.25
3,-0.6327135914430985,5,1,0,0.024407061,0,1,1,0,16.375
2,-1.6014072048951298,3,1,0,0.125734578,0,2,1,1,60.375
3,0.571314952304699,5,1,0,0.154627247,1,13,1,0,100.9375
2,-0.779604056883236,3,1,0,0.03140762925,0,0,1,1,11.472999999999999
2,-0.3452866685051239,3,1,0,0.006351876,0,0,1,1,9.289
1,-0.4054562776859582,1,2,0,0.054011943,1,13,1,0,96.66250000000001
3,-0.7865464581125933,5,1,0,0.159193194,1,13,1,0,34.98374999999999
1,-0.48317215842159883,1,2,0,0.033830011,0,12,1,0,23.766000000000002
2,0.07893210030490391,3,1,0,0.062510529,1,5,1,1,9.25
0,1.373384540672942,4,0,2,0.030516069,1,6,1,0,4.8815
1,0.7612924348633823,8,0,2,0.011261165,1,3,1,0,6.284000000000001
3,-0.5448990911393734,5,1,0,0.037388493,1,13,1,0,54.625
2,-0.6167662146900786,3,1,0,0.110739031,1,9,2,1,0.0
1,0.7432409125512114,7,0,1,0.100114941,1,9,2,1,0.0
1,1.3207041547436764,7,0,1,0.049722335,0,0,1,1,8.700999999999999
1,-1.4981921498605957,8,0,2,0.07229836,1,6,1,0,9.555
0,1.7965928079682407,0,0,0,0.102065622,1,9,2,0,0.0
0,-1.3752435351824113,0,0,0,0.162462044,1,4,0,0,6.348000000000001
1,-0.6827845810558485,9,1,2,0.056005781,0,0,1,0,24.29
3,-0.7572195296582231,5,1,0,0.041718456,1,13,1,0,31.70625
1,-0.4708862507646704,8,0,2,0.075959623,0,0,1,0,24.849999999999998
3,-0.5868924642134974,5,1,0,0.022170592,0,1,1,0,24.0
0,0.6090584629956741,0,0,0,0.061381589,1,5,1,0,6.575
1,-1.6509313724856685,2,0,1,0.078999287,1,3,1,1,12.68
3,0.07522905994396585,5,1,0,0.174232377,0,14,0,0,2.8840500000000002
1,-1.6717170049088947,8,0,2,0.04875891,1,6,1,0,13.455
1,-0.8855532220288248,9,1,2,0.027748176,0,14,0,0,3.2028000000000003
1,0.14120585504488947,7,0,1,0.009887927,0,10,1,1,8.951799999999999
1,0.8273108012291519,8,0,2,0.09046564,0,11,2,0,0.0
1,-1.472651404296856,8,0,2,0.14061104,0,0,1,0,13.72
1,-0.6135268538216591,6,0,1,0.028095235666666666,1,9,2,1,0.0
1,-0.582684173095195,1,2,0,0.111830282,1,5,1,0,9.5
1,0.1177692550403011,2,0,1,0.0277770424,0,8,2,1,0.0
1,-0.6917895565795107,7,0,1,0.046653872,0,8,2,1,0.0
2,0.5861686850132967,3,1,0,0.016895293,0,7,0,1,30.25
1,-0.5022757535133454,2,0,1,0.02848169,1,9,2,1,0.0
1,0.24286358654248325,2,0,1,0.043902087,1,6,1,1,8.84
1,-0.6949457749182375,2,0,1,0.02495355,1,6,1,1,10.465000000000002
1,1.3138448960440117,8,0,2,0.175995526,1,6,1,0,12.902500000000002
3,-0.5778459174249887,5,1,0,0.145464606,0,10,1,0,14.729000000000001
1,-0.6199224330288055,2,0,1,0.14479508900000002,1,13,1,1,34.2475
1,0.005466081952412135,7,0,1,0.120524922,0,11,2,1,0.0
1,-1.6503845504634576,7,0,1,0.113125627,0,14,0,1,7.752
1,-0.9919660666669319,1,2,0,0.051573903,0,0,1,0,12.873
1,-0.7652140036671562,7,0,1,0.013957308,0,0,1,1,11.697
1,0.5867155070355077,9,1,2,0.053553794,1,4,1,0,2.9532000000000003
1,0.7001123241678187,7,0,1,0.072301795,1,3,1,1,6.968000000000001
1,-0.9185416195792866,2,0,1,0.054514169,0,1,1,1,42.75
1,-0.9004069547374226,9,1,2,0.040023967,0,11,2,0,0.0
2,-0.14458060182645247,3,1,0,0.063432676,0,2,1,1,22.4875
1,-1.0015594354776518,9,1,2,0.051697108,0,0,1,0,12.873
0,-0.8131392764559086,4,0,2,0.019912606,1,5,1,0,3.0575
1,1.9189946006242142,6,0,1,0.069605676,0,15,1,1,11.520000000000001
3,0.1561427302831802,5,1,0,0.091348964,1,13,1,0,63.4125
1,-0.45758984159301286,1,2,0,0.070721656,0,14,0,0,2.3409
3,0.0768279547457524,5,1,0,0.007503372,1,4,1,0,8.05
1,-0.33733376576103724,8,0,2,0.053837561,0,0,1,0,20.79
1,1.0726612085633096,7,0,1,0.023021406,1,13,1,1,32.22875
3,-0.2553680226422476,5,1,0,0.048703432,1,9,2,0,0.0
1,-1.4646153590230764,9,1,2,0.009893817,0,8,2,0,0.0
2,-0.6492493614831757,3,1,0,0.103894671,1,3,1,1,12.96
3,1.0434174226386326,5,1,0,0.073700837,1,6,1,0,11.115000000000002
1,0.6016523822737985,1,2,0,0.03187163,1,4,1,0,2.9348
1,0.7346996165200672,8,0,2,0.074627201,1,6,1,0,5.6875
2,-0.9509831951075371,3,1,0,0.184254826,0,14,0,1,7.2165
3,0.4770633015289808,5,1,0,0.15120812749999998,0,7,0,0,41.5
1,1.3196520819641009,1,2,0,0.14492016,0,8,2,0,0.0
1,-0.5816321003156193,1,2,0,0.013355306,0,11,2,0,0.0
1,0.2093283669698102,9,1,2,0.032208865,1,3,1,0,6.492000000000001
1,-1.7095020868647162,2,0,1,0.024331586,1,4,1,1,5.796
1,1.9211403174482113,2,0,1,0.023012718,1,5,1,1,3.425
1,-0.3932119412938762,1,2,0,0.0672730085,1,3,1,0,13.280000000000001
1,-0.5784343107120462,8,0,2,0.052040915,0,8,2,0,0.0
2,0.11726400428293655,3,1,0,0.045603215,0,8,2,1,0.0
1,0.024652819573851466,7,0,1,0.015708023,0,11,2,1,0.0
1,0.42812752722549946,6,0,1,0.085938463,1,13,1,1,42.75
1,-0.29576250091458484,1,2,0,0.050708743,1,3,1,0,6.0
1,-0.27607051253578074,7,0,1,0.075701524,0,0,1,1,16.799999999999997
1,0.1289615186528073,1,2,0,0.063513272,1,5,1,0,6.65
0,1.0524223981622949,0,0,0,0.165073642,1,9,2,0,0.0
1,0.8714914623921202,9,1,2,0.024442501,1,6,1,0,9.1975
1,0.836904170039872,1,2,0,0.066625843,1,9,2,0,0.0
1,0.09382740427834817,6,0,1,0.053279839,1,3,1,1,5.32
0,-1.479005412239156,0,0,0,0.121012632,1,6,1,0,9.555
3,-0.8461276740063701,5,1,0,0.06292013,1,4,1,0,5.221
1,-1.7302877192879424,7,0,1,0.168527463,0,1,1,1,17.8875
1,-1.3321149467990188,6,0,1,0.054367971,1,3,1,1,12.0
2,0.5622268342513438,3,1,0,0.017817285,1,3,1,1,9.28
3,0.30198112294374174,5,1,0,0.072317217,1,9,2,0,0.0
2,-1.21657241284271,3,1,0,0.112728355,0,8,2,1,0.0
1,0.1258053003140807,2,0,1,0.053591345,1,3,1,1,5.32
2,0.9242134195862325,3,1,0,0.115636723,0,14,0,1,6.018000000000001
3,0.26314396820834457,5,1,0,0.116366304,0,8,2,0,0.0
0,1.1046391045990422,4,0,2,0.04022593,1,13,1,0,32.22875
1,-0.7657608256893672,1,2,0,0.17550876033333332,0,0,1,0,9.491999999999999
0,-0.6987319578088683,4,0,2,0.02037692166666667,0,10,1,0,17.16
1,0.7564957504580222,7,0,1,0.039925235,1,6,1,1,5.437250000000001
3,0.173183751080622,5,1,0,0.078943221,0,0,1,0,8.589
1,0.6723842905152352,9,1,2,0.031143591,1,13,1,0,40.99250000000001
0,0.7602403620838067,4,0,2,0.077046505,0,14,0,0,2.55
2,-0.032865822025620516,3,1,0,0.056067524,1,9,2,1,0.0
1,-1.4907444978738738,7,0,1,0.046578409,1,6,1,1,5.320250000000001
1,-0.6614936978752579,1,2,0,0.144511119,1,13,1,0,34.2475
1,0.23541593455576112,9,1,2,0.021464454,0,0,1,0,28.979999999999997
1,0.890636628748713,7,0,1,0.015309885,1,13,1,1,86.6875
3,-0.5448990911393734,5,1,0,0.054720642,1,5,1,0,3.9525
1,0.1135609639219985,9,1,2,0.107564024,1,13,1,0,48.42625
3,-1.6626288868555394,5,1,0,0.041180766,1,13,1,0,83.60000000000001
1,1.4766827382371686,6,0,1,0.060688248,0,0,1,1,28.49
0,-1.6237917321201423,0,0,0,0.0708009757993644,0,2,1,0,60.375
1,0.04325116390823333,1,2,0,0.049121972,1,6,1,0,4.199
1,0.4578765639075415,2,0,1,0.047036036,1,6,1,1,5.7005
0,0.0847808574898395,0,0,0,0.12352086,1,13,1,0,48.42625
1,0.46111592477596103,2,0,1,0.059160135,1,6,1,1,9.425
1,0.5138378819700734,8,0,2,0.034452949,0,14,0,0,4.0647
1,-1.6274947724810802,6,0,1,0.081996785,0,0,1,1,8.071
1,1.8002958483291782,6,0,1,0.041816615,1,9,2,1,0.0
1,1.2930176923559389,9,1,2,0.014045832,1,9,2,0,0.0
2,1.1594652073523057,3,1,0,0.105445801,1,5,1,1,2.9225
2,-0.6236670446545898,3,1,0,0.044432887,0,10,1,1,7.4217
1,1.071609135783734,9,1,2,0.098775709,1,9,2,0,0.0
1,-0.5794863834916217,6,0,1,0.048050783,1,9,2,1,0.0
0,1.4564439278361538,4,0,2,0.13511877,0,14,0,0,9.945
1,-0.30430379694572895,9,1,2,0.035204319,1,9,2,0,0.0
1,-1.335312736402592,2,0,1,0.108206497,0,14,0,1,8.0835
1,0.19178209541500388,9,1,2,0.003597678,0,7,0,0,14.7
1,1.8642100691357972,6,0,1,0.081304829,1,6,1,1,10.887500000000001
1,-1.053187748627342,9,1,2,0.075056542,1,4,1,0,6.026
3,1.7023411571925224,5,1,0,0.034584356,1,4,1,0,8.165000000000001
1,-0.6289689798173141,7,0,1,0.025978802,0,10,1,1,16.874
1,-0.16587148500704285,7,0,1,0.057944376,1,5,1,1,4.4925
1,0.840101959643445,8,0,2,0.066681333,1,9,2,0,0.0
0,-0.49962478593198334,4,0,2,0.04690397,1,13,1,0,34.7225
1,0.28864314250723755,8,0,2,0.031103357,1,6,1,0,3.93575
0,-0.5470032366985247,4,0,2,0.057556998,0,0,1,0,21.7
1,-0.893547696037758,8,0,2,0.044925784,1,4,1,0,3.7766000000000006
0,-0.4341532415884245,0,0,0,0.055084019,1,13,1,0,40.99250000000001
1,-0.8355238036809214,8,0,2,0.011372972,1,5,1,0,3.0575
3,0.057641217124313054,5,1,0,0.158947217,1,6,1,0,8.775
2,0.7649954752243203,3,1,0,0.113678422,1,6,1,1,9.977500000000001
1,0.04703734679886432,6,0,1,0.103422709,1,13,1,1,73.625
1,0.5467847082556885,1,2,0,0.036204764,0,8,2,0,0.0
0,0.7559489284358112,0,0,0,0.073288275,0,7,0,0,23.25
1,-1.5679135565873032,1,2,0,0.041907414,1,13,1,0,48.42625
1,-0.4964685675932565,1,2,0,0.010909704,0,10,1,0,16.6595
0,0.4472726935820923,4,0,2,0.027619994000000002,1,3,1,0,12.559999999999999
3,0.11621193150336057,5,1,0,0.053031857,1,3,1,0,5.32
1,0.07304177185512184,9,1,2,0.049396364,1,6,1,0,11.83
0,0.7522874593397201,0,0,0,0.080235512,1,6,1,0,13.39
0,1.1865632764529856,4,0,2,0.120986139,0,1,1,0,39.625
0,-0.02062148563353878,0,0,0,0.022590318,1,13,1,0,49.875
1,-0.45010061834144427,8,0,2,0.103813029,1,13,1,0,35.6725
3,-0.35323957124921057,5,1,0,0.052025392,1,13,1,0,87.875
1,-1.3565620483183365,2,0,1,0.01125332,0,11,2,1,0.0
1,-0.5815905290507728,8,0,2,0.021329793,1,6,1,0,13.552500000000002
1,-0.6476504666813891,8,0,2,0.030247903,1,5,1,0,2.94
1,0.6298440954189,2,0,1,0.120137953,1,6,1,1,10.855
0,-1.358160943120123,4,0,2,0.019592289,0,11,2,0,0.0
0,1.1488197657620105,0,0,0,0.158441218,0,10,1,0,8.80165
1,0.08802021835825904,9,1,2,0.175352413,0,14,0,0,2.8840500000000002
2,-0.3793687101000075,3,1,0,0.047449835,1,13,1,1,83.60000000000001
3,-0.7891558544291092,5,1,0,0.036213953,1,13,1,0,80.03750000000001
1,0.35676565443215874,7,0,1,0.0076006704,1,9,2,1,0.0
1,1.6523117388446191,8,0,2,0.131179812,1,5,1,0,6.075
1,-0.6007356954073659,6,0,1,0.023730384,0,0,1,1,19.599999999999998
1,-1.0532293198921885,9,1,2,0.100388706,1,6,1,0,10.465000000000002
0,0.21837491375831886,4,0,2,0.06871772,0,2,1,0,70.7
3,0.5617215834939793,5,1,0,0.016979326,0,0,1,0,7.616
1,-1.341203064852374,6,0,1,0.11207602,1,13,1,1,49.37625
1,-0.30964730337330004,1,2,0,0.06112617,0,10,1,0,7.3645000000000005
0,0.5962673045813809,4,0,2,0.0708009757993644,1,6,1,0,10.855
1,-0.38942575840324545,2,0,1,0.024521239,0,8,2,1,0.0
1,-0.2159009033549467,7,0,1,0.0268952,0,10,1,1,14.014000000000001
1,1.9488267798359489,7,0,1,0.019550858,1,4,1,1,6.831
0,-0.945176009187448,0,0,0,0.176748258,1,6,1,0,4.2835
3,1.953581892976462,5,1,0,0.069208684,0,8,2,0,0.0
1,1.2259472532105937,8,0,2,0.087719692,1,13,1,0,74.1
1,-0.2862107033687116,1,2,0,0.037877202,0,15,1,0,12.735000000000001
2,-1.361358732723696,3,1,0,0.061424738,0,14,0,1,6.171
1,-1.5529766813490127,1,2,0,0.03067808,0,7,0,0,39.25
1,1.9887575786157685,9,1,2,0.069653585,0,8,2,0,0.0
1,0.8736371792161177,2,0,1,0.055241242,0,0,1,1,22.049999999999997
1,1.9242965357869384,2,0,1,0.137584599,1,4,1,1,5.0117
1,-1.7435841284595999,8,0,2,0.039824346,1,5,1,0,6.825
3,0.5143015614625914,5,1,0,0.060371962,0,2,1,0,37.432500000000005
1,-1.5242797174465463,9,1,2,0.024264569,1,4,0,0,9.016000000000002
2,-1.3853421547504954,3,1,0,0.0794139504,0,2,1,1,31.5
1,0.09811883792634324,8,0,2,0.187558629,1,3,1,0,6.684000000000001
1,-1.3432656391466786,6,0,1,0.053212652,1,6,1,1,12.805
1,-0.8248783620906259,2,0,1,0.028579565,1,13,1,1,78.375
1,-0.3112461981750866,7,0,1,0.100378096,1,6,1,1,13.455
0,-0.4655427443370995,4,0,2,0.0708009757993644,1,6,1,0,11.115000000000002
1,-1.0638747614824837,9,1,2,0.027106459,0,10,1,0,14.443
0,-1.3172196428255747,4,0,2,0.0708009757993644,0,0,1,0,22.189999999999998
1,0.013460555961345265,8,0,2,0.120280989,0,11,2,0,0.0
1,-0.7721564048965138,9,1,2,0.035711426,0,8,2,0,0.0
0,1.9088544097912832,4,0,2,0.08441844066666666,0,14,0,0,8.7975
2,-0.476188185927395,3,1,0,0.069405301,1,13,1,1,35.55375
1,-1.6407911816527379,2,0,1,0.162461219,0,0,1,1,10.997
1,0.1077122067370629,7,0,1,0.014251461,1,9,2,1,0.0
1,-0.6428537822760293,9,1,2,0.022320223,0,1,1,0,24.0
2,-0.4049094556637472,3,1,0,0.010480751,1,3,1,1,5.140000000000001
3,0.07573431070133038,5,1,0,0.043351896,1,6,1,0,3.8870000000000005
0,-0.3574894336323594,0,0,0,0.090480214,1,13,1,0,96.66250000000001
3,1.5288163021442236,5,1,0,0.143319995,1,4,1,0,5.336
1,0.9146200507755123,9,1,2,0.01404119,1,13,1,0,44.175000000000004
1,1.4250128538226323,7,0,1,0.119418124,1,4,1,1,6.256
1,-0.7396732581034166,7,0,1,0.043326511,0,0,1,1,10.85
1,-1.0170431327381533,8,0,2,0.06624349933333333,0,15,1,0,9.450000000000001
1,-0.29896029051815814,2,0,1,0.142618182,1,13,1,1,96.66250000000001
1,-0.5981262990908502,8,0,2,0.174350275,1,13,1,0,44.175000000000004
2,-0.6699934226415555,3,1,0,0.045165796,1,13,1,1,53.9125
1,0.3551667596303722,2,0,1,0.062882112,0,0,1,1,27.09
1,0.6154540422028207,1,2,0,0.119362812,1,6,1,0,10.855
1,-0.6220681498528032,8,0,2,0.05259579825,1,13,1,0,83.125
3,-0.34953653088827275,5,1,0,0.079904068,1,13,1,0,61.393750000000004
1,0.6936751736958261,7,0,1,0.130261652,1,6,1,1,6.30175
3,-0.7674012917560002,5,1,0,0.114771298,1,5,1,0,4.5325
1,1.1865632764529856,6,0,1,0.055195461,1,6,1,1,9.815
3,1.4558971058139427,5,1,0,0.069250192,0,10,1,0,16.29485
1,0.8847878715637778,2,0,1,0.033951827,0,10,1,1,17.6605
1,-1.4045288923719352,2,0,1,0.171281641,0,7,0,1,36.625
1,1.7017943351703115,7,0,1,0.010032624,1,13,1,1,37.54875
1,0.9274112091898056,8,0,2,0.025702994,1,9,2,0,0.0
3,-1.5694708801242436,5,1,0,0.044008347,1,5,1,0,8.1
3,-0.8791576428216784,5,1,0,0.13093275,1,5,1,0,6.425
1,-1.4843489186667271,2,0,1,0.019308607,0,14,0,1,3.0192
1,-1.5365240538386282,8,0,2,0.120543611,1,6,1,0,4.134
1,0.5105985211016534,8,0,2,0.13460348642857142,0,7,0,0,11.525
1,-1.020704601834245,6,0,1,0.030121709,1,3,1,1,9.68
1,1.903552474628559,7,0,1,0.072212787,1,9,2,1,0.0
1,-0.19574523548362432,2,0,1,0.01774202,0,8,2,1,0.0
3,-0.29946554127552266,5,1,0,0.047358246,1,4,1,0,3.5466
1,1.730069190845106,9,1,2,0.066400129,1,6,1,0,11.83
0,-1.4358768238557638,4,0,2,0.053939315,1,13,1,0,53.9125
1,0.07253652109775731,2,0,1,0.188619537,1,3,1,1,6.684000000000001
1,-1.0622342954158506,9,1,2,0.071103348,1,9,2,0,0.0
1,0.2519517045958384,9,1,2,0.137441201,1,13,1,0,61.0375
3,-1.3007254440503437,5,1,0,0.071106549,1,6,1,0,8.645000000000001
0,1.8897092434346898,0,0,0,0.134975628,1,5,1,0,6.825
0,-1.7244389621030067,0,0,0,0.104257037,0,15,1,0,10.935
2,0.6144019694232448,3,1,0,0.044372393,1,6,1,1,8.515
0,-1.6620820648333283,0,0,0,0.044526443,0,10,1,0,19.5195
1,1.6991433675889496,1,2,0,0.021407511,1,9,2,0,0.0
1,-0.5012236807337699,1,2,0,0.046848322,0,0,1,0,11.732000000000001
2,0.8544920128595248,3,1,0,0.037556341,1,5,1,1,10.425
1,-0.14298170702466548,6,0,1,0.048518008,0,0,1,1,7.650999999999999
1,0.4216903767535064,8,0,2,0.027617046,1,3,1,0,12.56
1,-0.8535753259930923,6,0,1,0.044917289,1,4,1,1,3.7766000000000006
1,-1.3629576275254829,2,0,1,0.034093203,0,14,0,1,9.996
1,0.5628152275384013,2,0,1,0.104365283,1,6,1,1,9.879999999999999
1,0.6490308330403397,7,0,1,0.021539999,1,6,1,1,8.775
2,0.5106400923664999,3,1,0,0.046962004,1,6,1,1,5.7005
1,1.2057915853392713,8,0,2,0.089816808,1,5,1,0,7.625
3,0.6772225461854413,5,1,0,0.079523619,1,4,1,0,5.888000000000001
1,1.6571084232499789,1,2,0,0.058886477,1,9,2,0,0.0
2,1.8311801003204888,3,1,0,0.077634044,1,6,1,1,3.7830000000000004
3,0.24071786971848524,5,1,0,0.113387677,0,8,2,0,0.0
1,-1.242154729671296,2,0,1,0.054937907,0,15,1,1,15.03
0,0.6745300073392327,4,0,2,0.1263349,1,3,1,0,6.968000000000001
0,1.4740317706558066,0,0,0,0.024815024,1,6,1,0,13.227500000000001
2,0.7543500336340246,3,1,0,0.023673342,0,14,0,1,8.211
1,-0.6965446697200243,8,0,2,0.087175137,1,4,1,0,7.4750000000000005
2,-1.5135927045914044,3,1,0,0.135258515,1,13,1,1,36.2425
1,-1.4609538899269852,1,2,0,0.097803261,1,3,1,0,6.800000000000001
1,1.6800397724972027,9,1,2,0.058192802,1,4,0,0,6.348000000000001
1,0.2391605461815452,8,0,2,0.087847141,1,5,1,0,5.5
1,-0.39481083609566275,9,1,2,0.124645538,1,5,1,0,9.0
1,1.5905848061268446,7,0,1,0.045076878,1,4,1,1,7.176
1,0.6596762746306349,8,0,2,0.03723211,0,14,0,0,8.007
0,1.6608530348757633,0,0,0,0.065771529,1,5,1,0,9.3
1,-1.0451932746184087,9,1,2,0.127066966,1,5,1,0,4.175
3,0.8081240636077126,5,1,0,0.049066248,1,13,1,0,99.75
1,0.024147568816486935,1,2,0,0.014925407,0,8,2,0,0.0
0,0.8220088660664278,0,0,0,0.036590807,1,5,1,0,6.15
1,1.559700554135534,7,0,1,0.017666978,0,15,1,1,9.175500000000001
3,-1.6653214257017483,5,1,0,0.071498575,0,7,0,0,20.9125
1,0.2115156550586542,9,1,2,0.011838464,1,9,2,0,0.0
0,-1.3960291676056373,0,0,0,0.089083914,1,6,1,0,12.805
2,-0.35269274922699956,3,1,0,0.041533438,1,6,1,1,12.8375
3,0.5856634342559321,5,1,0,0.045797829,1,13,1,0,97.85000000000001
1,-1.6733158997106814,8,0,2,0.110030997,1,5,1,0,7.925
1,-1.5508725357898614,1,2,0,0.071076672,0,8,2,0,0.0
0,-1.562064799402368,0,0,0,0.049617765,1,9,2,0,0.0
1,-0.303756974923518,2,0,1,0.10527024,1,5,1,1,9.35
1,-1.669571288084897,9,1,2,0.012167793,1,6,1,0,4.03975
2,-0.02806913762026091,3,1,0,0.090043082,1,3,1,1,11.280000000000001
1,-0.43364799083106,6,0,1,0.013035609,1,6,1,1,8.8725
3,0.7687400868501044,5,1,0,0.080649685,0,10,1,0,21.164
1,0.40305046115427806,6,0,1,0.04575559,1,13,1,1,74.1
1,0.7400015516827914,9,1,2,0.012467648,1,6,1,0,12.8375
1,-0.4703394287424594,6,0,1,0.100055601,1,5,1,1,9.6
3,1.2919656195763634,5,1,0,0.117530851,1,13,1,0,91.91250000000001
1,0.9093181156127883,2,0,1,0.054331235,0,12,1,1,40.49400000000001
0,0.06508886911103519,4,0,2,0.044607722,0,8,2,0,0.0
1,-0.021126736390903313,8,0,2,0.029653914,1,6,1,0,11.5375
0,-1.6871175596397034,4,0,2,0.053148497,0,8,2,0,0.0
1,-1.5663146617855166,8,0,2,0.023154399,1,13,1,0,80.03750000000001
1,0.06933873149418425,6,0,1,0.187523164,1,3,1,1,6.684000000000001
1,0.5079475535202913,9,1,2,0.0070382725,0,15,1,0,19.08
1,0.6804203357890148,9,1,2,0.023358738,1,4,1,0,5.221
1,-0.6204692550510165,2,0,1,0.030418998,1,5,1,1,2.94
1,-0.998403217138925,6,0,1,0.020555958,0,11,2,1,0.0
1,0.5047913351815647,2,0,1,0.042480566,1,4,0,1,7.9350000000000005
1,-0.37722299327601,9,1,2,0.052149675,1,13,1,0,87.875
1,0.06618251315545719,1,2,0,0.075444922,0,1,1,0,16.4375
1,0.925812314388019,8,0,2,0.115167579,0,14,0,0,6.018000000000001
1,-0.6183235382270189,8,0,2,0.023734872,0,0,1,0,19.599999999999998
1,-0.8775587480198916,9,1,2,0.0650227,1,3,1,0,15.76
1,0.5036976911371422,1,2,0,0.04421348,0,7,0,0,45.625
3,-0.5076192599409165,5,1,0,0.04368089,0,1,1,0,37.00000000000001
1,1.9088544097912832,9,1,2,0.026912667,1,5,1,0,8.75
2,-1.6296404893050778,3,1,0,0.012769753,0,10,1,1,9.0376
1,-1.270346442816398,8,0,2,0.076735903,1,4,0,0,2.8198
1,1.8173784403914666,7,0,1,0.186445212,1,9,2,1,0.0
1,0.8767933975548448,6,0,1,0.007278512,0,10,1,1,16.159
0,-0.6162193926678676,4,0,2,0.0708009757993644,0,10,1,0,14.729000000000001
1,-1.0175483834955181,9,1,2,0.049712775,1,6,1,0,12.5775
2,-1.5769185321109656,3,1,0,0.106097275,1,6,1,1,9.815
0,-1.011194375553218,4,0,2,0.035997636,0,11,2,0,0.0
2,-1.0297511486227535,3,1,0,0.017857847,1,4,0,1,6.141
1,1.1993960061321247,2,0,1,0.037278289,1,6,1,1,9.1
2,1.554903869730174,3,1,0,0.157470693,1,4,1,1,8.165000000000001
1,1.4441995914440715,1,2,0,0.056271701,0,2,1,0,48.475
1,-1.4891456030720869,9,1,2,0.150801606,0,14,0,0,7.446
1,-1.2075258660542014,9,1,2,0.010647477,0,10,1,0,8.8231
2,-0.2691281113064234,3,1,0,0.032573725,0,14,0,1,4.2126
1,-1.0164963107159424,9,1,2,0.026362624,1,5,1,0,7.15
1,1.3840299822632376,2,0,1,0.073080167,1,9,2,1,0.0
1,0.7490480984713,8,0,2,0.040205535,1,3,1,0,6.88
1,0.8320659143696655,8,0,2,0.121250374,1,13,1,0,99.03750000000001
1,-1.4460585859535409,8,0,2,0.031267496,1,3,1,0,11.200000000000001
1,-0.16696512905146485,7,0,1,0.090130537,1,13,1,1,31.6825
1,0.629297273396689,6,0,1,0.107870997,1,13,1,1,43.67625
2,1.5501071853248145,3,1,0,0.156679617,1,6,1,1,8.2225
1,0.4377208960362191,9,1,2,0.128235131,1,13,1,0,93.10000000000001
1,1.6837012415932942,6,0,1,0.066284519,1,6,1,1,11.83
1,0.5074423027629268,1,2,0,0.04672464933333333,1,6,1,0,5.7005
2,0.13485184710258935,3,1,0,0.0249887,1,9,2,1,0.0
2,0.6287504513744779,3,1,0,0.10188460833333333,1,3,1,1,13.36
1,-0.45010061834144427,9,1,2,0.099804623,1,13,1,0,47.5
0,-1.472651404296856,0,0,0,0.053732324,1,3,1,0,8.08
1,-0.8440235284472191,7,0,1,0.025813943,0,10,1,1,26.455
1,-1.4167316574991704,7,0,1,0.056191301,0,12,1,1,25.704
1,-0.4927239559674722,9,1,2,0.037681448,1,6,1,0,12.155
0,-0.6263180122359521,4,0,2,0.025039776,1,9,2,0,0.0
1,-0.8477265688081569,9,1,2,0.100555034,0,0,1,0,13.152999999999999
1,-0.5038746483151322,9,1,2,0.041803291,1,5,1,0,9.85
1,-1.6371297125566462,2,0,1,0.029953314,1,6,1,1,5.41125
1,0.0943326550357127,6,0,1,0.065797601,1,5,1,1,8.925
2,-1.5625700501597326,3,1,0,0.053589594,0,14,0,1,7.905
1,-0.9286402391473708,7,0,1,0.045361705,1,13,1,1,44.62625
2,-0.823237896023993,3,1,0,0.043141572,1,6,1,1,6.045000000000001
1,-0.3548800373158436,7,0,1,0.092781435,0,1,1,1,11.9625
0,-0.5699345859457483,0,0,0,0.027133398,0,8,2,0,0.0
3,-1.6094432501689093,5,1,0,0.041049322,1,3,1,0,11.600000000000001
1,-0.6332188422004632,7,0,1,0.056032247,0,0,1,1,24.29
1,-0.5305506091881401,6,0,1,0.07461309,1,4,1,1,9.246
3,1.9477331357915268,5,1,0,0.059557164,0,8,2,0,0.0
1,0.36316123363930536,7,0,1,0.02176755,0,1,1,1,30.375
1,1.6667433633255448,2,0,1,0.067836851,0,14,0,1,3.9831
1,-0.8216805724870526,2,0,1,0.069809115,1,9,2,1,0.0
1,0.2338170397539741,1,2,0,0.034575546,0,1,1,0,16.375
3,-0.3421304501663971,5,1,0,0.046816621,1,6,1,0,8.19
1,-0.0003411039676769909,9,1,2,0.129705008,1,13,1,0,24.201249999999998
1,-0.16587148500704285,6,0,1,0.019930418,1,5,1,1,7.55
1,0.21303140733074827,9,1,2,0.150248468,1,5,1,0,3.9125
3,0.14385682262625155,5,1,0,0.050256161,1,3,1,0,7.2
0,-1.5748559578166608,4,0,2,0.168901843,1,4,1,0,2.7255000000000003
3,1.7092835584218802,5,1,0,0.0204356334,1,13,1,0,35.245
3,-1.2181713076444967,5,1,0,0.160722863,1,6,1,0,13.715000000000002
1,-0.2739247957117832,9,1,2,0.125964559,0,8,2,0,0.0
0,0.485604597560125,4,0,2,0.0708009757993644,0,12,1,0,10.944600000000001
1,-0.5720387315048996,7,0,1,0.026934673,1,5,1,1,5.4475
2,-1.0499899590237687,3,1,0,0.033692089,1,5,1,1,4.0775
2,0.9093181156127883,3,1,0,0.099186992,1,5,1,1,6.55
1,0.02894425322184654,6,0,1,0.013493914,1,13,1,1,49.875
1,0.7623860789078043,8,0,2,0.132083542,1,6,1,0,7.897500000000001
1,-0.8136860984781196,1,2,0,0.015259084,1,3,1,0,5.924
0,-0.9839715926579987,0,0,0,0.083079826,1,6,1,0,12.5775
1,1.09719145261232,8,0,2,0.127449031,1,3,1,0,5.04
1,-0.5906786471041282,9,1,2,0.128289285,1,13,1,0,90.25
1,-0.7013829253902306,7,0,1,0.030212499,0,0,1,1,11.620000000000001
1,0.6341355290668955,6,0,1,0.018019662,1,5,1,1,9.875
1,0.5659714458771279,7,0,1,0.115911972,1,13,1,1,39.472500000000004
1,0.09546787034498118,9,1,2,0.066279832,1,5,1,0,7.575
1,-0.22448377065093708,6,0,1,0.093008616,1,9,2,1,0.0
0,1.2685705908366216,4,0,2,0.102371638,1,9,2,0,0.0
2,0.07358859387733285,3,1,0,0.107834541,1,13,1,1,48.42625
2,-1.2858301400768997,3,1,0,0.038610722,1,4,1,1,3.1832000000000003
0,0.049688314380226396,4,0,2,0.102157958,1,4,1,0,3.2545
1,-1.3837848312135554,8,0,2,0.096413261,1,9,2,0,0.0
1,1.47243287585402,6,0,1,0.010600287,1,9,2,1,0.0
1,-1.2006250360896902,6,0,1,0.073354286,0,11,2,1,0.0
1,-0.9062557119223582,1,2,0,0.014618973,0,0,1,0,11.165
1,0.1662413498512644,9,1,2,0.131708682,0,0,1,0,16.31
1,0.18433444342828173,1,2,0,0.028393624,1,4,0,0,4.1078
1,0.5765753162025771,9,1,2,0.045274134,1,5,1,0,7.85
1,-0.831232370032926,6,0,1,0.130931048,1,4,1,1,2.668
1,1.9232444630073624,7,0,1,0.125528734,1,13,1,1,64.125
1,1.2057500140744248,2,0,1,0.055518167,1,6,1,1,9.815
1,1.6512596660650436,9,1,2,0.044730667,1,9,2,0,0.0
1,0.24021261896112073,7,0,1,0.150319469,1,5,1,1,3.9125
1,-0.24203004220574362,9,1,2,0.087805788,1,6,1,0,4.322500000000001
1,-0.3942640140734518,9,1,2,0.041429246,1,6,1,0,12.8375
1,0.6660718538377816,9,1,2,0.106918052,0,0,1,0,22.4
1,0.2593993565825605,9,1,2,0.17824575,1,4,1,0,8.326
0,0.3637080556615163,0,0,0,0.019314961,1,4,0,0,5.566
0,-0.5560497834870334,4,0,2,0.148742896,0,0,1,0,13.44
1,-0.4592303076596459,8,0,2,0.036939673,1,13,1,0,58.425000000000004
0,0.69586246178467,0,0,0,0.195068226,1,13,1,0,84.075
1,-0.4283044844034891,6,0,1,0.052401766,1,5,1,1,8.35
1,-1.3847953327282845,9,1,2,0.06670068,1,13,1,0,36.6225
3,-0.27661733455799176,5,1,0,0.111777297,1,9,2,0,0.0
0,0.6681344281320861,4,0,2,0.009921107,0,0,1,0,8.379
1,0.6282036293522669,6,0,1,0.022914478,1,6,1,1,12.48
1,1.2733672752419816,1,2,0,0.045614252,1,3,1,0,4.724
2,-1.416226406741806,3,1,0,0.134037,0,0,1,1,6.832
1,-1.380040219587771,1,2,0,0.077169841,0,8,2,0,0.0
1,1.9136926654614892,2,0,1,0.021065311,0,10,1,1,25.5255
3,0.6846701981721635,5,1,0,0.044395576,1,6,1,0,10.9525
2,1.5831371541401225,3,1,0,0.098108957,0,8,2,1,0.0
1,1.2281345412994378,1,2,0,0.069043044,0,1,1,0,39.625
0,-0.20100559938150245,4,0,2,0.159096908,0,7,0,0,47.125
3,-0.7487613761567719,5,1,0,0.049934854,0,14,0,0,7.752
1,1.3058504220350786,9,1,2,0.107223632,1,4,1,0,5.428000000000001
1,0.25460267217720045,8,0,2,0.034604343,0,1,1,0,16.375
1,-0.2494361229276193,7,0,1,0.075347426,1,13,1,1,86.6875
1,-0.7998012960194045,1,2,0,0.074553522,1,13,1,0,72.9125
3,1.262175011629475,5,1,0,0.058185842,1,9,2,0,0.0
1,-1.4305748886930392,7,0,1,0.069565759,0,10,1,1,18.0895
1,-1.5812515370238074,1,2,0,0.151827552,0,14,0,0,3.1161000000000003
1,0.21412505137517027,9,1,2,0.173027688,1,13,1,0,76.0
1,0.17259535779356452,9,1,2,0.111613921,1,13,1,0,38.095
1,-0.2574305969365524,8,0,2,0.057396092,1,6,1,0,10.5625
1,0.12100861590872063,1,2,0,0.028939897600000004,0,8,2,0,0.0
2,-1.2171192348649211,3,1,0,0.111673587,0,1,1,1,23.25
3,0.6564369137622155,5,1,0,0.053185208,0,8,2,0,0.0
0,1.6533638116241947,0,0,0,0.094460314,0,0,1,0,15.82
1,0.15719480306275574,6,0,1,0.079312367,0,0,1,1,8.588999999999999
1,0.6932114942033075,7,0,1,0.137645467,0,10,1,1,9.98855
1,-0.6236670446545898,2,0,1,0.031225303,1,6,1,1,8.125
3,-0.6715507461784956,5,1,0,0.078912473,0,0,1,0,28.979999999999997
1,-0.1696160966328274,9,1,2,0.103080901,1,6,1,0,3.9715000000000003
1,-0.5300037871659291,6,0,1,0.043885147,0,1,1,1,37.0
1,0.1306019847194403,7,0,1,0.081328781,1,6,1,1,4.563
1,-1.4986974006179603,7,0,1,0.097510482,1,5,1,1,9.5
1,1.5384512422197896,6,0,1,0.059313603,1,9,2,1,0.0
1,-1.6802167296751922,9,1,2,0.0814536,0,11,2,0,0.0
1,0.6223548721673313,2,0,1,0.102633047,1,3,1,1,13.36
1,0.34081827767913897,2,0,1,0.035071955,1,9,2,1,0.0
1,0.5377381614671799,6,0,1,0.009991273,1,9,2,1,0.0
0,-1.631744634864229,0,0,0,0.077145553,1,5,1,0,3.3175
1,-0.2206975877603063,1,2,0,0.045631231,1,6,1,0,12.902500000000002
1,-0.8765066752403161,9,1,2,0.09942555,1,5,1,0,8.0
1,0.6250474110135403,9,1,2,0.119647957,1,6,1,0,10.855
1,1.2626802623868394,7,0,1,0.17635245,1,6,1,1,12.902500000000002
1,0.7543500336340246,6,0,1,0.07603021,1,5,1,1,6.325
3,-1.0143090226270983,5,1,0,0.026933321,0,10,1,0,14.443
1,-1.0580260042975482,1,2,0,0.13030659,0,0,1,0,20.02
1,-0.1568249382185342,8,0,2,0.061184804,1,9,2,0,0.0
3,-0.48578155473811463,5,1,0,0.021498768,1,6,1,0,5.70375
2,0.03315254434014913,3,1,0,0.029843736,1,4,1,1,6.44
1,-0.6992372085662328,2,0,1,0.038363204,1,4,1,1,3.1763000000000003
2,1.37553025749694,3,1,0,0.037033223,0,10,1,1,14.864849999999999
1,0.8964853859336486,1,2,0,0.043122189,1,6,1,0,7.3775
3,0.03050157675878706,5,1,0,0.02624324,0,0,1,0,14.7
2,-1.2655913296758843,3,1,0,0.089069748,1,6,1,1,5.06025
1,-0.8999432752449045,6,0,1,0.073721115,1,3,1,1,10.0
2,-0.6359113810466717,3,1,0,0.026409147,1,6,1,1,10.075000000000001
1,1.0386207382332726,7,0,1,0.073977473,1,3,1,1,13.200000000000001
2,-0.5906786471041282,3,1,0,0.162903525,1,13,1,1,51.5375
1,-0.6258127614785876,1,2,0,0.105220024,0,0,1,0,15.61
1,-1.6594310972519661,6,0,1,0.041373331,1,13,1,1,83.60000000000001
0,1.9408323058270156,0,0,0,0.021842517,1,5,1,0,3.5175
0,-1.0729213082709925,4,0,2,0.031139933,1,4,0,0,6.141
1,0.5841061107189921,8,0,2,0.08962340416666666,0,2,1,0,31.1325
0,-0.9664253211031925,0,0,0,0.098312421,0,8,2,0,0.0
1,0.3796970036793826,7,0,1,0.032321608,0,8,2,1,0.0
3,1.3196520819641009,5,1,0,0.144338493,0,8,2,0,0.0
0,-0.16805877309588688,0,0,0,0.160852421,0,10,1,0,21.593
2,-0.5251655314957229,3,1,0,0.084179812,0,7,0,1,15.962499999999999
1,1.7598597987919946,8,0,2,0.074345268,1,13,1,0,45.125
0,-0.7136272617823125,0,0,0,0.063850971,1,4,1,0,3.1763000000000003
0,-1.7350428324284557,0,0,0,0.064410783,1,9,2,0,0.0
1,-0.12169082384407506,7,0,1,0.122742389,1,3,1,1,12.56
1,1.5128689253912038,2,0,1,0.011351778,1,9,2,1,0.0
1,-0.608183347394088,7,0,1,0.093071679,0,8,2,1,0.0
1,-0.7439646917514119,6,0,1,0.050168354,0,14,0,1,7.752
1,0.8709446403699092,6,0,1,0.054015429,0,12,1,1,40.49400000000001
1,-1.6562333076483928,1,2,0,0.014007727,1,5,1,0,7.675
2,-1.0664841577989994,3,1,0,0.011472001,1,13,1,1,50.80125
2,0.07522905994396585,3,1,0,0.038685176,1,13,1,1,79.325
1,-0.47782865199402796,8,0,2,0.114565093,1,3,1,0,12.56
1,1.4298095382279923,1,2,0,0.101747034,1,3,1,0,3.692
1,-1.5891628685030474,8,0,2,0.045308131,1,4,0,0,8.786000000000001
0,-1.327318262393659,0,0,0,0.073480266,0,15,1,0,6.354
3,0.6836181253925879,5,1,0,0.09147267,0,11,2,0,0.0
1,-0.5055151143817652,1,2,0,0.022047313,1,4,1,0,7.682
1,-0.26651871498990753,8,0,2,0.071371458,0,8,2,0,0.0
1,-0.8988080599356361,2,0,1,0.040187877,0,11,2,1,0.0
1,-0.4655427443370995,1,2,0,0.099991245,1,5,1,0,9.6
1,-0.6726443902229176,2,0,1,0.152918384,0,2,1,1,65.10000000000001
1,-0.0008879259898879923,1,2,0,0.03467086,1,3,1,0,15.4
1,-0.5283633210992961,1,2,0,0.016197216,0,8,2,0,0.0
1,-1.588657617745683,8,0,2,0.05629192,1,5,1,0,8.8
0,0.3045905192602574,4,0,2,0.145951533,1,9,2,0,0.0
0,0.3269750464852702,4,0,2,0.102295904,1,6,1,0,7.897500000000001
1,0.24820709297005386,7,0,1,0.050065211,1,4,1,1,3.3511
1,-0.9866641315042075,1,2,0,0.104421237,1,3,1,0,7.6000000000000005
3,0.5367276599524508,5,1,0,0.121635591,1,6,1,0,10.790000000000001
1,0.10287395106685683,6,0,1,0.139426044,1,5,1,1,6.675
0,0.8443102507617477,4,0,2,0.158562708,1,9,2,0,0.0
2,-0.30964730337330004,3,1,0,0.113123893,0,14,0,1,4.5135
1,-0.4400019987733601,8,0,2,0.067154053,1,9,2,0,0.0
1,0.686774343731315,6,0,1,0.021569566,0,12,1,1,15.136800000000001
1,0.3749003192740225,9,1,2,0.011557563,1,4,0,0,5.566
2,0.6053138513698896,3,1,0,0.037383778,0,14,0,1,8.007
1,-0.6114227082625078,8,0,2,0.056465714,0,1,1,0,52.125
1,-0.7035286422142282,6,0,1,0.039484739,1,13,1,1,39.87625
3,0.08907229113783457,5,1,0,0.027812304,1,13,1,0,34.55625
1,-0.420310010394556,8,0,2,0.049067877,1,13,1,0,83.60000000000001
1,-0.9520352678871127,6,0,1,0.058725131,0,8,2,1,0.0
3,-0.842929884402797,5,1,0,0.11547881675,1,4,0,0,8.096000000000002
1,-0.42089840368161346,6,0,1,0.044974051,1,6,1,1,6.62675
1,0.005466081952412135,1,2,0,0.05190268,1,9,2,0,0.0
0,-0.34957810215311924,4,0,2,0.009714595,1,5,1,0,3.965
1,0.6005587382293764,9,1,2,0.149598628,1,13,1,0,63.4125
1,0.2338170397539741,6,0,1,0.049954435,1,4,1,1,3.3511
0,-0.8392268440418592,4,0,2,0.045105407,0,10,1,0,26.455
1,-0.6699518513767091,6,0,1,0.037574137,0,8,2,1,0.0
1,-1.392831378002064,7,0,1,0.054751689,0,8,2,1,0.0
1,0.7011643969473942,8,0,2,0.031095246,1,13,1,0,40.99250000000001
1,0.9183646624012969,8,0,2,0.007279889,0,10,1,0,16.159
2,-0.4586419143725884,3,1,0,0.076431919,0,10,1,1,25.168
1,0.8459091455635342,1,2,0,0.027058066,0,10,1,0,27.5275
1,-0.266013464232543,6,0,1,0.107815734,1,5,1,1,2.9925
1,0.6500413345550689,8,0,2,0.023322478,1,4,1,0,5.221
2,1.692747788381803,3,1,0,0.021512619,1,9,2,1,0.0
1,-0.26807603852684764,2,0,1,0.113302223,0,14,0,1,4.5135
1,0.6484840110181288,6,0,1,0.03722507,0,14,0,1,8.007
0,-0.36767119573013657,4,0,2,0.127599399,1,13,1,0,46.550000000000004
2,-0.47193832354424614,3,1,0,0.128937661,1,6,1,1,11.115000000000002
1,-0.8669133064295964,8,0,2,0.12888573,0,1,1,0,41.875
0,-1.0398913394556841,4,0,2,0.0708009757993644,1,5,1,0,7.8
1,-1.619500298472147,8,0,2,0.019372253,0,7,0,0,29.125
1,-0.6609053045882004,1,2,0,0.07155058439999999,1,3,1,0,12.96
1,-1.7079031920629295,8,0,2,0.111274591,0,0,1,0,17.22
2,-1.4098308275346596,3,1,0,0.040346436,1,5,1,1,4.4675
3,0.9061203260092148,5,1,0,0.095931002,0,14,0,0,7.8285
1,0.5068539094758694,6,0,1,0.031145743,1,9,2,1,0.0
1,1.0721559578059452,1,2,0,0.096132367,1,13,1,0,59.85
2,-1.3454113559706762,3,1,0,0.061424738,0,2,1,1,27.6325
1,-0.9760186899139122,9,1,2,0.058827557,0,8,2,0,0.0
1,-1.4885987810498758,7,0,1,0.009898492,0,8,2,1,0.0
1,-0.5858819626987681,2,0,1,0.029662795,1,13,1,1,24.58125
1,0.5760700654452126,6,0,1,0.034880143,1,3,1,1,4.752000000000001
1,0.07893210030490391,2,0,1,0.043809261,1,6,1,1,3.8870000000000005
2,1.963216833052028,3,1,0,0.021938404,1,5,1,1,3.5175
2,-1.4939422874774468,3,1,0,0.046673494,1,6,1,1,5.320250000000001
0,-0.38892050764588093,0,0,0,0.048004263,1,9,2,0,0.0
1,-1.086764539464861,2,0,1,0.027052013,1,9,2,1,0.0
1,1.8333258171444868,1,2,0,0.020934413,0,8,2,0,0.0
1,-0.40167009479532745,1,2,0,0.170141787,1,3,1,0,9.440000000000001
1,-0.26761235903432956,2,0,1,0.04908659066666667,1,9,2,1,0.0
1,-0.1882560122320557,9,1,2,0.041291929,1,9,2,0,0.0
1,-0.4560325180560728,9,1,2,0.034457776,0,7,0,0,20.65
3,1.385628877065024,5,1,0,0.01583438,0,1,1,0,34.125
1,-0.6401196721649741,8,0,2,0.059352241,1,13,1,0,36.86
3,1.5985792801357777,5,1,0,0.044767801,1,4,1,0,7.176
1,-0.3516822477122703,6,0,1,0.072284689,1,5,1,1,2.8825
1,-0.35323957124921057,9,1,2,0.021306635,0,0,1,0,18.62
0,-0.9722740782881278,0,0,0,0.029893094,1,13,1,0,64.125
1,0.6761704734058658,9,1,2,0.043831721,1,13,1,0,62.4625
1,-0.2175413694215797,1,2,0,0.03773288,1,13,1,0,47.5
0,0.6452862214145553,0,0,0,0.180588082,1,13,1,0,43.67625
0,-0.6108758862402968,0,0,0,0.051970788,1,6,1,0,8.125
1,1.889162421412479,1,2,0,0.022864238,1,5,1,0,3.425
3,0.5792678550487855,5,1,0,0.01401884,1,5,1,0,5.9
0,-0.04990684282306231,0,0,0,0.190569038,0,1,1,0,32.0
0,0.37431192598696506,0,0,0,0.161182103,0,14,0,0,4.896
1,0.8906782000135595,1,2,0,0.012447775,0,10,1,0,14.57885
2,0.6494945125328578,3,1,0,0.162093059,1,3,1,1,12.0
2,-1.0654736562842704,3,1,0,0.030250132,1,3,1,1,9.68
1,0.8805380091806289,6,0,1,0.068925304,1,6,1,1,5.824000000000001
1,-0.6789983981652177,1,2,0,0.046232445,0,0,1,0,8.61
1,-1.050578352310826,2,0,1,0.065431917,1,4,1,1,7.36
3,0.6649782097933595,5,1,0,0.022807826,1,6,1,0,12.48
1,-0.8067436972487619,8,0,2,0.036390174,1,13,1,0,80.03750000000001
1,1.3116576079551678,9,1,2,0.12848269,0,0,1,0,13.573
2,0.009252264843042675,3,1,0,0.130031207,1,13,1,1,24.201249999999998
0,-1.3454113559706762,0,0,0,0.018310142,1,13,1,0,31.4925
1,0.11936814984208763,7,0,1,0.028656248,1,9,2,1,0.0
1,0.8736371792161177,1,2,0,0.088750333,1,5,1,0,9.125
1,0.8831889767619908,1,2,0,0.072851756,1,5,1,0,6.825
0,0.8703978183476981,0,0,0,0.156307983,1,4,1,0,3.0429000000000004
1,0.6372917474056221,1,2,0,0.037201127,0,14,0,0,8.007
1,-0.7604588905266428,2,0,1,0.043483398,0,0,1,1,10.85
1,1.8264249871799756,9,1,2,0.074035365,1,4,1,0,5.796
1,-0.25103501772940584,6,0,1,0.057385239,1,6,1,1,10.5625
1,-0.6971330630070818,9,1,2,0.098566832,0,10,1,0,15.444
1,-0.4347000636106355,2,0,1,0.052708138,1,5,1,1,8.35
1,-1.4880519590276649,9,1,2,0.17174348,0,10,1,0,26.598000000000003
1,-0.010481294800608113,9,1,2,0.041009558,1,13,1,0,76.0
3,1.3649263871714907,5,1,0,0.042354152,1,6,1,0,4.787249999999999
0,0.8794443651362068,0,0,0,0.043021542,1,9,2,0,0.0
2,-0.5049682923595542,3,1,0,0.031410378,1,6,1,1,6.175
3,0.9226145247844455,5,1,0,0.054366282,0,8,2,0,0.0
1,-0.2276399889896639,9,1,2,0.039329257,1,9,2,0,0.0
1,-0.6688997785971336,6,0,1,0.031439206,1,3,1,1,10.920000000000002
2,1.412851659960243,3,1,0,0.064325351,0,7,0,1,19.7625
1,-1.0478858134646174,8,0,2,0.027064381,0,10,1,0,14.443
1,0.5015935455779912,6,0,1,0.105276162,1,13,1,1,74.1
0,0.4818599859343409,4,0,2,0.058092551,1,13,1,0,61.0375
1,-1.4177837302787462,7,0,1,0.020589623,1,6,1,1,10.627500000000001
1,-1.6296404893050778,6,0,1,0.024848788,0,14,0,1,8.5425
3,-1.645082615300733,5,1,0,0.023730950666666667,0,7,0,0,29.125
1,0.5398838782911775,8,0,2,0.167383061,1,9,2,0,0.0
1,0.7820364960217621,2,0,1,0.071301323,1,6,1,1,4.992
0,-0.0030336428138859834,4,0,2,0.02363057,1,13,1,0,49.875
3,-1.0058092978608006,5,1,0,0.072486326,1,3,1,0,13.8
1,-1.0100591602439495,7,0,1,0.186236236,0,0,1,1,17.29
1,1.5730385345720383,9,1,2,0.12953868,0,12,1,0,42.33
1,-0.8493254636099434,1,2,0,0.044460448,1,4,1,0,9.131
1,-0.7386627565886875,9,1,2,0.02454694,0,1,1,0,13.149999999999999
3,-0.7764062672796627,5,1,0,0.031251369,0,0,1,0,11.472999999999999
1,-0.23403556819681048,1,2,0,0.039235527,1,9,2,0,0.0
1,-1.2575552844021047,2,0,1,0.071856726,1,6,1,1,8.645000000000001
3,-1.0558802874735504,5,1,0,0.092241348,1,4,0,0,9.522
1,-0.3708274140688634,6,0,1,0.093278912,1,13,1,1,58.6625
3,1.6789461284527807,5,1,0,0.056161529,0,0,1,0,15.82
3,0.5596174379348278,5,1,0,0.082353076,1,9,2,0,0.0
0,-1.4768596954151585,0,0,0,0.0708009757993644,1,3,1,0,6.968000000000001
1,1.3872277718668107,6,0,1,0.063162608,1,5,1,1,5.0
0,-0.8509243584117302,4,0,2,0.1107011,1,4,1,0,5.221
0,-0.18985490703384225,4,0,2,0.050535312,0,8,2,0,0.0
0,0.23541593455576112,0,0,0,0.0708009757993644,1,5,1,0,3.9125
3,0.8230193675811568,5,1,0,0.075791641,1,4,1,0,9.315000000000001
1,-0.017382124765118787,9,1,2,0.012627478,1,13,1,0,86.45
1,1.3430471107038429,1,2,0,0.022406575,1,6,1,0,13.065000000000001
1,-0.19414634068183778,8,0,2,0.016107549,0,8,2,0,0.0
1,0.779973921727457,2,0,1,0.012518707,1,6,1,1,12.8375
1,0.14284632111152248,1,2,0,0.010755465,0,7,0,0,20.525000000000002
0,-0.782255024464598,4,0,2,0.113139486,0,15,1,0,11.07
1,1.6241615969643637,2,0,1,0.149360698,1,6,1,1,4.85875
3,0.14970557981118715,5,1,0,0.086360962,0,7,0,0,22.200000000000003
0,-0.1813551822675446,0,0,0,0.105742544,0,2,1,0,22.4875
1,0.5819603938949941,1,2,0,0.04280113,1,4,1,0,9.522
0,1.8614759590247423,0,0,0,0.115194717,1,3,1,0,17.080000000000002
1,1.7582193327253615,9,1,2,0.094308058,1,9,2,0,0.0
1,-0.43255434678663796,7,0,1,0.076914745,1,13,1,1,91.91250000000001
1,-0.8663664844073852,6,0,1,0.038204311,1,4,1,1,3.8180000000000005
1,1.8764544055278785,2,0,1,0.065960909,1,5,1,1,2.8475
1,0.3504116464898586,6,0,1,0.034868095,1,9,2,1,0.0
1,1.9823619994086215,8,0,2,0.005235143,1,4,1,0,9.131
1,0.8353052752380851,1,2,0,0.159722816,1,5,1,0,8.425
1,-0.9232967327198,1,2,0,0.024635077,0,14,0,0,10.047
1,-0.37831663732043197,8,0,2,0.12152072,1,6,1,0,5.018
1,0.23806690213712317,8,0,2,0.043655155,1,6,1,0,8.84
1,-0.7923952152975289,8,0,2,0.041921462,1,13,1,0,31.70625
1,-0.7045391437289574,7,0,1,0.024999711,1,6,1,1,10.465000000000002
2,-0.5123743730814299,3,1,0,0.016276741,0,8,2,1,0.0
1,-0.1536687198798076,9,1,2,0.122684413,1,3,1,0,12.56
1,-1.2996318000059217,8,0,2,0.121632721,0,0,1,0,22.189999999999998
1,-1.2331081828827872,6,0,1,0.037889224,0,10,1,1,17.3745
0,-0.3415836281441861,4,0,2,0.050901814,1,9,2,0,0.0
3,-0.8471797467859459,5,1,0,0.12517151,1,6,1,0,9.165000000000001
2,-0.7796456281480821,3,1,0,0.043414959,0,0,1,1,10.85
0,-1.2123225504595612,4,0,2,0.139419417,0,10,1,0,11.18975
1,-0.6683529565749223,2,0,1,0.039715591,1,13,1,1,39.87625
1,0.8949280623967085,1,2,0,0.017311312,0,14,0,0,4.2993
1,0.9055735039870038,8,0,2,0.08339896233333333,1,6,1,0,10.627500000000001
1,-0.8258888636053551,1,2,0,0.062172698,0,0,1,0,29.19
2,-1.6919558153099097,3,1,0,0.064022881,1,9,2,1,0.0
1,0.35196897002679867,6,0,1,0.062516602,0,0,1,1,27.09
1,-1.0036635810368029,6,0,1,0.021322439,1,9,2,1,0.0
1,-1.566356233050363,9,1,2,0.0160526,0,1,1,0,44.0
1,-0.2494361229276193,6,0,1,0.037901581,0,15,1,1,12.735000000000001
0,1.3915192055148062,4,0,2,0.179484411,1,4,1,0,6.141
0,0.20402643180708607,0,0,0,0.063416566,0,0,1,0,24.849999999999998
3,0.3796970036793826,5,1,0,0.005949644,1,9,2,0,0.0
1,-1.4571677070363545,8,0,2,0.17138805,1,6,1,0,9.5225
1,1.9440300954305887,6,0,1,0.087629354,1,4,1,1,4.1147
1,1.3303390948192426,1,2,0,0.060885487800000006,1,6,1,0,6.565
1,1.5362639541309457,8,0,2,0.018813601,0,8,2,0,0.0
1,0.21092726177159674,9,1,2,0.073306615,1,3,1,0,14.4
1,0.1390601382208915,1,2,0,0.055943697,0,8,2,0,0.0
1,-1.360895053231178,9,1,2,0.05337973,1,5,1,0,5.3475
1,-0.9361294623989393,9,1,2,0.0576269,1,4,1,0,8.602
3,0.06298472355188411,5,1,0,0.075142108,0,1,1,0,16.4375
1,0.28548692416851096,2,0,1,0.095696334,0,0,1,1,21.139999999999997
2,-1.2102184049004099,3,1,0,0.07366703,0,11,2,1,0.0
2,-0.7157314073414636,3,1,0,0.025050746,1,6,1,1,10.465000000000002
0,1.726871401241533,0,0,0,0.050657232,0,1,1,0,20.0
1,-0.004632537615672519,7,0,1,0.050186519000000006,0,14,0,1,5.9159999999999995
2,1.3771291522987263,3,1,0,0.016030344,1,13,1,1,80.75
1,-1.646176259345155,7,0,1,0.037971697,0,8,2,1,0.0
1,-0.8067852685136084,7,0,1,0.074390007,1,9,2,1,0.0
1,0.457371313150177,8,0,2,0.095378221,0,14,0,0,7.2165
1,0.6431820758554042,1,2,0,0.063278652,1,4,1,0,7.406000000000001
1,-0.8722568128571673,7,0,1,0.040071131,0,10,1,1,11.3971
1,-0.4054147064211117,2,0,1,0.097611115,0,8,2,1,0.0
3,-1.2379048672881472,5,1,0,0.037712875,0,10,1,0,17.3745
1,0.4232892715552929,6,0,1,0.08062523,1,9,2,1,0.0
0,0.5281447926564602,4,0,2,0.114243048,1,13,1,0,42.75
1,1.4272001419114762,6,0,1,0.015908424,0,1,1,1,34.125
1,1.898250539465834,7,0,1,0.035984104,1,6,1,1,10.53
1,-1.437517289922397,7,0,1,0.021629781,1,3,1,1,6.916
2,1.8104360391621093,3,1,0,0.026248606,1,13,1,1,83.125
1,0.5313425822600333,2,0,1,0.067314073,1,13,1,1,93.575
1,-0.47092782202951683,8,0,2,0.035506142,1,13,1,0,74.1
1,-0.9429887210986041,7,0,1,0.183879453,0,14,0,1,7.2165
1,1.8753607614834567,1,2,0,0.066674465,1,5,1,0,5.65
1,0.5372329107098154,8,0,2,0.037581243,1,6,1,0,8.515
1,0.3652653791984564,2,0,1,0.085757338,1,6,1,1,3.6757500000000003
1,1.7129865987828177,6,0,1,0.010010425,1,13,1,1,37.54875
1,-0.5932880434206438,7,0,1,0.068263916,1,3,1,1,13.200000000000001
1,0.2950802929792306,9,1,2,0.089917769,0,8,2,0,0.0
1,-1.5615179773801569,2,0,1,0.04217956,1,13,1,1,48.42625
1,-1.612599468507636,6,0,1,0.007145063,1,13,1,1,75.2875
1,-1.472651404296856,2,0,1,0.08154715,1,13,1,1,42.25125
1,0.1263521223362917,1,2,0,0.086060695,1,5,1,0,3.65
0,-0.2383270018448058,4,0,2,0.0708009757993644,0,2,1,0,54.6
1,-0.3420888789015506,2,0,1,0.021578923,1,6,1,1,12.5775
0,-0.3282872189725284,4,0,2,0.091411749,0,8,2,0,0.0
0,1.5368523474180031,4,0,2,0.136592891,0,10,1,0,21.45
0,0.5297436874582467,0,0,0,0.118297605,1,13,1,0,100.7
1,1.6422131192765346,2,0,1,0.047697859,1,5,1,1,4.8475
1,-0.9312912067287331,9,1,2,0.110163385,1,6,1,0,8.125
1,1.2967623039817235,9,1,2,0.053667516,1,6,1,0,6.565
3,0.8613512715591894,5,1,0,0.053764023,0,12,1,0,40.49400000000001
2,-0.3335475828704065,3,1,0,0.06823032,1,4,1,1,8.671000000000001
1,1.064708305819223,2,0,1,0.026492726,1,5,1,1,4.4475
1,0.7825833180439731,6,0,1,0.113195815,1,6,1,1,9.977500000000001
0,-0.6827014385261555,0,0,0,0.079113947,1,13,1,0,81.9375
2,0.3328238036702058,3,1,0,0.042649476,1,5,1,1,8.85
0,-1.2283114984774275,4,0,2,0.066351687,0,10,1,0,17.3745
1,0.921015629982659,2,0,1,0.054939848,0,8,2,1,0.0
1,0.6218496214099668,1,2,0,0.036641589,1,5,1,0,6.575
1,-1.353364258714763,8,0,2,0.026537206,1,5,1,0,8.3
1,-0.48897934434168794,1,2,0,0.074565098,1,4,1,0,9.246
1,-0.706138038530744,1,2,0,0.011603492,1,5,1,0,8.85
1,0.717111773700414,1,2,0,0.007450258,1,9,2,0,0.0
1,1.2893562232598479,7,0,1,0.05716420533333333,1,3,1,1,4.724
3,-0.33838583854061277,5,1,0,0.025841875,1,6,1,0,5.71025
1,1.157866312550519,6,0,1,0.1810508585,1,5,1,1,3.735
3,0.7230021021501961,5,1,0,0.067175915,0,0,1,0,24.849999999999998
1,1.4399913003257694,9,1,2,0.08802343066666667,1,4,0,0,6.486
1,0.37060888562602745,1,2,0,0.038705317,1,9,2,0,0.0
1,0.5122389871682869,8,0,2,0.046771477,1,6,1,0,5.7005
1,0.03159522080320906,8,0,2,0.067779712,0,8,2,0,0.0
2,-0.4442518611565089,3,1,0,0.115031783,1,3,1,1,12.56
1,1.1919067828805563,2,0,1,0.020441939,0,14,0,1,7.8285
1,-1.5248265394687572,1,2,0,0.13940868866666667,1,3,1,0,6.968000000000001
0,-0.7429126189718362,0,0,0,0.145913308,1,4,1,0,7.4750000000000005
3,-1.6610299920537528,5,1,0,0.160707489,1,6,1,0,11.83
1,0.46746993271826115,6,0,1,0.058719726,0,0,1,1,16.31
1,0.9130211559737259,8,0,2,0.015278899,1,13,1,0,86.6875
1,-1.5828088605607473,6,0,1,0.109075742,0,14,0,1,4.79145
0,1.844981760249511,0,0,0,0.130095044,1,13,1,0,86.6875
1,-1.271986908883031,9,1,2,0.038014104,1,5,1,0,4.655
0,0.8044210232467744,0,0,0,0.118672537,1,6,1,0,4.992
1,-1.6392338581157977,2,0,1,0.10764721,1,5,1,1,8.625
3,1.434142543140834,5,1,0,0.036360386,1,9,2,0,0.0
1,1.266424874012624,8,0,2,0.055433377,1,4,1,0,7.82
1,-1.4151743339622305,6,0,1,0.057302606,1,13,1,1,75.2875
1,-1.6717170049088947,7,0,1,0.079592733,0,8,2,1,0.0
1,-0.38942575840324545,6,0,1,0.076841095,1,9,2,1,0.0
1,-0.48367740917896357,2,0,1,0.058812134,0,8,2,1,0.0
1,0.18433444342828173,7,0,1,0.023190134,0,11,2,1,0.0
1,-0.6539629033588428,6,0,1,0.027310252,1,6,1,1,6.695
0,1.1690170048981794,4,0,2,0.157257637,1,5,1,0,7.625
1,0.3046320905251038,6,0,1,0.03525037,1,6,1,1,9.6525
0,-1.378946575543349,0,0,0,0.056744064,0,14,0,0,9.996
0,-0.16751195107367586,0,0,0,0.0926587,0,0,1,0,26.39
2,-1.2788877388475421,3,1,0,0.0489808,0,1,1,1,31.5
0,-0.7583131737026451,0,0,0,0.039255412,1,6,1,0,13.39
1,0.2646597204804382,2,0,1,0.137972993,0,7,0,1,47.125
0,0.3865562623790473,0,0,0,0.109667698,0,10,1,0,27.6705
0,0.1821887266042842,4,0,2,0.006289291,0,7,0,0,14.7
1,0.6793266917445928,8,0,2,0.16717269950000002,0,15,1,0,15.93
1,-0.3953160868530273,7,0,1,0.028738058,1,9,2,1,0.0
1,0.8656011339423381,9,1,2,0.083643716,1,3,1,0,10.4
1,-0.6507651137552695,1,2,0,0.037549969,0,8,2,0,0.0
1,-0.945722831209659,6,0,1,0.020711996,0,1,1,1,32.875
1,-0.25692534617918766,2,0,1,0.126958147,1,9,2,1,0.0
2,-0.33148500857610164,3,1,0,0.123070513,1,4,1,1,6.578
1,1.3957690678979546,6,0,1,0.070778105,1,5,1,1,9.35
0,-0.35702575413984133,0,0,0,0.13893181,0,0,1,0,28.84
0,0.47866219633076734,0,0,0,0.0708009757993644,1,9,2,0,0.0
3,0.12736262385102076,5,1,0,0.089120516,1,13,1,0,39.2825
1,0.5814135718727831,1,2,0,0.024630755,1,9,2,0,0.0
1,-1.6424316477193708,2,0,1,0.012789884,0,10,1,1,9.0376
1,1.4277053926688408,8,0,2,0.056872392,1,13,1,0,65.55
3,0.7937755816564793,5,1,0,0.088551694,1,9,2,0,0.0
1,0.7922182581195393,9,1,2,0.040268044,1,3,1,0,6.88
1,-0.23247824465987021,2,0,1,0.014072399,0,14,0,1,3.50115
3,1.952024569439522,5,1,0,0.087221497,1,4,1,0,4.1147
0,-0.7727032269187248,4,0,2,0.041063069,1,6,1,0,13.39
3,-0.8136860984781196,5,1,0,0.092933158,1,6,1,0,4.76125
2,-0.6199224330288055,3,1,0,0.145220646,1,13,1,1,34.2475
0,-1.5742675645296031,0,0,0,0.040725405,1,9,2,0,0.0
1,0.28868471377208405,2,0,1,0.090286009,0,8,2,1,0.0
0,0.545732635476113,0,0,0,0.016726506,1,9,2,0,0.0
1,-1.6290936672828666,2,0,1,0.099553084,1,5,1,1,6.425
1,-1.6397806801380086,7,0,1,0.007160908,1,13,1,1,75.2875
0,-0.7343713229406922,4,0,2,0.087854925,0,14,0,0,7.752
1,-1.701507612855783,1,2,0,0.030330202,0,8,2,0,0.0
3,-1.2708932648386089,5,1,0,0.158424516,1,6,1,0,11.2125
1,-1.3544994740240317,9,1,2,0.012223687,1,6,1,0,11.83
2,-0.6407080654520315,3,1,0,0.023071504,1,9,2,1,0.0
1,-1.4481211602478457,7,0,1,0.153806271,1,3,1,1,6.272
0,1.2818670000082792,4,0,2,0.0708009757993644,1,6,1,0,12.902500000000002
3,-0.280361946183776,5,1,0,0.037516862,1,4,1,0,2.2103
1,0.2481655217052074,7,0,1,0.097398254,1,13,1,1,68.875
1,1.2158902049073557,8,0,2,0.024991056,1,6,1,0,6.825
1,0.3860925828865292,2,0,1,0.011604894,1,4,0,1,5.566
0,-0.5353057223286537,4,0,2,0.075215349,1,6,1,0,9.49
1,-1.539680272177355,1,2,0,0.096387053,1,4,1,0,2.7255000000000003
1,-1.3384689547413189,9,1,2,0.053305463,1,6,1,0,12.805
3,1.3946754238535328,5,1,0,0.021273161,0,2,1,0,28.21
1,1.3335368844228157,6,0,1,0.055548003,0,1,1,1,17.625
1,1.675789910114054,1,2,0,0.040338009,1,9,2,0,0.0
1,-0.3564373608527839,8,0,2,0.085274988,0,10,1,0,19.8055
1,0.34612021284186356,8,0,2,0.011539622,1,4,0,0,5.566
1,-0.49116663243053194,7,0,1,0.07070298666666666,0,14,0,1,2.3409
0,-1.5998498813581894,4,0,2,0.077427883,1,5,1,0,8.1
2,-0.018981019566905778,3,1,0,0.012659235,1,13,1,1,86.45
1,0.8991779247798571,7,0,1,0.007294652,0,10,1,1,16.159
1,-0.4277576623812781,1,2,0,0.172453254,1,6,1,0,10.14
0,1.8721629718798836,0,0,0,0.033807904,1,9,2,0,0.0
1,1.4293042874706274,8,0,2,0.090913642,1,5,1,0,7.175
1,0.05124563791716646,7,0,1,0.024705597,1,9,2,1,0.0
0,0.35411468685079667,0,0,0,0.090008963,1,6,1,0,7.215
1,-0.23247824465987021,9,1,2,0.093170838,1,9,2,0,0.0
1,0.046448953511806855,8,0,2,0.032454046,1,5,1,0,5.4475
1,1.1365754293699282,2,0,1,0.18520944,1,3,1,1,10.920000000000002
1,-0.33624012171661505,7,0,1,0.019462623,1,13,1,1,100.9375
1,1.966414622655602,1,2,0,0.026848529,1,5,1,0,8.75
1,-0.1344819822583678,7,0,1,0.096295326,0,10,1,1,21.593
1,0.04964674311537992,1,2,0,0.174934513,0,14,0,0,2.8840500000000002
3,1.4505951706512181,5,1,0,0.101338651,1,3,1,0,3.692
1,-0.7465740880679277,7,0,1,0.035728302,0,8,2,1,0.0
2,-1.3204174324291478,3,1,0,0.030211742,1,3,1,1,10.4
1,0.2780392721817888,9,1,2,0.048092816,0,7,0,0,26.25
1,-1.0462869186628307,6,0,1,0.044869794,0,14,0,1,7.548000000000001
3,0.17844411497849968,5,1,0,0.060134441,1,5,1,0,7.0
1,-0.5571018562666089,6,0,1,0.162211939,1,13,1,1,51.5375
1,1.612927762087011,1,2,0,0.034845668,1,13,1,0,67.2125
1,-0.2542743785978256,1,2,0,0.02681843,0,10,1,0,14.014000000000001
1,-0.7588599957248561,1,2,0,0.029667053,0,0,1,0,9.023
1,-0.7002892813458084,9,1,2,0.022602061,1,5,1,0,3.5375
1,0.5829708954097237,6,0,1,0.032442388,0,0,1,1,29.19
1,-1.21501508930577,7,0,1,0.073516952,0,11,2,1,0.0
1,1.4804273498629532,7,0,1,0.0148370688,1,6,1,1,13.227500000000001
1,-0.19090697981341778,1,2,0,0.014020825666666667,0,14,0,0,3.50115
1,0.6670823553525106,7,0,1,0.092413792,1,5,1,1,9.175
0,-1.6046049944987029,4,0,2,0.0708009757993644,1,3,1,0,6.48
1,-1.7174965608736492,6,0,1,0.024190156,1,4,1,1,5.796
1,-1.2879758569008972,7,0,1,0.066065799,1,9,2,1,0.0
2,0.29983540611974424,3,1,0,0.156935553,0,10,1,1,24.595999999999997
1,1.4388976562813474,9,1,2,0.091054989,1,5,1,0,7.175
1,-0.8067436972487619,2,0,1,0.082215187,1,6,1,1,8.125
2,-0.985612058724632,3,1,0,0.008575615,0,0,1,1,25.2
1,0.3828532220181092,7,0,1,0.085447928,1,6,1,1,3.6757500000000003
1,0.745850308867727,1,2,0,0.040172077,1,3,1,0,6.88
1,-1.0281938250858134,8,0,2,0.074731477,0,1,1,0,19.3
0,0.2125677278382302,0,0,0,0.103752817,1,4,0,0,6.67
1,-0.8908967284563959,2,0,1,0.12961476,0,1,1,1,41.875
1,-1.649879299706093,9,1,2,0.019402371,0,7,0,0,29.125
1,1.78645261713531,9,1,2,0.026182758,1,13,1,0,83.125
1,1.162662996955879,7,0,1,0.056945936,1,13,1,1,32.60875
0,-0.4847710532233856,4,0,2,0.059281315,0,12,1,0,23.766000000000002
1,1.4229502795283278,1,2,0,0.074345142,1,9,2,0,0.0
1,-1.2879758569008972,7,0,1,0.038032068,1,5,1,1,4.655
1,0.6026628837885275,8,0,2,0.025953257,1,9,2,0,0.0
1,-1.4843489186667271,1,2,0,0.085763562,1,5,1,0,7.75
1,1.1850059529160455,6,0,1,0.070555571,1,9,2,1,0.0
1,-0.8519764311913057,2,0,1,0.074152133,1,3,1,1,10.0
1,1.3995136795237393,8,0,2,0.015965308,1,13,1,0,80.75
2,0.8001711608636259,3,1,0,0.089345074,1,9,2,1,0.0
1,-1.663217280142597,9,1,2,0.024892129,0,14,0,0,8.5425
1,-1.4598602458825631,9,1,2,0.032152004,1,3,1,0,8.08
0,0.03046000549394059,4,0,2,0.086077865,1,6,1,0,4.199
1,-0.24947769419246552,9,1,2,0.026882496,0,10,1,0,14.014000000000001
1,0.21997380856010584,9,1,2,0.171093639,1,4,1,0,8.395
1,0.32003264525591263,9,1,2,0.042542484,1,5,1,0,8.85
1,-1.5285295798296952,1,2,0,0.099242622,1,9,2,0,0.0
1,-0.017423696029965255,2,0,1,0.036490369,1,6,1,1,6.24
0,-0.20954689541264657,0,0,0,0.092272132,1,6,1,0,4.888
1,-0.34903128013090823,8,0,2,0.036140297,1,6,1,0,13.325000000000001
2,-1.6605247412963882,3,1,0,0.166513779,1,4,0,1,7.245
3,1.5320556630126432,5,1,0,0.059037538,1,9,2,0,0.0
1,-1.6392338581157977,8,0,2,0.024853336333333333,0,14,0,0,8.5425
1,0.7873800024493327,8,0,2,0.113217223,1,6,1,0,9.977500000000001
1,-0.24257686422795463,1,2,0,0.050011058,0,8,2,0,0.0
1,0.21782809173610787,2,0,1,0.178975721,1,4,1,1,8.326
3,-0.968024215904979,5,1,0,0.008499464,0,0,1,0,25.2
1,-0.3101109828658181,9,1,2,0.072410764,1,5,1,0,2.8825
0,-0.0029920715490395146,0,0,0,0.028009382,0,10,1,0,25.025
1,0.35781772721173427,8,0,2,0.044607161,1,3,1,0,5.216
1,-0.5799916342489863,8,0,2,0.139552827,1,4,1,0,3.5811
2,-1.3699000287548402,3,1,0,0.024069113,1,6,1,1,6.9225
1,-1.0521772471126127,9,1,2,0.072952298,1,3,1,0,13.8
0,0.5297436874582467,4,0,2,0.137870237,0,0,1,0,14.42
3,0.0055076532172581485,5,1,0,0.034531702,1,3,1,0,15.4
3,-0.1903601577912068,5,1,0,0.019292355,0,8,2,0,0.0
1,-0.6370050250910937,8,0,2,0.105307659,0,0,1,0,15.61
2,-0.49486967279146976,3,1,0,0.010963269,0,10,1,1,16.6595
3,-0.5231029572014182,5,1,0,0.099589909,1,5,1,0,9.6
1,0.8177590036832787,9,1,2,0.112668963,1,6,1,0,9.977500000000001
1,0.34292242323829003,6,0,1,0.005977465,1,9,2,1,0.0
2,-0.48047961957539026,3,1,0,0.0921445622,0,0,1,1,21.84
1,-0.3542916440287861,2,0,1,0.122208091,1,5,1,1,10.35
1,0.47866219633076734,1,2,0,0.034424278,0,14,0,0,4.0647
1,-0.34739081406427497,7,0,1,0.020913071,1,4,1,1,6.026
2,-0.8589604036855095,3,1,0,0.020688969,1,6,1,1,13.325000000000001
1,-1.458302922345623,9,1,2,0.021619564,1,3,1,0,6.916
1,0.8826421547397799,7,0,1,0.067011609,1,13,1,1,66.975
1,-0.32083956698580623,8,0,2,0.06117708,0,10,1,0,7.3645000000000005
1,-0.6013240886944233,9,1,2,0.174621343,1,13,1,0,44.175000000000004
1,0.2806902397631509,1,2,0,0.031199028,0,12,1,0,21.2058
0,1.7433656000167637,4,0,2,0.026420581,0,10,1,0,14.014000000000001
1,-0.9376867859358795,2,0,1,0.022449462750000003,1,5,1,1,10.25
1,1.5101763865449953,7,0,1,0.038604817,1,13,1,1,63.4125
3,0.3584061204987917,5,1,0,0.01938106,0,11,2,0,0.0
1,-0.7477093033771961,6,0,1,0.087158654,1,4,1,1,7.4750000000000005
1,-1.3278235131510234,6,0,1,0.012749289,1,13,1,1,64.8375
1,-0.40701360122289826,1,2,0,0.076791671,1,9,2,0,0.0
1,-0.024324525994476383,9,1,2,0.029700018,1,6,1,0,11.5375
1,-0.19995352660192645,6,0,1,0.019382568,0,8,2,1,0.0
1,0.7368037620792183,1,2,0,0.131973625,1,6,1,0,7.897500000000001
1,-0.8110351308967573,1,2,0,0.078103689,1,3,1,0,13.0
2,-0.43520531436800003,3,1,0,0.07844491975000001,1,9,2,1,0.0
1,0.6144019694232448,2,0,1,0.035384612,1,13,1,1,91.2
2,0.7145023773838984,3,1,0,0.128449055,0,14,0,1,4.2177
3,-1.3778529314989272,5,1,0,0.039988162,1,5,1,0,4.4675
1,0.6404479657443491,2,0,1,0.023454399,1,4,1,1,5.221
2,-0.7541048825843427,3,1,0,0.144006886,0,8,2,1,0.0
0,-0.48367740917896357,4,0,2,0.0708009757993644,1,6,1,0,10.205
1,-1.5530182526138592,7,0,1,0.1378631344,1,4,1,1,5.1290000000000004
1,-1.3608534819663316,7,0,1,0.053330653,1,6,1,1,12.805
1,-0.6720559969358602,7,0,1,0.03822479,1,4,1,1,3.1763000000000003
1,1.8764544055278785,7,0,1,0.06449461,1,13,1,1,95.95
1,0.6181465810490292,6,0,1,0.030501281,0,11,2,1,0.0
1,-0.8599709052002389,8,0,2,0.064921764,1,3,1,0,15.76
1,1.2174890997091425,1,2,0,0.020310046,0,14,0,0,7.8285
1,-0.6912427345572997,8,0,2,0.034411238,0,0,1,0,20.02
1,-0.4161017192762536,8,0,2,0.01043823,1,3,1,0,5.140000000000001
1,-0.7876401021570153,8,0,2,0.029691762,0,0,1,0,9.023
1,-1.5279827578074838,2,0,1,0.122289654,1,6,1,1,7.670000000000001
3,0.22477049296546545,5,1,0,0.039057677,0,2,1,0,70.7
1,0.09811883792634324,8,0,2,0.062256921,1,5,1,0,9.25
3,0.5946684097795943,5,1,0,0.036494521,1,5,1,0,6.575
0,-1.2219159192702809,0,0,0,0.063430788,0,10,1,0,17.3745
1,0.6069543174365231,1,2,0,0.065841719,1,13,1,0,72.4375
1,0.8730487859290602,1,2,0,0.054585372,0,8,2,0,0.0
1,-0.3053558697253047,8,0,2,0.052176861,1,13,1,0,84.78750000000001
1,0.3749003192740225,9,1,2,0.061154604,0,2,1,0,27.5275
1,0.34191192172356094,6,0,1,0.028357839,1,3,1,1,6.368
1,0.2109688330364432,1,2,0,0.14113846,1,13,1,0,28.66625
0,-0.28246609174292736,0,0,0,0.16767231,1,6,1,0,13.455
1,-0.7285225657557568,1,2,0,0.143303291,0,8,2,0,0.0
1,-0.7019297474124416,9,1,2,0.020442889,0,10,1,0,17.16
1,-1.695153604913483,9,1,2,0.113072194,0,14,0,0,7.752
1,-1.3215110764735698,8,0,2,0.077454252,0,8,2,0,0.0
1,-1.3656501663716916,6,0,1,0.077219509,0,8,2,1,0.0
0,-0.4985727131524076,0,0,0,0.036159635,1,6,1,0,5.70375
1,-0.37562409847422323,7,0,1,0.050392993,1,3,1,1,13.280000000000001
1,-0.6859407993945753,2,0,1,0.023974769,1,4,0,1,8.625
0,-1.6866123088823388,4,0,2,0.142393355,0,11,2,0,0.0
1,-0.3357348709592505,9,1,2,0.168403426,1,13,1,0,96.66250000000001
2,-0.6566970134698978,3,1,0,0.014359584,1,9,2,1,0.0
2,1.971169735796115,3,1,0,0.140090284,1,3,1,1,13.600000000000001
1,0.4456322275154593,9,1,2,0.140458316,0,12,1,0,10.944600000000001
1,-0.0509589156026383,1,2,0,0.045818773,1,5,1,0,5.0
1,0.12096704464387416,6,0,1,0.06355415,1,5,1,1,6.65
1,0.6122978238640936,2,0,1,0.083019163,1,3,1,1,15.600000000000001
1,-0.1882560122320557,8,0,2,0.054484461,0,1,1,0,21.5
1,-1.0281522538209669,8,0,2,0.017821466,1,4,0,0,6.141
1,-0.7700522593373625,2,0,1,0.147255604,0,1,1,1,44.625
1,0.24181151376290724,8,0,2,0.021431134,0,0,1,0,28.979999999999997
1,-0.725830026909548,6,0,1,0.022395357,1,6,1,1,11.765
3,-0.3346412269148285,5,1,0,0.008903212,0,10,1,0,15.729999999999999
1,-0.2691281113064234,1,2,0,0.052165855,0,8,2,0,0.0
1,0.36530695046330286,8,0,2,0.050085152,1,6,1,0,7.7025
1,-0.5714919094826886,7,0,1,0.048157338,1,9,2,1,0.0
1,-0.73651703976469,8,0,2,0.143422643,0,8,2,0,0.0
1,-1.6881696324192792,7,0,1,0.185218446,1,9,2,1,0.0
0,0.7831301400661841,4,0,2,0.133144259,1,5,1,0,6.325
1,0.8523047247706808,1,2,0,0.090486828,1,9,2,0,0.0
1,-0.6901906617777241,8,0,2,0.030151351,0,0,1,0,11.620000000000001
1,1.8168316183692554,2,0,1,0.074338562,1,4,1,1,5.796
1,-1.6701181101071079,2,0,1,0.03555434,1,6,1,1,5.3950000000000005
3,-0.33889108929797734,5,1,0,0.092145264,0,1,1,0,11.9625
3,0.40894078960405966,5,1,0,0.127416049,1,13,1,0,93.10000000000001
1,0.5244417522955221,9,1,2,0.031200065,1,9,2,0,0.0
0,1.7481622844221238,4,0,2,0.161030847,1,3,1,0,5.292000000000001
2,-0.3404899840997639,3,1,0,0.072278769,1,13,1,1,29.426250000000003
1,-0.2100521461700111,9,1,2,0.136512858,1,13,1,0,30.423750000000002
0,-0.5235666366939363,0,0,0,0.14032811,0,7,0,0,15.962499999999999
1,-0.539597155976649,7,0,1,0.046982429,0,0,1,1,11.732000000000001
1,-0.6044803070331501,1,2,0,0.031023835,1,6,1,0,8.125
0,-0.4890209156065344,0,0,0,0.127412338,0,10,1,0,25.168
1,1.8706056483429434,6,0,1,0.067688124,0,1,1,1,14.2375
1,0.2359627565779721,7,0,1,0.105068444,1,13,1,1,79.5625
3,-0.3117098776676046,5,1,0,0.006295472,0,0,1,0,16.695
1,-0.38416539450536735,6,0,1,0.020904027749999998,1,4,1,1,6.026
1,-1.587647116230954,6,0,1,0.029638267,1,9,2,1,0.0
1,0.460022280731539,6,0,1,0.165328057,1,6,1,1,8.547500000000001
1,0.6197454758508157,1,2,0,0.016812745,0,7,0,0,30.25
1,0.3301312648239973,6,0,1,0.03717912,0,14,0,1,8.7975
1,1.2738725259993462,2,0,1,0.176991029,1,6,1,1,12.902500000000002
1,-0.7753957657649334,6,0,1,0.119513002,1,9,2,1,0.0
1,-0.8008949400638266,9,1,2,0.069524391,1,9,2,0,0.0
1,-0.9957106782927162,7,0,1,0.025973384,1,13,1,1,64.8375
0,-0.6231202226323788,4,0,2,0.042941559,0,1,1,0,16.375
1,1.6512596660650436,6,0,1,0.058091482,1,4,0,1,6.348000000000001
1,-0.9078546067241448,7,0,1,0.014660821,0,0,1,1,11.165
0,-0.8578667596410876,0,0,0,0.0708009757993644,1,6,1,0,11.700000000000001
2,0.15235654739254922,3,1,0,0.028533032,1,4,0,1,4.1078
1,0.4216903767535064,1,2,0,0.005525913,1,6,1,0,7.3775
0,0.041105447084235795,4,0,2,0.048932713,1,13,1,0,34.55625
0,-0.2888616709500737,4,0,2,0.132275338,0,0,1,0,16.799999999999997
1,-0.4229609779759181,2,0,1,0.0554487675,1,9,2,1,0.0
1,0.10872270825179242,9,1,2,0.1382748715,0,0,1,0,7.888999999999999
2,0.17158485627883502,3,1,0,0.057655493,0,10,1,1,16.874
1,0.6697333229338727,7,0,1,0.036033639,1,13,1,1,64.8375
2,0.7448398073529979,3,1,0,0.029129907,1,13,1,1,31.3975
1,-0.954222555975957,1,2,0,0.049823902,1,4,0,0,3.2292
2,0.19763085259993945,3,1,0,0.038042233,0,0,1,1,24.849999999999998
1,1.6560563504704033,1,2,0,0.044624064,1,9,2,0,0.0
1,1.6364059333564458,7,0,1,0.06108126725,0,10,1,1,21.593
1,-0.800389689306462,7,0,1,0.031467128,0,0,1,1,11.472999999999999
2,1.2611229388498995,3,1,0,0.081465335,0,10,1,1,17.875
1,-0.3612756165229902,9,1,2,0.072097449,1,13,1,0,29.426250000000003
0,-1.641338003674949,0,0,0,0.120256303,0,7,0,0,20.9125
3,-0.7609641412840074,5,1,0,0.139484292,0,0,1,0,9.491999999999999
1,1.7737030299858632,8,0,2,0.140603316,0,7,0,0,39.375
1,0.2338170397539741,6,0,1,0.021427082,0,0,1,1,28.979999999999997
1,-0.34743238532912146,1,2,0,0.036110222,1,6,1,0,13.325000000000001
1,-0.9393272520025127,7,0,1,0.057654132,1,4,1,1,8.602
1,-0.46613113762415703,2,0,1,0.077193256,1,13,1,1,91.91250000000001
1,1.238233160867522,7,0,1,0.036399734,1,4,0,1,9.315000000000001
1,0.1295083406750183,7,0,1,0.103481775,0,0,1,1,7.888999999999999
1,-1.2336134336401519,1,2,0,0.03828933,0,0,1,0,10.107999999999999
1,-0.8333780868569236,9,1,2,0.076193763,0,0,1,0,21.139999999999997
1,-0.23668653577817256,8,0,2,0.044463491,1,13,1,0,84.78750000000001
1,0.02999632600142253,2,0,1,0.022587621,0,10,1,1,9.85985
1,-0.20954689541264657,7,0,1,0.020760673,0,2,1,1,73.85000000000001
2,-1.4912497486312384,3,1,0,0.026074491,1,9,2,1,0.0
1,-0.5060619364039762,1,2,0,0.05846634966666667,0,8,2,0,0.0
2,1.4516888146956402,3,1,0,0.091283986,1,5,1,1,7.175
1,-0.033371072782985046,2,0,1,0.012679191,1,13,1,1,86.45
1,-1.3693532067326293,8,0,2,0.033901442,0,14,0,0,9.996
1,-0.025418170038898385,2,0,1,0.041177505,0,14,0,1,5.9159999999999995
1,1.7507716807386393,1,2,0,0.030591255,0,15,1,0,11.565
2,0.019350884411126874,3,1,0,0.013183517,1,9,2,1,0.0
1,-1.4954996110143868,6,0,1,0.017547958,0,10,1,1,22.88
1,-1.0271001810413913,9,1,2,0.092834313,1,4,0,0,9.522
1,1.2771118868677656,9,1,2,0.081260969,0,10,1,0,17.875
0,0.5856218629910858,4,0,2,0.0441520835,1,6,1,0,8.515
1,1.2674769467921996,7,0,1,0.107274301,1,4,1,1,5.428000000000001
1,-1.4630164642212897,2,0,1,0.007256127,0,0,1,1,9.925999999999998
1,0.549477247101897,1,2,0,0.167243769,1,9,2,0,0.0
1,-0.3564373608527839,9,1,2,0.033160417,1,9,2,0,0.0
1,0.863496988383187,9,1,2,0.042687151,1,5,1,0,2.595
2,0.8384614935768121,3,1,0,0.089186083,1,5,1,1,9.125
1,-0.15417397063717211,6,0,1,0.06316338,0,2,1,1,22.4875
3,-1.4939422874774468,5,1,0,0.019107027,0,14,0,0,3.0192
1,0.44512697675809476,9,1,2,0.058918844,1,6,1,0,9.425
1,-0.5475084874558892,2,0,1,0.128814669,1,13,1,1,90.25
1,-0.740261651390474,7,0,1,0.02455854,0,1,1,1,13.149999999999999
1,-1.0234387119453,8,0,2,0.050070476,1,3,1,0,8.24
3,-1.663217280142597,5,1,0,0.012656359,0,10,1,0,9.0376
1,-1.5434664550679857,7,0,1,0.024276035,1,4,0,1,9.016000000000002
3,0.33391744771462784,5,1,0,0.012215675,1,6,1,0,11.8625
3,-0.7812445229498689,5,1,0,0.122519571,1,13,1,0,29.948749999999997
1,0.8427529272248071,6,0,1,0.028516696,0,0,1,1,13.02
3,-1.2485503088784426,5,1,0,0.05436436,0,15,1,0,15.03
0,0.4488715883838793,0,0,0,0.143831787,1,13,1,0,52.9625
1,-1.6909037425303342,6,0,1,0.071832909,0,7,0,1,20.9125
1,-0.7348765736980567,6,0,1,0.116226984,1,6,1,1,5.59975
1,-0.9962159290500807,1,2,0,0.065009745,1,4,1,0,7.36
1,1.7124813480254533,9,1,2,0.020423549,1,13,1,0,35.245
1,-1.4247677027729502,8,0,2,0.09301462,1,9,2,0,0.0
0,-1.4838020966445162,0,0,0,0.020280476,0,8,2,0,0.0
2,0.1609394146885398,3,1,0,0.028714747,1,9,2,1,0.0
1,-0.17066816941240293,6,0,1,0.041220035,1,9,2,1,0.0
0,-0.9861173094819965,0,0,0,0.043386131,1,13,1,0,64.8375
1,-0.7306682825797544,8,0,2,0.09403446366666667,0,0,1,0,23.099999999999998
1,0.17478264588240855,2,0,1,0.009923732,0,10,1,1,8.951799999999999
1,0.24871234372741838,7,0,1,0.176573035,0,0,1,1,15.54
2,-0.4895677376287454,3,1,0,0.079293753,0,14,0,1,3.12885
2,-0.3181470281395977,3,1,0,0.041726942,1,6,1,1,8.19
0,0.3418703504587145,4,0,2,0.069909188,0,14,0,0,9.868500000000001
3,-0.5177594507738471,5,1,0,0.139330557,1,3,1,0,5.508000000000001
1,1.4968799773733374,6,0,1,0.019031184,1,13,1,1,72.2
0,0.009757515600407208,0,0,0,0.051544658,0,14,0,0,7.0635
2,-1.697763001229999,3,1,0,0.185596553,1,9,2,1,0.0
2,-0.6412548874742425,3,1,0,0.030371121,1,5,1,1,2.94
3,0.018257240366704872,5,1,0,0.119698523,0,11,2,0,0.0
1,0.4877503143841225,9,1,2,0.077284566,1,5,1,0,5.8
1,-0.4522879064302885,2,0,1,0.024342578,1,5,1,1,4.195
0,-1.5647573382485764,4,0,2,0.028062401,0,1,1,0,44.0
0,1.3771291522987263,0,0,0,0.153592956,1,13,1,0,72.2
3,-0.7541048825843427,5,1,0,0.011556919,1,5,1,0,8.85
1,-0.5975379058037928,8,0,2,0.094567181,0,2,1,0,27.6325
1,-0.5709866587253241,1,2,0,0.015291576,0,7,0,0,45.875
1,-0.13927866666372787,1,2,0,0.122392031,1,3,1,0,12.56
1,1.366483710708431,9,1,2,0.039980644,1,13,1,0,55.3375
0,0.2114740837938082,4,0,2,0.148737487,1,3,1,0,15.36
2,0.2524985266180494,3,1,0,0.173462841,1,13,1,1,76.0
1,0.6181050097841828,7,0,1,0.106968577,0,0,1,1,22.4
0,0.5079891247851378,0,0,0,0.176244038,1,13,1,0,74.1
1,0.49570321712820914,6,0,1,0.109990885,1,6,1,1,4.615
1,1.4048156146864634,9,1,2,0.085268317,1,13,1,0,50.5875
1,-1.275184698486604,8,0,2,0.037955094,1,5,1,0,4.655
1,1.3696815003120042,9,1,2,0.085703652,1,6,1,0,4.407
0,-0.4150080752318314,0,0,0,0.093862362,1,9,2,0,0.0
2,0.549477247101897,3,1,0,0.168064909,1,9,2,1,0.0
0,-1.3773476807415623,4,0,2,0.0708009757993644,0,7,0,0,36.625
1,-0.6731912122451288,6,0,1,0.055908268,0,0,1,1,24.29
2,-0.5932880434206438,3,1,0,0.02236923,0,1,1,1,24.0
1,-0.6348177370022497,9,1,2,0.032072321,1,9,2,0,0.0
3,1.90565662018771,5,1,0,0.124668026,1,13,1,0,64.125
2,0.29503872171438417,3,1,0,0.031230059,1,6,1,1,3.93575
1,-0.31764177738223315,9,1,2,0.112840108,0,14,0,0,4.5135
2,-0.9105471455703534,3,1,0,0.054428368,0,1,1,1,42.75
1,0.14440364464846256,2,0,1,0.054763518,1,5,1,1,10.05
3,-0.8621166220242363,5,1,0,0.02747716,1,3,1,0,13.880000000000003
0,-0.9047399596502643,0,0,0,0.044539371,1,13,1,0,72.4375
1,-1.697763001229999,2,0,1,0.041973712,0,8,2,1,0.0
0,0.8650958831849735,4,0,2,0.0708009757993644,1,13,1,0,71.725
1,-0.2718622214174784,1,2,0,0.04442649,1,13,1,0,84.78750000000001
1,0.3184753217189726,9,1,2,0.076975118,1,13,1,0,88.35000000000001
3,1.8678715382318885,5,1,0,0.048426708,1,5,1,0,4.9475
3,0.4606106740185965,5,1,0,0.045542628,1,13,1,0,74.1
1,-0.6736548917376469,7,0,1,0.034543718,0,8,2,1,0.0
0,-1.4784585902169451,4,0,2,0.07278643,1,5,1,0,9.8
3,-0.4922187052101077,5,1,0,0.075753207,0,10,1,0,25.168
1,0.283846458101878,6,0,1,0.156269303,0,10,1,1,24.595999999999997
1,-0.8344301596364991,8,0,2,0.141792841,0,15,1,0,18.45
1,-0.3846706452627321,7,0,1,0.103195401,1,6,1,1,10.790000000000001
1,0.20078707093866607,6,0,1,0.170795745,1,4,1,1,8.395
2,-0.5252071027605693,3,1,0,0.04407225,0,1,1,1,37.0
0,0.5111453431238644,4,0,2,0.012327847,0,15,1,0,19.08
1,0.09862408868370777,2,0,1,0.081623275,1,6,1,1,4.563
1,0.07518748867911938,6,0,1,0.025988508,1,5,1,1,7.55
3,1.2808149272287037,5,1,0,0.030143704,1,13,1,0,46.05125
3,-1.5280243290723303,5,1,0,0.170646494,0,10,1,0,26.598000000000003
0,-0.0003411039676769909,0,0,0,0.078347922,1,3,1,0,13.680000000000001
0,-0.7934888593419509,4,0,2,0.0708009757993644,1,3,1,0,6.968000000000001
2,1.6124225113296464,3,1,0,0.057290978,1,6,1,1,7.15
1,0.7873800024493327,6,0,1,0.082534287,1,4,1,1,4.968000000000001
1,-0.2888200996852275,7,0,1,0.046469277,0,1,1,1,37.5
1,0.8049262740041395,7,0,1,0.066816565,1,9,2,1,0.0
3,0.6000534874720119,5,1,0,0.070103425,0,7,0,0,24.2375
1,0.8118686752334966,7,0,1,0.042087749,1,5,1,1,5.75
1,-1.4322153547596723,1,2,0,0.173904193,1,4,1,0,5.359
2,-0.40705517248774475,3,1,0,0.103406065,1,6,1,1,10.790000000000001
1,-1.7025596856353586,1,2,0,0.184689756,1,9,2,0,0.0
1,1.4516472434307937,2,0,1,0.097280981,1,6,1,1,12.415000000000001
1,-0.9914192446447209,7,0,1,0.074883035,0,1,1,1,19.3
1,0.007106548019045139,2,0,1,0.041177505,1,13,1,1,76.0
1,-0.7429126189718362,2,0,1,0.1442339,0,8,2,1,0.0
1,-0.7870517088699579,7,0,1,0.064750025,0,15,1,1,11.07
1,0.026251714375638002,9,1,2,0.103603094,1,13,1,0,73.625
1,0.7661306905335887,8,0,2,0.09391835,1,5,1,0,9.6
1,-0.42725241162391336,7,0,1,0.037014587,1,13,1,1,58.425000000000004
1,0.6985134293660321,9,1,2,0.066829875,0,11,2,0,0.0
2,-0.9041515663632068,3,1,0,0.057771828,1,4,1,1,8.602
1,0.45627766910575496,8,0,2,0.008001018,1,4,1,0,8.096000000000002
1,1.2765650648455547,7,0,1,0.087584126,1,6,1,1,9.815
1,-1.6307341333494998,9,1,2,0.105274111,1,4,0,0,4.0917
3,-0.177652141906607,5,1,0,0.095635061,0,10,1,0,21.593
3,-0.9579255963368948,5,1,0,0.02524761,0,0,1,0,21.7
1,0.16144466544590436,6,0,1,0.025281802,0,8,2,1,0.0
1,-1.6893048477285477,9,1,2,0.035409328,1,6,1,0,5.3950000000000005
1,0.061385828750097585,9,1,2,0.075625152,0,1,1,0,16.4375
1,-0.5916891486188572,1,2,0,0.062648111,1,5,1,0,6.3
1,-1.3863942275300711,6,0,1,0.1017546,1,4,1,1,8.855
1,-0.23298349541723473,6,0,1,0.048931174,1,9,2,1,0.0
1,-1.4326790342521902,1,2,0,0.091096531,0,0,1,0,14.552999999999999
2,-1.736683298495089,3,1,0,0.030479118,0,8,2,1,0.0
1,-1.3853421547504954,1,2,0,0.170176516,0,7,0,0,36.625
1,0.5068539094758694,9,1,2,0.081794766,0,1,1,0,22.75
0,0.2647012917452846,0,0,0,0.05226427,0,12,1,0,21.2058
1,0.3392193828773524,1,2,0,0.116576702,0,0,1,0,14.7
1,-1.2661381516980954,9,1,2,0.013834247,1,5,1,0,7.675
2,-1.0329905094911733,3,1,0,0.073135768,1,3,1,1,13.8
1,0.29398664893480864,8,0,2,0.07266912,1,9,2,0,0.0
1,1.5394617437345188,8,0,2,0.129337594,0,12,1,0,42.33
1,-1.4460170146886946,2,0,1,0.056033565,0,0,1,1,16.59
1,0.15879369786454228,1,2,0,0.059797172,1,6,1,0,7.215
1,1.4484494538272206,6,0,1,0.077157727,0,14,0,1,9.945
1,0.5137963107052269,2,0,1,0.027222517,1,9,2,1,0.0
1,1.5133741761485684,2,0,1,0.052363244,0,14,0,1,5.508000000000001
1,-0.4847710532233856,7,0,1,0.033926852,0,12,1,1,23.766000000000002
1,-1.570059273411301,8,0,2,0.034369528,0,0,1,0,28.0
0,-1.6136515412872114,0,0,0,0.041599644,0,14,0,0,8.5425
3,0.6436457553479222,5,1,0,0.136701678,0,10,1,0,9.98855
1,1.9807631046068352,7,0,1,0.139804885,1,3,1,1,13.600000000000001
1,-1.073973381050568,8,0,2,0.033555399,1,5,1,0,4.0775
1,1.907255514989496,2,0,1,0.084809658,0,14,0,1,8.7975
3,0.8869335883877754,5,1,0,0.068604503,1,6,1,0,5.824000000000001
1,1.9722633798405371,6,0,1,0.136784873,1,4,1,1,5.0117
1,-0.4182058648354047,7,0,1,0.056191301,1,9,2,1,0.0
0,0.41643001285562825,0,0,0,0.142732848,1,6,1,0,3.6757500000000003
2,-0.27022175535084536,3,1,0,0.042485444,1,3,1,1,9.72
1,0.9114222611719394,1,2,0,0.06682033,1,13,1,0,66.975
1,-0.5299622159010826,2,0,1,0.078502143,0,10,1,1,13.14885
3,0.8667363492516066,5,1,0,0.117065801,1,13,1,0,64.6
1,1.4968799773733374,9,1,2,0.011305479,1,9,2,0,0.0
1,-0.043511263615916174,7,0,1,0.171422166,1,6,1,1,6.10675
1,-0.7109347229361038,1,2,0,0.016979063,1,9,2,0,0.0
1,-1.353364258714763,7,0,1,0.01430324,1,9,2,1,0.0
1,0.04863624160065086,8,0,2,0.102978817,0,0,1,0,12.838
1,1.3872277718668107,6,0,1,0.132521929,1,5,1,1,4.75
3,1.4926301149901884,5,1,0,0.018813776,0,8,2,0,0.0
1,-0.23672810704301903,8,0,2,0.140889111,0,1,1,0,11.587499999999999
1,-1.534336765749784,7,0,1,0.023201357,1,13,1,1,80.03750000000001
1,-1.5258370409834865,6,0,1,0.101275792,0,0,1,1,12.873
1,-0.2600815645179145,9,1,2,0.061272194,0,10,1,0,7.3645000000000005
2,-0.5640442574959664,3,1,0,0.15202235,1,3,1,1,5.6000000000000005
0,-0.5231029572014182,0,0,0,0.036933417,1,4,1,0,7.682
0,0.6474319382385533,0,0,0,0.199955274,1,6,1,0,10.855
2,0.5861686850132967,3,1,0,0.030631323,0,11,2,1,0.0
0,0.6361981033612001,0,0,0,0.073251428,1,13,1,0,62.4625
1,0.07413541589954385,9,1,2,0.187850233,1,3,1,0,6.684000000000001
1,0.661233598167575,2,0,1,0.01581384,1,9,2,1,0.0
1,0.6393958929647736,8,0,2,0.014459672,0,8,2,0,0.0
1,1.2100414477224204,6,0,1,0.026081567,1,13,1,1,46.550000000000004
1,0.36476012844109185,8,0,2,0.024162172166666666,0,1,1,0,30.375
1,0.7277987865555561,2,0,1,0.032359413,1,3,1,1,4.368
1,-1.5050929798251067,6,0,1,0.097294728,1,5,1,1,9.5
1,0.1465493614724601,7,0,1,0.063695084,1,5,1,1,6.65
0,0.570768130282488,0,0,0,0.071699984,1,4,1,0,9.522
1,-0.838133199997437,2,0,1,0.06358394,1,4,1,1,5.221
1,0.4457153700451522,7,0,1,0.029999653,1,13,1,1,84.075
1,0.8448570727839587,7,0,1,0.02210346,0,10,1,1,13.584999999999999
1,-0.3586246489416279,8,0,2,0.083004078,0,0,1,0,28.84
1,-1.4705472587377049,6,0,1,0.020544065,1,6,1,1,10.627500000000001
2,0.3355163425164143,3,1,0,0.012325122,1,6,1,1,11.8625
1,-0.348484458108697,7,0,1,0.072131519,1,13,1,1,29.426250000000003
1,0.31317338655624793,2,0,1,0.082797778,0,8,2,1,0.0
0,0.21412505137517027,0,0,0,0.05382735,1,3,1,0,6.492000000000001
1,0.5361392666653934,9,1,2,0.065350715,1,13,1,0,42.75
2,0.5132494886830159,3,1,0,0.04500603,1,13,1,1,52.725
2,-0.19515684219656684,3,1,0,0.037918142,1,13,1,1,47.5
1,-0.026470242818474373,2,0,1,0.090185027,1,3,1,1,11.280000000000001
1,-1.3161259987811524,1,2,0,0.043863865,0,15,1,0,6.354
1,-0.8451171724916411,8,0,2,0.08175276,1,6,1,0,8.125
3,-0.26706553701211855,5,1,0,0.034504414,1,9,2,0,0.0
2,-0.6295573731043715,3,1,0,0.140121306,1,4,1,1,3.5811
1,0.8129207480130726,7,0,1,0.03747983,1,5,1,1,10.425
1,0.6799150850316503,1,2,0,0.06619442,0,2,1,0,57.75
2,-0.7764478385445092,3,1,0,0.061313057,0,14,0,1,3.8913
1,-0.3527758917566925,1,2,0,0.012643035,1,9,2,0,0.0
0,-1.291132075239624,4,0,2,0.135612397,0,8,2,0,0.0
1,-1.2932777920636218,9,1,2,0.048857925,0,1,1,0,31.5
1,0.3717025296704495,1,2,0,0.05373063,1,6,1,0,7.215
1,0.7628913296651688,2,0,1,0.011324862,1,3,1,1,6.284000000000001
3,-0.6922948073368752,5,1,0,0.022457694,1,5,1,0,3.5375
0,0.37965543241453614,4,0,2,0.182128363,0,0,1,0,9.282
1,-1.6562748789132393,6,0,1,0.134301366,1,5,1,1,6.425
1,-1.6615768140759637,6,0,1,0.012146608,1,6,1,1,4.03975
1,-1.2230095633147031,9,1,2,0.02960641,0,0,1,0,9.394
1,-0.8738557076589538,9,1,2,0.062321222,0,0,1,0,29.19
2,1.554903869730174,3,1,0,0.025583714,1,4,1,1,2.5024
0,0.6080063902160986,4,0,2,0.039576776,1,6,1,0,8.352500000000001
1,-1.2134161945039832,2,0,1,0.073783159,0,11,2,1,0.0
1,0.34292242323829003,1,2,0,0.041581725,0,14,0,0,8.976
1,0.3381257388329304,2,0,1,0.048388423,0,8,2,1,0.0
0,0.23911897491669873,4,0,2,0.157190017,0,8,2,0,0.0
1,-0.6396144214076095,7,0,1,0.045073782,1,13,1,1,53.9125
1,-0.2383270018448058,2,0,1,0.141686037,0,1,1,1,11.587499999999999
1,0.8741424299734822,9,1,2,0.033271818,1,6,1,0,8.352500000000001
3,-1.335859558424803,5,1,0,0.035863436,0,10,1,0,26.9555
0,0.18324079938385973,0,0,0,0.050562853,0,8,2,0,0.0
1,-1.6115473957280604,8,0,2,0.105110692,1,4,0,0,4.0917
1,-0.36447340612656326,2,0,1,0.029115579666666665,1,9,2,1,0.0
2,-0.7268820996891235,3,1,0,0.080829372,0,8,2,1,0.0
1,0.8246598336477898,9,1,2,0.13660812,1,13,1,0,32.7275
0,0.5574301498459837,4,0,2,0.039996021,0,8,2,0,0.0
1,1.2451339908320331,9,1,2,0.133352623,1,3,1,0,8.8
1,-1.4316685327374612,7,0,1,0.031330907,1,3,1,1,11.200000000000001
3,0.9098233663701528,5,1,0,0.025578526,1,9,2,0,0.0
1,-1.4715993315172804,9,1,2,0.099286298,1,13,1,0,69.5875
0,-0.3282872189725284,4,0,2,0.011835436,0,11,2,0,0.0
1,-1.6141983633094223,1,2,0,0.03786331,0,8,2,0,0.0
0,0.03210047156057359,0,0,0,0.044139551,0,0,1,0,14.7
1,0.5968556978684384,6,0,1,0.014111189,1,5,1,1,5.9
2,0.6160424354898781,3,1,0,0.014144442,1,5,1,1,5.9
3,-0.4596939871521642,5,1,0,0.08071118,0,0,1,0,21.84
2,0.5585237938904057,3,1,0,0.037060755,0,10,1,1,9.5667
1,-1.5705645241686657,9,1,2,0.053455158,0,14,0,0,7.905
2,-1.465203752310134,3,1,0,0.027157955,0,11,2,1,0.0
1,0.3908892672918888,9,1,2,0.032306341,0,8,2,0,0.0
1,1.1488197657620105,8,0,2,0.009776268,0,11,2,0,0.0
1,0.8730487859290602,9,1,2,0.046026479,0,0,1,0,6.888
1,-0.2611752085623365,8,0,2,0.037699423,1,4,1,0,2.2103
1,-1.444964941909119,9,1,2,0.098036903,1,3,1,0,6.800000000000001
1,1.347338544351838,6,0,1,0.159304333,0,14,0,1,4.79145
1,0.5664766966344924,9,1,2,0.034940979,1,3,1,0,4.752000000000001
1,-0.3324955100908307,2,0,1,0.00636189,0,0,1,1,9.289
2,0.31102766973225043,3,1,0,0.109153001,1,13,1,1,98.5625
3,-1.0825146770817122,5,1,0,0.01769927,1,4,0,0,6.141
1,-1.5924022293714672,6,0,1,0.066693437,1,13,1,1,36.31375
1,0.39513912967503784,9,1,2,0.012030747,1,3,1,0,13.76
1,0.5361392666653934,7,0,1,0.029223424,1,3,1,1,7.756
1,-0.6076780966367235,9,1,2,0.044321422,0,10,1,0,7.4217
0,0.5521282146832596,0,0,0,0.13689554,0,1,1,0,39.625
2,1.6347654672898124,3,1,0,0.03598621,1,5,1,1,3.4325
1,0.40469092722091105,1,2,0,0.075515154,1,4,1,0,6.026
1,0.836904170039872,7,0,1,0.016143389,1,9,2,1,0.0
1,-0.022767202457536318,2,0,1,0.068163102,0,8,2,1,0.0
1,1.8929486043031098,1,2,0,0.077659918,1,13,1,0,86.6875
0,0.08642132355647252,4,0,2,0.0708009757993644,0,14,0,0,2.8840500000000002
1,-0.4389499259937843,2,0,1,0.173573164,1,6,1,1,10.14
1,-1.240050584112145,6,0,1,0.070288365,1,13,1,1,61.75
1,-0.38517589602009666,2,0,1,0.0295762625,1,9,2,1,0.0
1,-1.2693359413016687,9,1,2,0.02775746,0,8,2,0,0.0
1,-0.42350779999812926,7,0,1,0.052517969,1,5,1,1,8.35
1,0.21143251252896172,2,0,1,0.049922304,1,4,1,1,3.3511
1,0.025158070331216,8,0,2,0.029722659,1,4,1,0,6.44
1,1.1945577504619187,8,0,2,0.069100548,0,1,1,0,39.625
1,-0.3628745113247767,6,0,1,0.071244438,1,5,1,1,5.25
3,-0.5108170495444898,5,1,0,0.038313981,1,6,1,0,8.0275
1,0.43342946238822405,6,0,1,0.141615436,1,3,1,1,15.080000000000002
0,1.9248433578091495,4,0,2,0.0708009757993644,1,9,2,0,0.0
1,1.21963481653314,8,0,2,0.070154899,1,4,1,0,7.682
3,-0.3889620789107274,5,1,0,0.020769677,1,4,1,0,6.026
0,0.8970737792207061,4,0,2,0.0708009757993644,0,0,1,0,28.279999999999998
1,-1.6520250165300905,9,1,2,0.012737719,0,10,1,0,9.0376
1,-0.2036565669628645,1,2,0,0.059751638,1,6,1,0,13.13
1,0.062437901529673115,9,1,2,0.007551607,1,4,1,0,8.05
1,-1.3874463003096467,6,0,1,0.021220113,0,7,0,1,41.875
1,0.8799911871584178,7,0,1,0.03382933,0,10,1,1,17.6605
3,-0.7652140036671562,5,1,0,0.073879939,1,9,2,0,0.0
1,0.8810848312028398,8,0,2,0.08073703,0,0,1,0,27.58
1,1.5352534526162167,9,1,2,0.059417055,1,9,2,0,0.0
1,0.8555025143742538,7,0,1,0.012483408,0,10,1,1,14.57885
1,0.48080791315476534,2,0,1,0.1904177144,1,6,1,1,8.547500000000001
1,1.1594652073523057,9,1,2,0.105181277,1,5,1,0,2.9225
1,-0.6540044746236893,1,2,0,0.044945123,1,13,1,0,53.9125
1,-0.32929772048725764,7,0,1,0.07051345459990613,0,0,1,1,9.289
2,0.27000322690800926,3,1,0,0.027458099,1,3,1,1,15.600000000000001
1,0.11936814984208763,6,0,1,0.091189915,1,13,1,1,63.4125
3,1.6139798348665866,5,1,0,0.067128641,0,14,0,0,3.9831
1,0.13325295230080283,2,0,1,0.140241213,1,5,1,1,6.675
1,-0.321344817743171,9,1,2,0.052257982,1,13,1,0,84.78750000000001
1,-0.713122011024948,8,0,2,0.039492207,1,13,1,0,39.87625
1,-0.6002720159148478,6,0,1,0.128065918,1,13,1,1,90.25
1,-0.5321079327250804,8,0,2,0.054986919,1,5,1,0,3.9525
1,1.9770600642458973,6,0,1,0.075736746,0,0,1,1,21.7
0,-0.25587327339961213,0,0,0,0.044024163,0,0,1,0,26.179999999999996
1,1.209453054435363,1,2,0,0.036295834,1,4,0,0,9.315000000000001
1,1.3707335730915797,7,0,1,0.030905215,1,3,1,1,6.736000000000001
1,-0.32130324647832453,9,1,2,0.006335942,0,0,1,0,9.289
3,1.7092835584218802,5,1,0,0.030118338,0,1,1,0,20.0
1,-0.28355973578734933,2,0,1,0.037901015,1,13,1,1,74.1
1,0.29983540611974424,1,2,0,0.15616879,0,10,1,0,24.595999999999997
1,-1.4917965706534493,6,0,1,0.03748996,0,0,1,1,9.52
0,1.3984616067441638,4,0,2,0.150238656,1,6,1,0,4.407
1,1.2818670000082792,1,2,0,0.175849067,1,6,1,0,12.902500000000002
2,-0.3181054568747512,3,1,0,0.09297084,0,1,1,1,11.9625
1,-0.6981851357866573,9,1,2,0.030198228,0,0,1,0,11.620000000000001
1,1.065801949863645,1,2,0,0.07376631,1,3,1,0,13.200000000000001
1,-0.5443106978523159,8,0,2,0.162242617,1,13,1,0,51.5375
1,0.3504116464898586,9,1,2,0.015900971,1,13,1,0,37.73875
0,-0.44378818166399087,0,0,0,0.05346916,1,3,1,0,6.1240000000000006
1,-0.18236568378227366,8,0,2,0.020718655,0,2,1,0,73.85000000000001
0,-0.403268989597114,4,0,2,0.0708009757993644,1,6,1,0,11.505
1,-0.8839127559621918,9,1,2,0.05281112,1,3,1,0,7.18
2,-1.6658266764591128,3,1,0,0.162147349,1,6,1,1,11.83
1,0.18807905505406627,8,0,2,0.046088273,0,8,2,0,0.0
0,-0.47732340123666345,4,0,2,0.124448295,0,14,0,0,3.7077
2,-1.4976453278383846,3,1,0,0.048403392,1,4,1,1,4.83
2,0.284393280124089,3,1,0,0.025512207,1,6,1,1,3.93575
1,0.5063486587185048,8,0,2,0.00704098,0,15,1,0,19.08
1,0.21357822935295925,9,1,2,0.105018817,1,13,1,0,79.5625
1,0.8236077608682143,2,0,1,0.03066757,0,8,2,1,0.0
1,0.2742530892911578,7,0,1,0.063017847,0,14,0,1,6.4515
1,-0.8919072299711249,7,0,1,0.035264298,0,8,2,1,0.0
1,-0.6316199473986764,2,0,1,0.005505481,1,5,1,1,4.445
0,-1.4566624562789896,0,0,0,0.0708009757993644,0,0,1,0,13.72
2,-1.2538938153060137,3,1,0,0.010674255,0,10,1,1,8.8231
1,1.730069190845106,7,0,1,0.066431507,1,6,1,1,11.83
1,-0.6055323798127259,7,0,1,0.023783007,0,0,1,1,19.599999999999998
1,0.7011228256825477,8,0,2,0.047936284,1,6,1,0,13.39
0,-0.522556135179207,0,0,0,0.028519419,0,8,2,0,0.0
0,-0.025376598774051917,4,0,2,0.029299175,0,10,1,0,25.025
1,0.4653657871591101,7,0,1,0.09557165,0,14,0,1,7.2165
3,-0.7237258813503967,5,1,0,0.016910914,1,9,2,0,0.0
1,-0.31919910091917325,7,0,1,0.064240743,0,8,2,1,0.0
2,-0.21914026422336624,3,1,0,0.143688905,0,2,1,1,54.6
1,-0.35008335291048376,1,2,0,0.072238195,1,5,1,0,2.8825
2,-0.6742017137598579,3,1,0,0.008871687,1,5,1,1,4.34
0,-0.5113223003018543,4,0,2,0.07051345459990613,1,5,1,0,3.9525
1,1.4272001419114762,2,0,1,0.08849163,1,4,0,1,6.486
1,0.23280653823924505,6,0,1,0.020573334,0,14,0,1,4.4803500000000005
2,-0.23563446299859703,3,1,0,0.096185556,1,5,1,1,2.9925
0,0.34081827767913897,4,0,2,0.0708009757993644,1,6,1,0,4.943250000000001
1,1.35322887280162,7,0,1,0.128543405,0,0,1,1,13.573
1,0.5031508691149312,8,0,2,0.12253286233333334,1,6,1,0,10.790000000000001
1,-1.3890451951114335,9,1,2,0.10234983,1,6,1,0,3.9845
1,-1.061182222636275,2,0,1,0.037845086,0,0,1,1,10.423
0,0.200870213468359,4,0,2,0.112161697,1,3,1,0,11.600000000000001
1,1.0530107914493523,8,0,2,0.014626901,1,3,1,0,10.68
0,0.09866565994855424,4,0,2,0.0708009757993644,1,13,1,0,80.03750000000001
1,-0.7322671773815409,1,2,0,0.128709014,0,15,1,0,12.15
1,-0.38782686360145896,7,0,1,0.008578539,0,8,2,1,0.0
1,-1.4077266819755083,1,2,0,0.011180713,0,11,2,0,0.0
1,-1.0132569498475228,6,0,1,0.185824165,0,0,1,1,17.29
0,-0.3223968905227465,4,0,2,0.081197035,0,1,1,0,37.5
2,0.4488300171190328,3,1,0,0.105725004,1,13,1,1,74.1
0,-1.3746551418953539,4,0,2,0.1575039298,1,4,1,0,2.4495
3,0.1933809902167904,5,1,0,0.061686402,1,4,0,0,6.67
1,-0.14992410825402305,9,1,2,0.012282366,1,13,1,0,71.9625
3,0.2700447981728557,5,1,0,0.157701958,0,10,1,0,17.6605
1,0.4866566703397005,7,0,1,0.02494708,0,0,1,1,14.42
2,0.19548513577594193,3,1,0,0.151467821,0,10,1,1,8.3798
1,-0.006231432417459054,1,2,0,0.159803853,1,5,1,0,5.0975
0,0.16253830949032635,0,0,0,0.149895348,1,13,1,0,39.2825
1,-1.0430891290592574,9,1,2,0.030174246,1,3,1,0,9.68
3,0.5339935498413954,5,1,0,0.02557790366666667,1,4,0,0,2.7738
1,-0.25583170213476564,1,2,0,0.075132353,1,13,1,0,86.6875
2,0.8039157724894099,3,1,0,0.076354362,1,5,1,1,6.325
3,-0.46348017004279496,5,1,0,0.074806196,1,4,1,0,2.645
3,0.516447278286589,5,1,0,0.044606379,1,13,1,0,52.725
1,1.6624103584127035,1,2,0,0.026598474,1,9,2,0,0.0
1,0.344562889304923,6,0,1,0.058414678,1,6,1,1,7.897500000000001
1,0.48934920918590946,6,0,1,0.135707553,1,6,1,1,11.05
1,1.382514229991144,1,2,0,0.042524835,1,6,1,0,4.78725
1,-0.3767177425186454,2,0,1,0.112859454,1,3,1,1,10.0
1,-0.5459511639189489,1,2,0,0.013584408,1,6,1,0,10.465000000000002
1,1.065801949863645,7,0,1,0.014656564,1,3,1,1,10.68
1,-1.0942121914515832,1,2,0,0.0384429222,0,14,0,0,8.262
1,0.3270166177501167,6,0,1,0.03112791366666667,1,6,1,1,3.93575
2,-0.5167073779942716,3,1,0,0.022155562,1,4,1,1,7.682
0,1.1924120336379211,4,0,2,0.037131628,1,3,1,0,12.16
1,-0.478375474016239,6,0,1,0.070767174,0,14,0,1,2.3409
1,1.3622754195901285,9,1,2,0.062508438,1,6,1,0,10.627500000000001
1,0.6053554226347361,7,0,1,0.018059621,1,5,1,1,9.875
2,-0.2515818397516168,3,1,0,0.0645285495,0,8,2,1,0.0
3,0.2061721486310836,5,1,0,0.140571971,1,13,1,0,28.66625
1,-0.9935649614687186,6,0,1,0.07965650066666667,1,3,1,1,7.2
1,1.96052429420582,9,1,2,0.070149088,1,4,1,0,4.738
1,1.6874458532190784,1,2,0,0.119285634,1,5,1,0,8.5
1,-0.8621581932890828,7,0,1,0.062979148,0,0,1,1,24.29
3,-0.6364166318040363,5,1,0,0.005448005,1,5,1,0,4.445
3,0.02999632600142253,5,1,0,0.022351808,0,10,1,0,9.85985
2,-1.2197702024462833,3,1,0,0.027827268,0,8,2,1,0.0
3,0.14604411071509557,5,1,0,0.024766802,1,9,2,0,0.0
1,0.8070719908281371,1,2,0,0.096799953,1,9,2,0,0.0
3,0.02785060917742454,5,1,0,0.026440214,1,3,1,0,13.600000000000001
1,0.5776689602469991,7,0,1,0.031962866,1,4,1,1,2.9348
2,1.9706644850387502,3,1,0,0.076059648,0,0,1,1,21.7
1,0.32802711926484573,7,0,1,0.11681635425,0,0,1,1,14.7
1,1.7108824532236666,8,0,2,0.020391845,1,13,1,0,35.245
1,-0.7737552996983004,9,1,2,0.160216552,1,13,1,0,34.98375
1,-0.7599536397692781,8,0,2,0.179077475,0,10,1,0,8.83025
1,-0.4192995088798267,9,1,2,0.010454459,1,3,1,0,5.140000000000001
1,1.4612406122415138,8,0,2,0.014825605,1,6,1,0,13.227500000000001
2,-0.38462907399788565,3,1,0,0.028837829,1,3,1,1,7.916
2,-0.5693877639235373,3,1,0,0.069742672,0,14,0,1,6.273000000000001
0,0.6920762788940391,4,0,2,0.010615026,1,5,1,0,6.55
1,0.7687816581149508,8,0,2,0.094219593,0,14,0,0,6.885
2,-0.9499311223279616,3,1,0,0.041273236,1,3,1,1,5.5840000000000005
1,0.8411124611581742,8,0,2,0.173481304,1,13,1,0,71.725
2,-0.6322083406857338,3,1,0,0.146767897,0,10,1,1,14.729000000000001
1,-0.015824801228178722,9,1,2,0.054318517,1,13,1,0,86.6875
1,-1.7318866140897289,2,0,1,0.030527166,0,8,2,1,0.0
1,1.2313323309030109,8,0,2,0.048027043,0,1,1,0,33.375
2,-1.6637225308999615,3,1,0,0.048957533,1,6,1,1,13.455
1,0.1832823706487062,8,0,2,0.02705936,0,14,0,0,4.3452
1,-0.25057133823688776,2,0,1,0.050335829,0,8,2,1,0.0
1,1.665102897258912,9,1,2,0.131383762,1,5,1,0,6.075
1,0.3009290501641662,9,1,2,0.09735225,1,13,1,0,68.875
3,-0.43474163487548195,5,1,0,0.029380407,1,9,2,0,0.0
1,0.37060888562602745,1,2,0,0.032511818,0,10,1,0,23.3805
1,0.48026109113255433,8,0,2,0.058730831,0,0,1,0,16.31
1,-0.8812617883808295,6,0,1,0.090278634,1,9,2,1,0.0
1,-0.8988080599356361,6,0,1,0.105577348,1,6,1,1,4.2835
1,-0.26066995780497193,9,1,2,0.034726222,1,9,2,0,0.0
1,0.717111773700414,8,0,2,0.029372367,0,1,1,0,14.850000000000001
2,-0.14937728623181207,3,1,0,0.048526888,0,0,1,1,7.650999999999999
0,1.9935542630211276,4,0,2,0.0708009757993644,1,3,1,0,5.172000000000001
1,-0.18186043302490912,7,0,1,0.054594957,0,1,1,1,21.5
0,-1.3507132911334008,4,0,2,0.067441726,1,4,1,0,5.336
1,-1.667467142525746,1,2,0,0.098910759,1,5,1,0,6.425
1,1.373384540672942,6,0,1,0.036530411,1,9,2,1,0.0
1,-0.8179359608612684,7,0,1,0.036463975,1,13,1,1,80.03750000000001
2,-1.0803689602577145,3,1,0,0.03024904566666667,1,9,2,1,0.0
1,0.8730903571939067,7,0,1,0.008811818,1,9,2,1,0.0
1,1.4223618862412701,1,2,0,0.060017128,1,9,2,0,0.0
1,-0.47892229603845,9,1,2,0.071188446,0,14,0,0,3.7077
2,0.24770184221268932,3,1,0,0.073490977,1,3,1,1,14.4
1,-1.6019955981821872,7,0,1,0.0919385255,1,13,1,1,36.31375
1,-1.50673344589174,6,0,1,0.171355643,1,6,1,1,9.5225
1,-0.5683356911439618,8,0,2,0.078060601,0,10,1,0,13.14885
1,-1.534336765749784,1,2,0,0.110135138,1,4,0,0,4.0365
1,-0.8525232532135167,9,1,2,0.044566659,1,4,1,0,9.131
3,0.9125159052163613,5,1,0,0.116762173,1,3,1,0,3.9240000000000004
1,0.4499652324283013,9,1,2,0.019536981,1,9,2,0,0.0
1,-0.4368042091697868,6,0,1,0.067141355,1,9,2,1,0.0
1,1.5480446110305093,1,2,0,0.019018943,1,13,1,0,72.2
0,0.04703734679886432,0,0,0,0.172365428,0,0,1,0,12.838
1,-0.5427949455802223,8,0,2,0.04688734,0,0,1,0,11.732000000000001
2,0.8703978183476981,3,1,0,0.08339896233333333,1,6,1,1,10.627500000000001
0,1.1258884165147867,0,0,0,0.09512291,1,13,1,0,32.60875
1,1.6188180905367926,6,0,1,0.052329172,0,10,1,1,21.593
1,1.0428706006164217,6,0,1,0.159165324,1,4,1,1,3.4063000000000003
1,0.8778870415992668,2,0,1,0.091074449,1,9,2,1,0.0
0,-0.8999432752449045,4,0,2,0.0708009757993644,1,6,1,0,9.165000000000001
1,1.8519241614788682,7,0,1,0.013664703,1,5,1,1,8.75
0,-1.591308585327045,4,0,2,0.185008985,1,6,1,0,9.815
1,1.7071378415978826,7,0,1,0.034823127,1,4,1,1,8.165000000000001
1,-0.026470242818474373,6,0,1,0.055829496,1,9,2,1,0.0
3,-0.391024653205032,5,1,0,0.096592065,0,8,2,0,0.0
2,1.2573783272241152,3,1,0,0.058707159,1,9,2,1,0.0
0,0.27000322690800926,0,0,0,0.049498821,1,13,1,0,46.05125
1,-0.5374514391526513,9,1,2,0.08509812,1,13,1,0,33.4875
1,-0.842929884402797,7,0,1,0.065339802,1,6,1,1,9.295
1,-0.757302672187916,7,0,1,0.011636708,1,5,1,1,8.85
1,0.15555433699612228,8,0,2,0.011820087,1,9,2,0,0.0
1,-1.6407911816527379,1,2,0,0.012138795,1,6,1,0,4.03975
1,0.45581398961323644,2,0,1,0.142443405,1,3,1,1,15.080000000000002
1,-1.3103188128610637,1,2,0,0.007342171,1,5,1,0,3.1825
1,1.0992955981714716,1,2,0,0.038531668,1,6,1,0,12.415000000000001
1,-0.8849648287417673,2,0,1,0.020833091,0,1,1,1,32.875
1,-1.6019955981821872,8,0,2,0.006765149,1,9,2,0,0.0
1,-0.35063017493269477,2,0,1,0.008997141,0,10,1,1,15.729999999999999
1,0.6463382941941308,6,0,1,0.091560606,0,10,1,1,26.740999999999996
1,0.7240126036649251,1,2,0,0.014200671,1,13,1,0,45.6
1,-0.23559289173375056,8,0,2,0.093655728,1,13,1,0,56.050000000000004
2,0.10022298348549431,3,1,0,0.09328299320000001,1,6,1,1,4.563
1,-1.596652091754616,1,2,0,0.041214746,1,3,1,0,11.600000000000001
2,-1.4614591406843498,3,1,0,0.14118383,0,0,1,1,13.72
1,-0.5225145639143608,7,0,1,0.055098434,1,5,1,1,3.9525
